timestamp,actual,Seasonal Naive,Holt-Winters,XGBoost (nowcast),XGBoost (day-ahead),LSTM,Ensemble
2010-01-01 00:00:00,1.0858666666666668,0.3377,1.327287279093403,1.67363,0.7686736,0.67392457,0.72129905
2010-01-01 01:00:00,0.6512333333333333,0.3720333333333333,1.30691864703027,0.53132874,0.8012197,0.58136743,0.6912936
2010-01-01 02:00:00,0.6346,0.3641,1.3017483732411927,0.4914486,0.7968604,0.5545638,0.6757121
2010-01-01 03:00:00,0.653,0.3639333333333333,1.2963763492228406,0.5988661,0.7754482,0.484779,0.6301136
2010-01-01 04:00:00,0.6460666666666667,0.3194666666666667,1.3098918026451378,0.59168184,0.7844829,0.44100875,0.6127458
2010-01-01 05:00:00,0.6284,0.9581333333333332,1.4485446806940097,0.5515568,0.78676546,0.5257824,0.65627396
2010-01-01 06:00:00,0.6110666666666666,0.4272999999999999,1.6919156076130513,0.860099,1.0857657,0.9530959,1.0194309
2010-01-01 07:00:00,0.6125333333333334,1.2470333333333334,2.6148242724300985,0.9588083,1.3507185,1.803478,1.5770983
2010-01-01 08:00:00,0.6601,1.6306333333333332,2.8751998511979937,1.1663706,1.6352307,2.0009537,1.8180921
2010-01-01 09:00:00,0.6060666666666668,1.8775333333333333,2.726167044180774,1.443439,2.0251408,1.7123716,1.8687562
2010-01-01 10:00:00,1.4718666666666669,2.0670333333333333,2.3310661093192255,1.2131402,2.0700219,1.5468752,1.8084486
2010-01-01 11:00:00,0.8345333333333333,1.6127,2.2756011290690226,1.2149379,1.4324157,1.4854431,1.4589294
2010-01-01 12:00:00,0.6063333333333334,1.5583,2.2332607172663748,1.4322966,1.7213513,1.4570006,1.5891759
2010-01-01 13:00:00,1.2522666666666666,2.0521666666666665,2.1298894180262153,1.0103993,1.4200274,1.4496938,1.4348606
2010-01-01 14:00:00,1.9565333333333332,1.4569,2.066115511726716,1.8505334,1.5726258,1.4503448,1.5114853
2010-01-01 15:00:00,0.7524333333333334,1.5181,2.1161735104250674,2.151418,1.9779207,1.505307,1.7416139
2010-01-01 16:00:00,2.8009333333333335,1.4160333333333337,2.077198744846061,1.3968977,1.4579443,1.6002519,1.529098
2010-01-01 17:00:00,1.1622,1.8123,2.3915765032074345,2.2610245,1.8543127,1.7812295,1.8177711
2010-01-01 18:00:00,0.4930666666666666,2.9678666666666667,2.718732032177383,2.5393088,2.26148,2.0501187,2.1557994
2010-01-01 19:00:00,0.4070666666666666,3.0628666666666664,2.9841530474743974,1.0496986,2.3986435,2.254907,2.326775
2010-01-01 20:00:00,0.4327666666666667,2.8425,2.9177383698882386,0.87311864,2.1392484,2.125769,2.1325088
2010-01-01 21:00:00,0.4546666666666666,2.8753666666666664,2.7677044334564362,0.92142695,2.1458924,1.6722357,1.909064
2010-01-01 22:00:00,0.4023,2.0343666666666667,2.185934158571175,0.7684365,1.2616531,1.1961575,1.2289052
2010-01-01 23:00:00,0.5883,1.6905,1.6457948938430145,0.4842363,0.8121284,0.7701086,0.7911185
2010-01-02 00:00:00,1.183,1.0858666666666668,1.3252075459983097,0.5983675,0.7443693,0.4820162,0.6131928
2010-01-02 01:00:00,0.3041999999999999,0.6512333333333333,1.3048389139351773,0.26555675,0.5798318,0.39014214,0.48498696
2010-01-02 02:00:00,0.3183666666666667,0.6346,1.2996686401461,0.37535787,0.6156146,0.3103276,0.4629711
2010-01-02 03:00:00,0.3101666666666666,0.653,1.2942966161277478,0.37102172,0.5874555,0.25255495,0.42000523
2010-01-02 04:00:00,0.3329333333333333,0.6460666666666667,1.307812069550045,0.43203947,0.41476566,0.2961684,0.35546702
2010-01-02 05:00:00,0.3152999999999999,0.6284,1.4464649475989164,0.4003875,0.36862358,0.47981834,0.42422098
2010-01-02 06:00:00,0.2981999999999999,0.6110666666666666,1.689835874517958,0.5669763,0.6222327,1.0029358,0.8125842
2010-01-02 07:00:00,0.3378666666666667,0.6125333333333334,2.6127445393350053,0.57464045,0.97620815,1.5774311,1.2768196
2010-01-02 08:00:00,0.4629,0.6601,2.8731201181029005,0.78456175,1.3316872,1.8037325,1.5677099
2010-01-02 09:00:00,1.3240333333333332,0.6060666666666668,2.7240873110856807,1.0595175,1.778641,1.7536423,1.7661417
2010-01-02 10:00:00,1.2956333333333334,1.4718666666666669,2.3289863762241323,1.2229835,2.1301577,1.7783885,1.9542731
2010-01-02 11:00:00,0.3910333333333333,0.8345333333333333,2.2735213959739293,1.1916308,1.9674087,1.9145763,1.9409925
2010-01-02 12:00:00,0.3369999999999999,0.6063333333333334,2.231180984171282,0.87225837,2.059554,2.0455594,2.0525568
2010-01-02 13:00:00,0.3019666666666666,1.2522666666666666,2.1278096849311225,0.7808552,2.0087526,2.0798948,2.0443237
2010-01-02 14:00:00,0.364,1.9565333333333332,2.0640357786316232,0.73839366,2.0291762,2.0801163,2.0546463
2010-01-02 15:00:00,0.3483333333333333,0.7524333333333334,2.114093777329974,0.5776653,1.6114216,2.102317,1.8568693
2010-01-02 16:00:00,0.4346333333333333,2.8009333333333335,2.0751190117509677,0.85903203,1.8738685,2.2016768,2.0377727
2010-01-02 17:00:00,2.3318,1.1622,2.3894967701123413,0.8731838,1.9890244,2.4882855,2.238655
2010-01-02 18:00:00,3.5251525423728816,0.4930666666666666,2.71665229908229,3.0918252,2.4315195,2.9488297,2.6901746
2010-01-02 19:00:00,2.067066666666667,0.4070666666666666,2.982073314379304,3.3390508,2.490944,3.1656551,2.8282995
2010-01-02 20:00:00,2.214,0.4327666666666667,2.9156586367931454,2.2529747,2.543341,2.9469476,2.7451444
2010-01-02 21:00:00,1.4057,0.4546666666666666,2.765624700361343,2.1750824,2.489431,2.385396,2.4374135
2010-01-02 22:00:00,1.0638333333333334,0.4023,2.183854425476082,1.3625245,1.8790097,1.7079041,1.7934569
2010-01-02 23:00:00,0.6055666666666667,0.5883,1.6437151607479217,0.8676101,1.6754818,1.2118503,1.443666
2010-01-03 00:00:00,0.4016666666666666,1.183,1.323127812903217,0.6558215,1.6722277,0.81225157,1.2422397
2010-01-03 01:00:00,0.5509333333333333,0.3041999999999999,1.302759180840084,0.4223735,1.140477,0.7036344,0.92205566
2010-01-03 02:00:00,0.7138333333333333,0.3183666666666667,1.2975889070510067,0.6046939,1.0258287,0.5678625,0.7968456
2010-01-03 03:00:00,0.3700666666666666,0.3101666666666666,1.2922168830326546,0.43462157,0.9493449,0.44174528,0.6955451
2010-01-03 04:00:00,0.3394333333333333,0.3329333333333333,1.3057323364549518,0.38606334,0.9202848,0.43979478,0.68003976
2010-01-03 05:00:00,0.3474333333333333,0.3152999999999999,1.4443852145038232,0.4928301,0.9608332,0.5048944,0.7328638
2010-01-03 06:00:00,0.3389666666666667,0.2981999999999999,1.6877561414228648,0.5956415,0.9681948,0.6408609,0.8045279
2010-01-03 07:00:00,0.3551,0.3378666666666667,2.610664806239912,0.5367213,1.2878023,0.94422436,1.1160133
2010-01-03 08:00:00,0.8439666666666666,0.4629,2.8710403850078077,0.7530535,1.4405602,1.2578112,1.3491857
2010-01-03 09:00:00,1.1747333333333332,1.3240333333333332,2.722007577990588,1.3335788,1.5596861,1.4132968,1.4864914
2010-01-03 10:00:00,3.0859,1.2956333333333334,2.3269066431290395,1.0793538,1.6597788,1.477254,1.5685165
2010-01-03 11:00:00,2.608566666666667,0.3910333333333333,2.2714416628788365,2.605687,1.7782393,1.5175177,1.6478784
2010-01-03 12:00:00,2.978133333333333,0.3369999999999999,2.2291012510761887,2.2475674,1.7339183,1.609842,1.6718801
2010-01-03 13:00:00,2.0765,0.3019666666666666,2.1257299518360293,2.285759,1.8004357,1.6943233,1.7473795
2010-01-03 14:00:00,2.870733333333334,0.364,2.06195604553653,2.4837182,1.5123112,1.7800927,1.646202
2010-01-03 15:00:00,1.8027,0.3483333333333333,2.112014044234881,1.720001,1.703164,1.9140651,1.8086145
2010-01-03 16:00:00,2.0489333333333333,0.4346333333333333,2.0730392786558745,1.7182204,1.382393,2.0664625,1.7244277
2010-01-03 17:00:00,1.8048333333333335,2.3318,2.387417037017248,2.2059064,1.795169,2.3381324,2.0666506
2010-01-03 18:00:00,1.2149666666666663,3.5251525423728816,2.7145725659871967,2.2194116,2.4955146,2.891972,2.6937432
2010-01-03 19:00:00,2.6398333333333337,2.067066666666667,2.9799935812842113,1.9851568,2.6832733,3.2057896,2.9445314
2010-01-03 20:00:00,3.2498,2.214,2.9135789036980526,2.6833947,2.6314228,3.0975592,2.864491
2010-01-03 21:00:00,2.004766666666667,1.4057,2.76354496726625,2.4038823,2.4291222,2.639646,2.5343843
2010-01-03 22:00:00,0.5486333333333333,1.0638333333333334,2.181774692380989,1.3328036,1.9975687,1.9887214,1.993145
2010-01-03 23:00:00,0.3537999999999999,0.6055666666666667,1.6416354276528284,0.6440423,1.2116754,1.4363942,1.3240348
2010-01-04 00:00:00,0.3997,0.4016666666666666,1.3210480798081237,0.44877306,0.6044376,1.1141855,0.8593115
2010-01-04 01:00:00,0.3741,0.5509333333333333,1.3006794477449908,0.45854983,0.60286665,0.65443265,0.62864965
2010-01-04 02:00:00,0.3548333333333333,0.7138333333333333,1.2955091739559135,0.4842536,0.60949385,0.58799505,0.59874445
2010-01-04 03:00:00,0.901,0.3700666666666666,1.2901371499375613,0.5125313,0.53684,0.44649225,0.49166614
2010-01-04 04:00:00,0.3906666666666666,0.3394333333333333,1.3036526033598586,0.16720904,0.52293664,0.27336067,0.39814866
2010-01-04 05:00:00,0.3498,0.3474333333333333,1.4423054814087304,0.42340478,0.5212135,0.19278568,0.35699958
2010-01-04 06:00:00,0.9738333333333332,0.3389666666666667,1.685676408327772,0.64480805,0.7634644,0.52077705,0.6421207
2010-01-04 07:00:00,2.6496,0.3551,2.6085850731448192,1.5246392,1.0718358,1.6034247,1.3376303
2010-01-04 08:00:00,1.4795333333333334,0.8439666666666666,2.8689606519127144,1.7910442,1.5241809,2.0410028,1.7825918
2010-01-04 09:00:00,1.4785,1.1747333333333332,2.7199278448954947,1.4006449,1.5653396,1.7247391,1.6450393
2010-01-04 10:00:00,1.4766666666666666,3.0859,2.3248269100339463,1.2857347,1.681,1.591613,1.6363065
2010-01-04 11:00:00,1.485,2.608566666666667,2.2693619297837433,1.5246904,1.244576,1.5816683,1.4131222
2010-01-04 12:00:00,1.2822333333333331,2.978133333333333,2.2270215179810955,1.3521827,1.2493352,1.5610868,1.405211
2010-01-04 13:00:00,0.3536,2.0765,2.123650218740936,0.91363263,1.1673307,1.4863229,1.3268268
2010-01-04 14:00:00,0.4044,2.870733333333334,2.0598763124414368,0.27632204,1.020521,1.3872972,1.2039092
2010-01-04 15:00:00,0.3750333333333333,1.8027,2.109934311139788,0.45143113,1.3174318,1.2720734,1.2947526
2010-01-04 16:00:00,0.3577333333333333,2.0489333333333333,2.0709595455607817,0.57236993,1.4396108,1.2223238,1.3309673
2010-01-04 17:00:00,0.7720333333333333,1.8048333333333335,2.3853373039221553,0.78580743,1.3329209,1.3420379,1.3374794
2010-01-04 18:00:00,1.6523666666666663,1.2149666666666663,2.712492832892104,1.4553399,1.7666156,1.6817439,1.7241797
2010-01-04 19:00:00,2.4833,2.6398333333333337,2.977913848189118,2.3243687,2.4251242,2.1029956,2.26406
2010-01-04 20:00:00,1.9331333333333336,3.2498,2.9114991706029594,2.2380865,2.4579425,2.20927,2.3336062
2010-01-04 21:00:00,1.6252,2.004766666666667,2.761465234171157,2.2438679,1.9088981,1.7583663,1.8336322
2010-01-04 22:00:00,2.0961666666666665,0.5486333333333333,2.1796949592858956,1.1999025,0.9320311,0.97857594,0.95530355
2010-01-04 23:00:00,1.0871,0.3537999999999999,1.6395556945577352,0.9105228,0.69336444,0.50073606,0.59705025
2010-01-05 00:00:00,0.3830333333333333,0.3997,1.3189683467130304,0.4709673,0.40106255,0.34440225,0.3727324
2010-01-05 01:00:00,0.3806666666666666,0.3741,1.298599714649898,0.46396172,0.49116755,0.26418722,0.37767738
2010-01-05 02:00:00,0.3666333333333333,0.3548333333333333,1.2934294408608207,0.39884767,0.49944097,0.30830032,0.40387064
2010-01-05 03:00:00,0.3426666666666666,0.901,1.2880574168424685,0.47942287,0.46970162,0.36368144,0.41669154
2010-01-05 04:00:00,0.3361,0.3906666666666666,1.3015728702647658,0.5157291,0.46577263,0.4129299,0.43935126
2010-01-05 05:00:00,0.3149333333333333,0.3498,1.4402257483136371,0.4333582,0.5007206,0.52378684,0.51225376
2010-01-05 06:00:00,1.2230333333333334,0.9738333333333332,1.6835966752326788,1.1090245,0.93336654,1.0015936,0.96748006
2010-01-05 07:00:00,2.356,2.6496,2.606505340049726,1.7898102,1.6448698,1.9297556,1.7873127
2010-01-05 08:00:00,2.757766666666667,1.4795333333333334,2.866880918817621,2.018212,1.5367002,2.0168664,1.7767833
2010-01-05 09:00:00,2.1940999999999997,1.4785,2.7178481118004014,2.331383,1.8919394,1.7333152,1.8126273
2010-01-05 10:00:00,1.5497666666666667,1.4766666666666666,2.322747176938853,1.6878916,1.9573059,1.6610539,1.8091799
2010-01-05 11:00:00,1.5920666666666667,1.485,2.26728219668865,1.5420429,1.7005124,1.6401696,1.670341
2010-01-05 12:00:00,1.5269666666666666,1.2822333333333331,2.2249417848860027,1.6120747,1.8561158,1.6434377,1.7497768
2010-01-05 13:00:00,1.5508666666666668,0.3536,2.1215704856458433,1.447161,1.2872097,1.6448512,1.4660305
2010-01-05 14:00:00,1.7643666666666666,0.4044,2.057796579346344,1.5284098,1.5620911,1.655355,1.608723
2010-01-05 15:00:00,1.8659,0.3750333333333333,2.107854578044695,1.7987963,1.4976894,1.6391522,1.5684208
2010-01-05 16:00:00,2.415666666666666,0.3577333333333333,2.0688798124656884,1.7601491,1.4594821,1.6257124,1.5425973
2010-01-05 17:00:00,2.7959,0.7720333333333333,2.383257570827062,2.2410254,1.6064262,1.6016085,1.6040174
2010-01-05 18:00:00,2.608566666666667,1.6523666666666663,2.7104130997970106,2.5468545,2.189995,1.7755,1.9827476
2010-01-05 19:00:00,2.060133333333334,2.4833,2.975834115094025,2.4395149,2.4198337,2.1694372,2.2946353
2010-01-05 20:00:00,1.4498333333333333,1.9331333333333336,2.909419437507866,1.8876345,2.1858866,2.4156125,2.3007495
2010-01-05 21:00:00,1.5949666666666669,1.6252,2.7593855010760637,1.7447922,2.0429103,2.2337182,2.1383142
2010-01-05 22:00:00,2.9155666666666664,2.0961666666666665,2.177615226190803,1.3426898,1.4313761,1.7504466,1.5909114
2010-01-05 23:00:00,0.6508333333333333,1.0871,1.6374759614626424,1.565052,0.9551624,1.1486642,1.0519133
2010-01-06 00:00:00,0.8409333333333333,0.3830333333333333,1.3168886136179376,0.7712386,0.5421403,0.76625085,0.65419555
2010-01-06 01:00:00,0.3057333333333333,0.3806666666666666,1.2965199815548047,0.30259487,0.5014078,0.65229344,0.57685065
2010-01-06 02:00:00,0.3505333333333333,0.3666333333333333,1.2913497077657274,0.4286086,0.537816,0.6258056,0.58181083
2010-01-06 03:00:00,0.2895333333333333,0.3426666666666666,1.2859776837473753,0.34335446,0.5269198,0.5765145,0.55171716
2010-01-06 04:00:00,0.3140333333333333,0.3361,1.2994931371696725,0.5080453,0.47789833,0.5682632,0.52308077
2010-01-06 05:00:00,0.3718666666666667,0.3149333333333333,1.438146015218544,0.5392098,0.52281743,0.6666313,0.59472436
2010-01-06 06:00:00,1.615033333333333,1.2230333333333334,1.6815169421375855,1.3769587,1.0196583,1.0772973,1.0484779
2010-01-06 07:00:00,2.5928666666666667,2.356,2.6044256069546328,1.8670598,1.6010346,1.7896125,1.6953236
2010-01-06 08:00:00,1.3966666666666667,2.757766666666667,2.8648011857225284,1.9978335,1.894521,2.0078888,1.9512049
2010-01-06 09:00:00,1.4173,2.1940999999999997,2.7157683787053086,1.419021,1.6929625,1.8176587,1.7553105
2010-01-06 10:00:00,1.7487,1.5497666666666667,2.3206674438437602,1.7215618,1.7321309,1.6624752,1.697303
2010-01-06 11:00:00,1.8101,1.5920666666666667,2.2652024635935573,2.3459609,1.7556404,1.5870093,1.6713248
2010-01-06 12:00:00,1.107,1.5269666666666666,2.2228620517909095,2.0648313,1.792359,1.5455003,1.6689296
2010-01-06 13:00:00,1.1509666666666667,1.5508666666666668,2.11949075255075,1.0144622,1.3797368,1.5327435,1.4562402
2010-01-06 14:00:00,2.1142,1.7643666666666666,2.0557168462512507,1.5933224,1.3260564,1.5161678,1.4211121
2010-01-06 15:00:00,0.4619333333333333,1.8659,2.1057748449496017,1.1224406,1.1132156,1.487071,1.3001432
2010-01-06 16:00:00,0.3742333333333333,2.415666666666666,2.066800079370595,1.1486895,1.3552988,1.4593875,1.4073431
2010-01-06 17:00:00,1.2201,2.7959,2.381177837731969,0.69722354,1.3939663,1.5810308,1.4874985
2010-01-06 18:00:00,0.7700666666666667,2.608566666666667,2.7083333667019174,1.3398949,1.9846752,1.849231,1.9169531
2010-01-06 19:00:00,1.4800666666666666,2.060133333333334,2.973754381998932,1.4704202,2.4047155,2.164506,2.2846107
2010-01-06 20:00:00,3.390633333333333,1.4498333333333333,2.9073397044127733,2.2157636,2.1274123,2.2120852,2.1697488
2010-01-06 21:00:00,2.5981333333333336,1.5949666666666669,2.757305767980971,2.5603771,2.1769903,1.9428241,2.0599072
2010-01-06 22:00:00,1.3137666666666663,2.9155666666666664,2.1755354930957096,1.1579186,1.3979834,1.441406,1.4196947
2010-01-06 23:00:00,0.5852666666666667,0.6508333333333333,1.6353962283675492,0.51006836,0.636646,0.8261793,0.73141265
2010-01-07 00:00:00,0.3341,0.8409333333333333,1.3148088805228444,0.58124715,0.39181873,0.5490285,0.47042364
2010-01-07 01:00:00,0.3224,0.3057333333333333,1.2944402484597115,0.41955376,0.39056388,0.52597165,0.45826775
2010-01-07 02:00:00,0.3732666666666667,0.3505333333333333,1.2892699746706342,0.42111495,0.36103112,0.52519935,0.44311523
2010-01-07 03:00:00,0.3083,0.2895333333333333,1.283897950652282,0.36969468,0.35477406,0.4904861,0.42263007
2010-01-07 04:00:00,0.3187666666666667,0.3140333333333333,1.2974134040745793,0.45842642,0.34065527,0.48381335,0.4122343
2010-01-07 05:00:00,0.4541333333333333,0.3718666666666667,1.436066282123451,0.5174158,0.36614507,0.5886705,0.47740778
2010-01-07 06:00:00,1.0513,1.615033333333333,1.6794372090424927,1.1707336,0.7536379,0.9646047,0.8591213
2010-01-07 07:00:00,1.8885333333333336,2.5928666666666667,2.60234587385954,1.8677511,1.6590914,1.6996975,1.6793945
2010-01-07 08:00:00,1.8627,1.3966666666666667,2.862721452627435,1.8532382,1.6779565,2.021636,1.8497963
2010-01-07 09:00:00,1.4455333333333331,1.4173,2.7136886456102154,1.6225625,1.6413444,1.702254,1.6717992
2010-01-07 10:00:00,1.4256,1.7487,2.318587710748667,1.4107977,1.7406414,1.4618285,1.6012349
2010-01-07 11:00:00,1.3674,1.8101,2.263122730498464,1.4178855,1.4314663,1.3620579,1.3967621
2010-01-07 12:00:00,1.3889,1.107,2.220782318695816,1.3398545,1.3661882,1.3217279,1.343958
2010-01-07 13:00:00,1.4569,1.1509666666666667,2.117411019455657,1.248077,1.343288,1.2947192,1.3190036
2010-01-07 14:00:00,0.5441333333333334,2.1142,2.0536371131561575,1.2631584,1.1565702,1.2651055,1.2108378
2010-01-07 15:00:00,0.8262333333333333,0.4619333333333333,2.103695111854509,0.7784695,1.2172313,1.2815349,1.2493831
2010-01-07 16:00:00,0.3056333333333333,0.3742333333333333,2.0647203462755024,0.95723933,1.343125,1.3461355,1.3446302
2010-01-07 17:00:00,0.5466333333333334,1.2201,2.379098104636876,0.67978406,1.4137527,1.4937571,1.4537549
2010-01-07 18:00:00,1.6911333333333334,0.7700666666666667,2.7062536336068246,1.1776899,1.7123352,1.7421985,1.7272668
2010-01-07 19:00:00,2.3027666666666664,1.4800666666666666,2.971674648903839,2.2298636,2.2884107,1.9386494,2.1135302
2010-01-07 20:00:00,3.2793,3.390633333333333,2.90525997131768,2.085184,1.6624492,1.930892,1.7966707
2010-01-07 21:00:00,2.6122,2.5981333333333336,2.7552260348858777,2.2426798,1.4641855,1.5436325,1.503909
2010-01-07 22:00:00,2.4674,1.3137666666666663,2.1734557600006164,1.6543596,0.85360086,1.0343416,0.9439712
2010-01-07 23:00:00,0.9174333333333332,0.5852666666666667,1.633316495272456,1.210778,0.56733245,0.6180197,0.59267604
2010-01-08 00:00:00,0.3375,0.3341,1.3127291474277512,0.3559419,0.4046325,0.37604254,0.39033753
2010-01-08 01:00:00,0.2939333333333333,0.3224,1.2923605153646183,0.3165776,0.30507872,0.2918988,0.29848874
2010-01-08 02:00:00,0.3063666666666667,0.3732666666666667,1.2871902415755414,0.49315414,0.24933511,0.28159344,0.26546428
2010-01-08 03:00:00,0.3008333333333333,0.3083,1.2818182175571893,0.43705505,0.28291005,0.3037799,0.29334497
2010-01-08 04:00:00,0.3344,0.3187666666666667,1.2953336709794865,0.40190905,0.32616326,0.38130158,0.3537324
2010-01-08 05:00:00,0.3167666666666667,0.4541333333333333,1.4339865490283579,0.4703989,0.27376547,0.51765877,0.39571214
2010-01-08 06:00:00,1.4440333333333333,1.0513,1.6773574759473995,1.1462722,0.7546751,0.8697758,0.81222546
2010-01-08 07:00:00,2.3024,1.8885333333333336,2.6002661407644467,2.0403705,1.3127863,1.5154228,1.4141046
2010-01-08 08:00:00,1.9502333333333333,1.8627,2.860641719532342,1.7603997,1.283071,1.9237971,1.6034341
2010-01-08 09:00:00,2.0259666666666667,1.4455333333333331,2.711608912515122,1.3217437,1.2040248,1.7803674,1.4921961
2010-01-08 10:00:00,1.4053,1.4256,2.3165079776535737,1.4360877,1.427034,1.5933948,1.5102143
2010-01-08 11:00:00,1.4913999999999998,1.3674,2.261042997403371,1.4134618,1.3143709,1.5650804,1.4397256
2010-01-08 12:00:00,1.7041666666666666,1.3889,2.2187025856007234,1.3682481,1.1812809,1.5318722,1.3565764
2010-01-08 13:00:00,0.6580333333333334,1.4569,2.115331286360564,1.4820352,1.4015192,1.446687,1.424103
2010-01-08 14:00:00,1.5575333333333332,0.5441333333333334,2.0515573800610647,0.92198503,1.4626065,1.3317424,1.3971745
2010-01-08 15:00:00,1.6307333333333331,0.8262333333333333,2.1016153787594156,1.4113517,1.1624191,1.2481406,1.2052798
2010-01-08 16:00:00,0.9382666666666668,0.3056333333333333,2.062640613180409,1.7844069,1.4103943,1.2341629,1.3222786
2010-01-08 17:00:00,2.0946,0.5466333333333334,2.3770183715417827,1.0215969,1.3699018,1.444887,1.4073944
2010-01-08 18:00:00,1.5809666666666666,1.6911333333333334,2.7041739005117313,1.9661907,1.2073597,1.8224337,1.5148966
2010-01-08 19:00:00,2.5146333333333333,2.3027666666666664,2.9695949158087456,1.9964333,1.7653428,2.125193,1.9452679
2010-01-08 20:00:00,1.4782666666666666,3.2793,2.903180238222587,2.6884456,1.6151308,2.0630317,1.8390813
2010-01-08 21:00:00,2.1131,2.6122,2.7531463017907845,1.6368836,1.6518682,1.7082517,1.6800599
2010-01-08 22:00:00,0.8083333333333333,2.4674,2.1713760269055236,1.1774123,1.1310419,1.2705088,1.2007754
2010-01-08 23:00:00,0.3657,0.9174333333333332,1.6312367621773631,0.7568049,0.9986228,0.84334505,0.9209839
2010-01-09 00:00:00,0.3372333333333333,0.3375,1.3106494143326584,0.285277,0.7966792,0.5698433,0.6832613
2010-01-09 01:00:00,0.3316333333333333,0.2939333333333333,1.2902807822695255,0.4096548,0.6837189,0.5747192,0.62921906
2010-01-09 02:00:00,0.3569,0.3063666666666667,1.2851105084804482,0.42094308,0.68567246,0.5963768,0.6410246
2010-01-09 03:00:00,0.4243666666666666,0.3008333333333333,1.279738484462096,0.32343647,0.65551496,0.65272784,0.6541214
2010-01-09 04:00:00,0.7478,0.3344,1.2932539378843932,0.4984481,0.61218363,0.7690385,0.69061106
2010-01-09 05:00:00,0.3029,0.3167666666666667,1.4319068159332646,0.35744512,0.6782563,0.9020315,0.79014385
2010-01-09 06:00:00,0.6423333333333333,1.4440333333333333,1.6752777428523062,0.6025687,0.89306617,1.0836122,0.9883392
2010-01-09 07:00:00,2.1698,2.3024,2.5981864076693535,1.3804893,1.4259534,1.3501719,1.3880627
2010-01-09 08:00:00,1.7611666666666668,1.9502333333333333,2.8585619864372487,1.8647256,1.4810286,1.5376669,1.5093477
2010-01-09 09:00:00,2.1274333333333333,2.0259666666666667,2.7095291794200294,1.6371396,1.7114937,1.60305,1.6572719
2010-01-09 10:00:00,1.4530666666666667,1.4053,2.314428244558481,2.0417721,1.7609717,1.6099408,1.6854563
2010-01-09 11:00:00,1.4345666666666663,1.4913999999999998,2.258963264308278,1.502452,1.5514952,1.5921803,1.5718377
2010-01-09 12:00:00,0.9353666666666668,1.7041666666666666,2.21662285250563,1.3964556,1.665624,1.5449948,1.6053095
2010-01-09 13:00:00,0.5197999999999999,0.6580333333333334,2.1132515532654708,0.7051772,1.527176,1.4713734,1.4992747
2010-01-09 14:00:00,3.411166666666667,1.5575333333333332,2.0494776469659715,0.96595174,1.6574863,1.3906224,1.5240543
2010-01-09 15:00:00,1.7841333333333331,1.6307333333333331,2.0995356456643224,2.1282344,1.5300534,1.3143176,1.4221854
2010-01-09 16:00:00,0.8745666666666666,0.9382666666666668,2.060560880085316,2.3676636,1.6038653,1.3085773,1.4562213
2010-01-09 17:00:00,1.9675333333333336,2.0946,2.3749386384466895,1.7791371,2.023798,1.2961818,1.6599898
2010-01-09 18:00:00,4.300866666666667,1.5809666666666666,2.702094167416638,2.8765445,2.2826476,1.2587456,1.7706966
2010-01-09 19:00:00,4.205133333333333,2.5146333333333333,2.9675151827136528,3.4811735,2.5831068,1.205316,1.8942113
2010-01-09 20:00:00,1.9819,1.4782666666666666,2.901100505127494,3.673252,2.6322463,1.0668015,1.8495239
2010-01-09 21:00:00,2.985766666666667,2.1131,2.7510665686956917,1.8833504,2.4168088,0.8943199,1.6555643
2010-01-09 22:00:00,2.0026333333333333,0.8083333333333333,2.1692962938104303,2.3460484,1.7882408,0.7163011,1.2522709
2010-01-09 23:00:00,1.8902666666666663,0.3657,1.62915702908227,1.3771756,1.7558998,0.53530735,1.1456035
2010-01-10 00:00:00,1.6086,0.3372333333333333,1.3085696812375651,1.285224,1.312512,0.4128269,0.86266947
2010-01-10 01:00:00,1.3486,0.3316333333333333,1.2882010491744322,1.3244845,1.1310303,0.44895685,0.7899936
2010-01-10 02:00:00,0.3362666666666666,0.3569,1.283030775385355,1.1377931,0.9932714,0.44745266,0.72036207
2010-01-10 03:00:00,0.3016333333333333,0.4243666666666666,1.2776587513670028,0.31773078,0.88974977,0.44451755,0.6671337
2010-01-10 04:00:00,0.2850666666666666,0.7478,1.2911742047893,0.37970454,0.8429431,0.49132204,0.66713256
2010-01-10 05:00:00,0.2868333333333333,0.3029,1.4298270828381718,0.3919342,0.83607525,0.61751175,0.7267935
2010-01-10 06:00:00,0.3491333333333333,0.6423333333333333,1.6731980097572134,0.44997868,0.83701897,0.9107425,0.87388074
2010-01-10 07:00:00,0.2849333333333333,2.1698,2.5961066745742607,0.57973224,1.2064788,1.2961134,1.251296
2010-01-10 08:00:00,0.3023666666666667,1.7611666666666668,2.856482253342156,0.94184166,1.24946,1.5465465,1.3980032
2010-01-10 09:00:00,1.081,2.1274333333333333,2.707449446324936,0.8620509,1.6022257,1.7496694,1.6759475
2010-01-10 10:00:00,2.4152666666666667,1.4530666666666667,2.3123485114633877,1.8692074,1.8529569,1.8960881,1.8745224
2010-01-10 11:00:00,3.2233666666666663,1.4345666666666663,2.2568835312131847,2.752561,1.9614661,1.9510427,1.9562544
2010-01-10 12:00:00,2.1081,0.9353666666666668,2.214543119410537,3.2370927,2.173189,1.9449,2.0590444
2010-01-10 13:00:00,2.692533333333333,0.5197999999999999,2.1111718201703775,2.2479568,1.9617503,1.9085302,1.9351403
2010-01-10 14:00:00,3.705333333333334,3.411166666666667,2.047397913870878,2.2038577,1.920146,1.8832195,1.9016827
2010-01-10 15:00:00,4.615966666666666,1.7841333333333331,2.0974559125692296,2.9637656,1.8817123,1.9100182,1.8958652
2010-01-10 16:00:00,3.570133333333333,0.8745666666666666,2.058481146990223,3.5903857,1.8253056,1.9763203,1.9008129
2010-01-10 17:00:00,3.0710333333333333,1.9675333333333336,2.3728589053515967,3.70211,1.95787,2.0803933,2.0191317
2010-01-10 18:00:00,2.9439333333333333,4.300866666666667,2.7000144343215453,3.3772504,2.228013,2.2296445,2.228829
2010-01-10 19:00:00,1.5557666666666667,4.205133333333333,2.9654354496185595,2.830859,2.9462981,2.2509055,2.5986018
2010-01-10 20:00:00,2.2352,1.9819,2.899020772032401,1.961698,2.5243447,2.0637755,2.2940602
2010-01-10 21:00:00,2.028766666666667,2.985766666666667,2.7489868356005984,1.839211,2.6440468,1.716783,2.180415
2010-01-10 22:00:00,1.0731,2.0026333333333333,2.167216560715337,1.0031568,1.5225189,1.3320035,1.4272611
2010-01-10 23:00:00,0.3848333333333333,1.8902666666666663,1.6270772959871767,0.64730406,0.9788091,1.0279821,1.0033956
2010-01-11 00:00:00,0.3111333333333333,1.6086,1.3064899481424719,0.42425847,0.5263873,0.87498325,0.70068526
2010-01-11 01:00:00,0.3018333333333333,1.3486,1.286121316079339,0.37208527,0.4834516,0.5692881,0.5263698
2010-01-11 02:00:00,0.2960666666666666,0.3362666666666666,1.2809510422902621,0.4003579,0.48967403,0.6942388,0.5919564
2010-01-11 03:00:00,0.6747666666666667,0.3016333333333333,1.27557901827191,0.4240232,0.49700555,0.68923503,0.5931203
2010-01-11 04:00:00,0.7197,0.2850666666666666,1.2890944716942072,0.47470346,0.5027789,0.62096953,0.5618742
2010-01-11 05:00:00,0.3101666666666666,0.2868333333333333,1.4277473497430786,0.44535685,0.4715821,0.63264287,0.55211246
2010-01-11 06:00:00,0.9410333333333334,0.3491333333333333,1.6711182766621202,0.8425714,0.9738299,0.98869264,0.98126125
2010-01-11 07:00:00,2.5189333333333335,0.2849333333333333,2.5940269414791675,2.200429,1.9384308,1.4660488,1.7022398
2010-01-11 08:00:00,1.4617,0.3023666666666667,2.8544025202470626,2.059286,1.6879339,1.5942079,1.6410708
2010-01-11 09:00:00,1.4417,1.081,2.705369713229843,1.4682962,1.5897039,1.5812036,1.5854537
2010-01-11 10:00:00,1.4748,2.4152666666666667,2.3102687783682945,1.3778331,1.6339637,1.5365595,1.5852616
2010-01-11 11:00:00,1.4386333333333332,3.2233666666666663,2.2548037981180915,1.47302,1.472175,1.4754727,1.4738238
2010-01-11 12:00:00,0.7812333333333333,2.1081,2.212463386315444,1.4705385,1.2640444,1.4416467,1.3528455
2010-01-11 13:00:00,0.3907,2.692533333333333,2.1090920870752847,0.65410686,1.0582005,1.4142222,1.2362113
2010-01-11 14:00:00,0.4084333333333333,3.705333333333334,2.0453181807757854,0.53053945,0.98589915,1.4158914,1.2008953
2010-01-11 15:00:00,0.4392333333333333,4.615966666666666,2.0953761794741363,0.44829518,0.9433546,1.4219376,1.182646
2010-01-11 16:00:00,0.5303333333333333,3.570133333333333,2.05640141389513,0.5304352,1.0360633,1.462246,1.2491546
2010-01-11 17:00:00,0.6887666666666666,3.0710333333333333,2.3707791722565035,0.9429469,1.1620293,1.5387621,1.3503957
2010-01-11 18:00:00,1.7768666666666666,2.9439333333333333,2.697934701226452,1.5099685,1.912976,1.8190204,1.8659983
2010-01-11 19:00:00,1.8515666666666664,1.5557666666666667,2.9633557165234663,1.9645504,2.3509912,2.1984425,2.2747169
2010-01-11 20:00:00,3.2670666666666666,2.2352,2.8969410389373076,2.3692305,2.2453797,2.3301666,2.2877731
2010-01-11 21:00:00,1.4375,2.028766666666667,2.746907102505505,2.4411988,2.1389349,2.1368594,2.137897
2010-01-11 22:00:00,0.8584999999999999,1.0731,2.1651368276202443,1.3715138,1.5666418,1.8035474,1.6850946
2010-01-11 23:00:00,0.9907333333333334,0.3848333333333333,1.6249975628920839,0.6798198,0.9099005,1.4068856,1.158393
2010-01-12 00:00:00,0.2925666666666666,0.3111333333333333,1.304410215047379,0.39270133,0.6391697,1.0835019,0.8613358
2010-01-12 01:00:00,0.3147666666666666,0.3018333333333333,1.2840415829842462,0.39182734,0.56430316,0.8926872,0.7284952
2010-01-12 02:00:00,0.3415,0.2960666666666666,1.278871309195169,0.45502722,0.45728892,0.7878866,0.6225878
2010-01-12 03:00:00,0.3704,0.6747666666666667,1.2734992851768168,0.35701108,0.4996838,0.71347153,0.60657763
2010-01-12 04:00:00,0.3538666666666666,0.7197,1.287014738599114,0.4069325,0.48428884,0.7246783,0.60448354
2010-01-12 05:00:00,0.2896,0.3101666666666666,1.4256676166479854,0.409857,0.47430137,0.89430404,0.6843027
2010-01-12 06:00:00,1.1483,0.9410333333333334,1.669038543567027,1.1729938,0.9704898,1.3262596,1.1483747
2010-01-12 07:00:00,2.272066666666667,2.5189333333333335,2.591947208384074,2.372584,2.0643086,1.768567,1.9164379
2010-01-12 08:00:00,2.3288333333333333,1.4617,2.8523227871519694,1.9506538,1.8810349,1.8269279,1.8539814
2010-01-12 09:00:00,1.6809,1.4417,2.70328998013475,1.9423709,1.7444168,1.7592615,1.7518392
2010-01-12 10:00:00,2.1456666666666666,1.4748,2.3081890452732017,1.5692127,1.5546516,1.7249846,1.6398182
2010-01-12 11:00:00,1.7977333333333334,1.4386333333333332,2.2527240650229987,2.2745302,1.4478681,1.7073903,1.5776292
2010-01-12 12:00:00,2.5505,0.7812333333333333,2.210383653220351,1.7380031,1.6388646,1.6819421,1.6604034
2010-01-12 13:00:00,3.2734333333333336,0.3907,2.1070123539801915,2.3027453,1.3947606,1.6423328,1.5185467
2010-01-12 14:00:00,2.50811320754717,0.4084333333333333,2.043238447680692,2.253279,1.334765,1.5792191,1.456992
2010-01-14 19:00:00,3.0772068965517243,0.4392333333333333,2.093296446379043,2.8773685,1.860798,1.500968,1.6808829
2010-01-14 20:00:00,2.4457333333333335,0.5303333333333333,2.0543216808000366,2.6606495,2.1901298,1.7776599,1.9838948
2010-01-14 21:00:00,1.9589666666666663,0.6887666666666666,2.3686994391614102,2.257189,2.1122591,2.163156,2.1377077
2010-01-14 22:00:00,1.7303333333333335,1.7768666666666666,2.695854968131359,1.268278,1.8883427,2.4515815,2.1699622
2010-01-14 23:00:00,1.1984666666666668,1.8515666666666664,2.9612759834283735,0.9479959,1.3770797,2.4768867,1.9269832
2010-01-15 00:00:00,0.2988333333333333,3.2670666666666666,2.894861305842215,0.5103336,1.2614471,2.2299829,1.7457149
2010-01-15 01:00:00,0.2976999999999999,1.4375,2.7448273694104124,0.38975522,1.2303015,1.4746385,1.3524699
2010-01-15 02:00:00,0.3111,0.8584999999999999,2.163057094525151,0.30763894,1.0872767,1.075245,1.0812609
2010-01-15 03:00:00,0.3144666666666666,0.9907333333333334,1.6229178297969906,0.43029863,0.56046677,0.81320834,0.68683755
2010-01-15 04:00:00,0.2862666666666666,0.2925666666666666,1.3023304819522858,0.38064158,0.5926762,0.70827174,0.65047395
2010-01-15 05:00:00,0.3060666666666666,0.3147666666666666,1.281961849889153,0.43174934,0.55440485,0.7242968,0.63935083
2010-01-15 06:00:00,0.8389000000000001,0.3415,1.2767915761000757,0.6710803,0.86395437,0.90610385,0.8850291
2010-01-15 07:00:00,1.9529666666666663,0.3704,1.2714195520817235,1.4042634,1.2130325,1.3844049,1.2987187
2010-01-15 08:00:00,2.0719666666666665,0.3538666666666666,1.2849350055040207,1.5751021,1.2413546,1.8927594,1.567057
2010-01-15 09:00:00,2.0816666666666666,0.2896,1.4235878835528926,1.7349406,1.1899999,1.9809716,1.5854857
2010-01-15 10:00:00,1.4758,1.1483,1.6669588104719342,1.6942626,1.6537225,1.8510036,1.7523631
2010-01-15 11:00:00,1.5115666666666667,2.272066666666667,2.5898674752889814,1.5762053,2.0131164,1.7233367,1.8682265
2010-01-15 12:00:00,1.5955666666666666,2.3288333333333333,2.8502430540568766,1.4387982,1.5703803,1.6236852,1.5970328
2010-01-15 13:00:00,1.5471666666666666,1.6809,2.701210247039657,1.4906878,1.5105975,1.543548,1.5270727
2010-01-15 14:00:00,1.5964333333333334,2.1456666666666666,2.3061093121781084,1.4418188,1.6322014,1.4852332,1.5587173
2010-01-15 15:00:00,0.5913666666666667,1.7977333333333334,2.2506443319279055,1.474133,1.608692,1.507755,1.5582235
2010-01-15 16:00:00,1.4676,2.5505,2.2083039201252577,0.9086349,1.2539057,1.5734892,1.4136975
2010-01-15 17:00:00,1.8574666666666664,3.2734333333333336,2.1049326208850982,1.6474488,1.3557434,1.6919206,1.5238321
2010-01-15 18:00:00,1.5587666666666666,2.50811320754717,2.041158714585599,1.9441963,1.9740292,1.9530964,1.9635627
2010-01-15 19:00:00,2.7051,3.0772068965517243,2.09121671328395,1.9826132,1.8172344,2.2229729,2.0201037
2010-01-15 20:00:00,5.3368,2.4457333333333335,2.052241947704944,2.7494411,1.793688,2.3674517,2.0805697
2010-01-15 21:00:00,4.528766666666667,1.9589666666666663,2.3666197060663174,4.3427806,1.736608,2.1253705,1.9309893
2010-01-15 22:00:00,1.1301333333333332,1.7303333333333335,2.693775235036266,2.7089868,1.6713605,1.6808763,1.6761184
2010-01-15 23:00:00,0.9502,1.1984666666666668,2.9591962503332803,0.98367375,1.2081043,1.2626429,1.2353735
2010-01-16 00:00:00,0.3652666666666667,0.2988333333333333,2.8927815727471216,0.25604808,1.1106215,1.0310936,1.0708575
2010-01-16 01:00:00,0.3062333333333333,0.2976999999999999,2.742747636315319,0.3587125,1.0813333,0.9563125,1.0188229
2010-01-16 02:00:00,0.3182999999999999,0.3111,2.160977361430058,0.41905478,0.82579476,0.9470767,0.88643575
2010-01-16 03:00:00,0.3470666666666667,0.3144666666666666,1.6208380967018974,0.44392234,0.7029821,0.87311184,0.78804696
2010-01-16 04:00:00,0.3109666666666666,0.2862666666666666,1.3002507488571926,0.368823,0.6696957,0.80738693,0.7385413
2010-01-16 05:00:00,0.8571333333333333,0.3060666666666666,1.2798821167940597,0.44306535,0.7163851,0.7776828,0.74703395
2010-01-16 06:00:00,0.6012000000000001,0.8389000000000001,1.2747118430049829,0.561914,0.9153861,0.9189755,0.9171808
2010-01-16 07:00:00,2.528566666666667,1.9529666666666663,1.2693398189866307,1.0834761,1.4547025,1.2899501,1.3723264
2010-01-16 08:00:00,2.0454333333333334,2.0719666666666665,1.282855272408928,2.0879958,1.4562887,1.6493459,1.5528173
2010-01-16 09:00:00,1.839,2.0816666666666666,1.4215081504577993,1.7708243,1.5039979,1.753161,1.6285794
2010-01-16 10:00:00,1.9892,1.4758,1.664879077376841,1.79024,1.7513131,1.8040471,1.7776802
2010-01-16 11:00:00,3.226633333333333,1.5115666666666667,2.587787742193888,2.039747,1.9086761,1.8605247,1.8846004
2010-01-16 12:00:00,3.667333333333333,1.5955666666666666,2.8481633209617834,2.4500732,1.885051,1.9120648,1.8985579
2010-01-16 13:00:00,2.6424333333333334,1.5471666666666666,2.6991305139445636,3.1416526,1.756907,1.9556971,1.856302
2010-01-16 14:00:00,1.6387333333333334,1.5964333333333334,2.304029579083015,2.198336,1.6920444,2.0097942,1.8509192
2010-01-16 15:00:00,1.8181666666666667,0.5913666666666667,2.2485645988328122,2.091106,1.8099964,2.1635916,1.986794
2010-01-16 16:00:00,0.7397666666666667,1.4676,2.206224187030165,1.8129494,1.7648777,2.3017802,2.033329
2010-01-16 17:00:00,0.5843,1.8574666666666664,2.1028528877900055,1.4399064,1.815916,2.6193118,2.217614
2010-01-16 18:00:00,1.2418,1.5587666666666666,2.039078981490506,1.3927875,2.088688,2.9496634,2.5191755
2010-01-16 19:00:00,1.4384666666666668,2.7051,2.089136980188857,1.6637901,2.748563,3.1540792,2.9513211
2010-01-16 20:00:00,2.553233333333333,5.3368,2.0501622146098506,1.6865026,2.6030524,3.0523114,2.827682
2010-01-16 21:00:00,2.5105666666666666,4.528766666666667,2.364539972971224,2.4498694,2.4932752,2.6118598,2.5525675
2010-01-16 22:00:00,1.2577,1.1301333333333332,2.691695501941173,1.4938852,2.2033534,1.8864815,2.0449176
2010-01-16 23:00:00,1.0077,0.9502,2.957116517238187,0.96381783,1.8892252,1.3304726,1.609849
2010-01-17 00:00:00,0.9079666666666668,0.3652666666666667,2.8907018396520283,0.9209973,1.4664406,1.0863513,1.2763959
2010-01-17 01:00:00,0.3135333333333333,0.3062333333333333,2.740667903220226,0.45286992,1.0529515,1.0733677,1.0631596
2010-01-17 02:00:00,0.2907333333333333,0.3182999999999999,2.1588976283349646,0.42741275,0.8951596,1.0333377,0.96424866
2010-01-17 03:00:00,0.3528666666666666,0.3470666666666667,1.6187583636068046,0.36133444,0.8838273,0.9013268,0.89257705
2010-01-17 04:00:00,0.3025666666666666,0.3109666666666666,1.2981710157620998,0.3549826,0.78362083,0.7677127,0.7756668
2010-01-17 05:00:00,0.2939666666666666,0.8571333333333333,1.277802383698967,0.38319558,0.82201296,0.6553016,0.73865724
2010-01-17 06:00:00,0.3273666666666666,0.6012000000000001,1.2726321099098896,0.47140592,0.8243165,0.62175447,0.72303545
2010-01-17 07:00:00,0.6663666666666667,2.528566666666667,1.2672600858915375,0.6843829,1.3570453,0.8394942,1.0982697
2010-01-17 08:00:00,1.2065,2.0454333333333334,1.2807755393138347,0.81507957,1.1152166,1.4489104,1.2820635
2010-01-17 09:00:00,0.4803666666666666,1.839,1.419428417362706,1.3211588,1.2812495,1.7653792,1.5233144
2010-01-17 10:00:00,0.8764,1.9892,1.6627993442817477,1.094316,1.6924385,1.8857864,1.7891124
2010-01-17 11:00:00,1.4351666666666667,3.226633333333333,2.585708009098795,1.2693727,2.091464,2.0435314,2.0674977
2010-01-17 12:00:00,1.5276999999999998,3.667333333333333,2.84608358786669,1.5608907,1.8474736,2.1808033,2.0141385
2010-01-17 13:00:00,2.5494666666666665,2.6424333333333334,2.697050780849471,1.7612251,2.0154204,2.2168224,2.1161213
2010-01-17 14:00:00,1.7861,1.6387333333333334,2.3019498459879224,2.0044427,1.6291791,2.2731998,1.9511895
2010-01-17 15:00:00,1.8238333333333336,1.8181666666666667,2.2464848657377194,1.8096375,1.5873952,2.3077369,1.947566
2010-01-17 16:00:00,1.6525666666666663,0.7397666666666667,2.2041444539350716,1.8852266,1.705671,2.5548582,2.1302645
2010-01-17 17:00:00,1.2552666666666668,0.5843,2.100773154694912,1.8899246,1.5175655,2.8044214,2.1609936
2010-01-17 18:00:00,1.6064666666666667,1.2418,2.036999248395413,1.973287,2.192771,2.999628,2.5961995
2010-01-17 19:00:00,2.4836,1.4384666666666668,2.087057247093764,2.0958505,2.546445,3.026937,2.786691
2010-01-17 20:00:00,2.9869666666666665,2.553233333333333,2.0480824815147574,3.135582,3.2312253,2.738099,2.984662
2010-01-17 21:00:00,3.280666666666667,2.5105666666666666,2.362460239876131,2.7233737,2.8900127,2.1109934,2.500503
2010-01-17 22:00:00,1.9506333333333332,1.2577,2.6896157688460796,2.5374136,1.9145325,1.4411185,1.6778255
2010-01-17 23:00:00,1.4188666666666667,1.0077,2.9550367841430942,1.5718194,1.4951934,1.0987229,1.2969582
2010-01-18 00:00:00,1.4343,0.9079666666666668,2.8886221065569355,1.0993469,0.5237344,0.96752673,0.74563056
2010-01-18 01:00:00,1.2691333333333332,0.3135333333333333,2.738588170125133,1.0847182,0.615733,0.5603688,0.5880509
2010-01-18 02:00:00,0.2904333333333333,0.2907333333333333,2.1568178952398718,0.42407772,0.48811215,0.527892,0.50800204
2010-01-18 03:00:00,0.3463666666666666,0.3528666666666666,1.6166786305117113,0.38000152,0.4682384,0.42714947,0.44769394
2010-01-18 04:00:00,0.2947333333333333,0.3025666666666666,1.2960912826670066,0.38028997,0.46829838,0.3028142,0.38555628
2010-01-18 05:00:00,0.3059333333333333,0.2939666666666666,1.2757226506038737,0.43225467,0.50209534,0.2693265,0.38571092
2010-01-18 06:00:00,0.9672,0.3273666666666666,1.2705523768147964,0.6569759,0.8159727,0.6764354,0.746204
2010-01-18 07:00:00,2.441933333333333,0.6663666666666667,1.2651803527964443,1.7237151,1.2855334,1.6235478,1.4545406
2010-01-18 08:00:00,2.0677333333333334,1.2065,1.2786958062187415,2.014782,1.4906687,1.9037776,1.6972232
2010-01-18 09:00:00,1.9882666666666664,0.4803666666666666,1.4173486842676128,1.6890453,1.2871778,1.6053298,1.4462538
2010-01-18 10:00:00,1.7266333333333332,0.8764,1.660719611186655,1.6785144,1.288422,1.4009254,1.3446736
2010-01-18 11:00:00,1.5172,1.4351666666666667,2.583628276003702,1.7200027,1.7865844,1.2847674,1.5356759
2010-01-18 12:00:00,1.6299333333333332,1.5276999999999998,2.8440038547715973,1.5594313,1.5060833,1.2029551,1.3545191
2010-01-18 13:00:00,1.4039666666666666,2.5494666666666665,2.6949710477543776,1.6794732,1.9096016,1.1464825,1.5280421
2010-01-18 14:00:00,0.4237666666666666,1.7861,2.299870112892829,1.2835871,1.4115777,1.1207244,1.2661511
2010-01-18 15:00:00,0.4526666666666666,1.8238333333333336,2.244405132642626,0.6799863,1.2394143,1.1130413,1.1762278
2010-01-18 16:00:00,0.479,1.6525666666666663,2.2020647208399784,0.7736298,1.1804788,1.138696,1.1595874
2010-01-18 17:00:00,1.4955,1.2552666666666668,2.098693421599819,0.8273551,1.2231325,1.210429,1.2167807
2010-01-18 18:00:00,2.170466666666667,1.6064666666666667,2.0349195153003197,2.2305708,2.1939108,1.423505,1.808708
2010-01-18 19:00:00,1.9715,2.4836,2.0849775139986706,2.1235757,2.3114152,1.9522828,2.131849
2010-01-18 20:00:00,1.822466666666667,2.9869666666666665,2.0460027484196646,1.7710103,2.1017137,2.3901231,2.2459183
2010-01-18 21:00:00,2.0274,3.280666666666667,2.360380506781038,1.9291806,2.318367,2.3164968,2.317432
2010-01-18 22:00:00,2.084,1.9506333333333332,2.6875360357509868,1.9565067,1.7848675,1.8258123,1.8053399
2010-01-18 23:00:00,0.7411,1.4188666666666667,2.952957051048001,1.6228327,1.222215,1.3334066,1.2778108
2010-01-19 00:00:00,0.5016666666666667,1.4343,2.8865423734618423,0.56893855,0.9622371,1.0829697,1.0226034
2010-01-19 01:00:00,0.3188333333333333,1.2691333333333332,2.73650843703004,0.5451152,1.1094998,0.9013183,1.005409
2010-01-19 02:00:00,0.2961,0.2904333333333333,2.1547381621447785,0.40363616,0.6141436,0.7875823,0.70086294
2010-01-19 03:00:00,0.3413666666666666,0.3463666666666666,1.614598897416618,0.33298108,0.6293445,0.71981686,0.6745807
2010-01-19 04:00:00,0.3001,0.2947333333333333,1.2940115495719133,0.3366772,0.58150834,0.75212693,0.66681767
2010-01-19 05:00:00,0.2870333333333333,0.3059333333333333,1.2736429175087804,0.4650443,0.50245327,0.9706308,0.73654205
2010-01-19 06:00:00,1.4945333333333333,0.9672,1.2684726437197036,0.7940804,0.8763316,1.4407161,1.1585239
2010-01-19 07:00:00,3.2094666666666667,2.441933333333333,1.2631006197013515,1.8163745,1.4682382,1.6735191,1.5708787
2010-01-19 08:00:00,1.7805666666666666,2.0677333333333334,1.2766160731236487,2.6877103,1.4092468,1.6428978,1.5260723
2010-01-19 09:00:00,1.9222,1.9882666666666664,1.41526895117252,1.8672725,1.2279382,1.5769314,1.4024348
2010-01-19 10:00:00,1.6803333333333337,1.7266333333333332,1.6586398780915617,1.5460663,1.2937516,1.5197041,1.4067278
2010-01-19 11:00:00,1.5962,1.5172,2.581548542908609,1.6011499,1.2084205,1.4895978,1.3490092
2010-01-19 12:00:00,1.7409,1.6299333333333332,2.841924121676504,1.6121691,1.2903304,1.4705733,1.3804519
2010-01-19 13:00:00,1.5492333333333337,1.4039666666666666,2.6928913146592843,1.7828429,1.4866832,1.4517541,1.4692187
2010-01-19 14:00:00,1.7052,0.4237666666666666,2.297790379797736,1.618064,1.5841568,1.4368807,1.5105188
2010-01-19 15:00:00,2.0589,0.4526666666666666,2.242325399547533,2.019234,1.6917447,1.4046843,1.5482144
2010-01-19 16:00:00,2.184166666666667,0.479,2.1999849877448856,1.9654331,1.582707,1.3850791,1.4838932
2010-01-19 17:00:00,2.169033333333333,1.4955,2.096613688504726,2.2798548,1.630434,1.4455241,1.5379791
2010-01-19 18:00:00,2.7811666666666666,2.170466666666667,2.032839782205227,2.4755342,2.1814322,1.6866064,1.9340193
2010-01-19 19:00:00,4.453766666666667,1.9715,2.082897780903578,2.5054507,2.5875776,2.1437938,2.3656857
2010-01-19 20:00:00,3.0153000000000003,1.822466666666667,2.0439230153245713,3.4741397,2.5319421,2.3058424,2.4188924
2010-01-19 21:00:00,3.0139333333333336,2.0274,2.358300773685945,2.89124,2.580917,1.9916444,2.2862806
2010-01-19 22:00:00,1.6050666666666666,2.084,2.6854563026558935,2.1638339,1.8248222,1.4386787,1.6317505
2010-01-19 23:00:00,0.5534,0.7411,2.9508773179529078,0.9918189,1.228809,0.86589897,1.047354
2010-01-20 00:00:00,0.3842333333333333,0.5016666666666667,2.884462640366749,0.6636646,1.0970451,0.5860676,0.8415563
2010-01-20 01:00:00,0.3897666666666666,0.3188333333333333,2.7344287039349466,0.42389864,0.8758518,0.5228909,0.69937134
2010-01-20 02:00:00,0.3319666666666666,0.2961,2.1526584290496853,0.36479318,0.5122103,0.4951856,0.503698
2010-01-20 03:00:00,0.3113666666666666,0.3413666666666666,1.6125191643215253,0.37866765,0.54866594,0.46241742,0.5055417
2010-01-20 04:00:00,0.3394,0.3001,1.2919318164768205,0.4381268,0.5136482,0.48085308,0.49725065
2010-01-20 05:00:00,0.3019333333333333,0.2870333333333333,1.2715631844136877,0.4718398,0.5279165,0.62016493,0.5740407
2010-01-20 06:00:00,1.5995,1.4945333333333333,1.2663929106246103,0.8312202,1.007164,1.0674934,1.0373287
2010-01-20 07:00:00,3.6385,3.2094666666666667,1.2610208866062582,2.0919669,1.7177966,1.9036801,1.8107383
2010-01-20 08:00:00,1.8742,1.7805666666666666,1.2745363400285554,2.836331,1.6558504,1.9367706,1.7963104
2010-01-20 09:00:00,2.1828999999999996,1.9222,1.4131892180774268,1.6536793,1.3711635,1.6337504,1.5024569
2010-01-20 10:00:00,1.6259,1.6803333333333337,1.6565601449964684,1.794609,1.5691038,1.5026608,1.5358822
2010-01-20 11:00:00,1.7870666666666668,1.5962,2.5794688098135157,1.7187427,1.8876611,1.4633341,1.6754975
2010-01-20 12:00:00,1.987,1.7409,2.839844388581411,1.8940551,1.5879238,1.4568982,1.522411
2010-01-20 13:00:00,3.1310999999999996,1.5492333333333337,2.6908115815641915,1.9950534,1.6286852,1.473131,1.5509081
2010-01-20 14:00:00,0.7147,1.7052,2.295710646702643,2.201669,1.3813089,1.4910048,1.4361569
2010-01-20 15:00:00,0.5148666666666667,2.0589,2.24024566645244,1.0809441,1.2644124,1.5266993,1.3955559
2010-01-20 16:00:00,1.6721666666666666,2.184166666666667,2.1979052546497924,1.2286342,1.1487908,1.5897957,1.3692932
2010-01-20 17:00:00,1.0144666666666666,2.169033333333333,2.094533955409633,1.562597,1.2575836,1.7232769,1.4904302
2010-01-20 18:00:00,1.7875666666666667,2.7811666666666666,2.0307600491101336,1.9849695,1.6567343,1.9627929,1.8097637
2010-01-20 19:00:00,3.3380666666666667,4.453766666666667,2.0808180478084846,1.9917363,2.0025716,2.2909515,2.1467614
2010-01-20 20:00:00,2.620766666666667,3.0153000000000003,2.041843282229478,2.6749659,2.1095743,2.5601766,2.3348756
2010-01-20 21:00:00,3.2849333333333335,3.0139333333333336,2.3562210405908517,2.4538782,1.9622036,2.38691,2.1745567
2010-01-20 22:00:00,2.503833333333333,1.6050666666666666,2.6833765695608003,2.5076373,1.5463434,1.7820911,1.6642172
2010-01-20 23:00:00,1.8592666666666664,0.5534,2.948797584857815,1.9140947,1.2628502,0.977995,1.1204226
2010-01-21 00:00:00,0.3737666666666666,0.3842333333333333,2.8823829072716562,1.1504656,0.60651535,0.6066271,0.6065712
2010-01-21 01:00:00,0.3167999999999999,0.3897666666666666,2.732348970839854,0.30985934,0.54231614,0.5532909,0.5478035
2010-01-21 02:00:00,0.2944666666666666,0.3319666666666666,2.1505786959545925,0.4029617,0.45085964,0.54982966,0.50034463
2010-01-21 03:00:00,0.3058666666666667,0.3113666666666666,1.610439431226432,0.38639754,0.4763042,0.52178967,0.49904692
2010-01-21 04:00:00,0.3021,0.3394,1.2898520833817273,0.42625684,0.45585755,0.5344672,0.49516237
2010-01-21 05:00:00,0.3124,0.3019333333333333,1.2694834513185944,0.4235835,0.43604425,0.6842936,0.5601689
2010-01-21 06:00:00,1.3163333333333334,1.5995,1.264313177529517,0.81523424,0.89484227,1.1886535,1.0417478
2010-01-21 07:00:00,3.1362,3.6385,1.258941153511165,1.850893,1.5479146,1.9821157,1.7650151
2010-01-21 08:00:00,2.3562333333333334,1.8742,1.2724566069334622,2.10684,1.4452659,1.92481,1.685038
2010-01-21 09:00:00,1.5302333333333331,2.1828999999999996,1.4111094849823336,1.8796059,1.3398488,1.5593734,1.4496111
2010-01-21 10:00:00,1.4188333333333332,1.6259,1.6544804119013756,1.4213426,1.4525982,1.3456888,1.3991435
2010-01-21 11:00:00,1.4004333333333332,1.7870666666666668,2.577389076718423,1.4639032,1.7248467,1.2380216,1.4814341
2010-01-21 12:00:00,1.5111,1.987,2.837764655486318,1.5667837,1.685584,1.1851742,1.435379
2010-01-21 13:00:00,1.4874,3.1310999999999996,2.6887318484690983,1.4775763,1.3025795,1.1375451,1.2200623
2010-01-21 14:00:00,1.5439666666666667,0.7147,2.29363091360755,1.6025014,1.3743907,1.063175,1.2187829
2010-01-21 15:00:00,1.501966666666667,0.5148666666666667,2.238165933357347,1.5050718,1.2976042,1.0834907,1.1905475
2010-01-21 16:00:00,0.6088333333333333,1.6721666666666666,2.195825521554699,1.6663823,1.6140779,1.1193153,1.3666966
2010-01-21 17:00:00,0.7417999999999999,1.0144666666666666,2.0924542223145397,1.2404311,1.8443365,1.2908624,1.5675995
2010-01-21 18:00:00,1.9675333333333331,1.7875666666666667,2.0286803160150404,1.6787171,2.1562183,1.6633065,1.9097624
2010-01-21 19:00:00,2.6563666666666665,3.3380666666666667,2.0787383147133913,2.6623468,2.907109,2.1722221,2.5396657
2010-01-21 20:00:00,2.921033333333334,2.620766666666667,2.0397635491343853,2.2754128,2.5379589,2.4710784,2.5045185
2010-01-21 21:00:00,3.3361333333333336,3.2849333333333335,2.354141307495759,2.3323405,2.4637952,2.2023032,2.3330493
2010-01-21 22:00:00,2.4202333333333335,2.503833333333333,2.6812968364657075,2.3055017,1.690075,1.6363759,1.6632254
2010-01-21 23:00:00,1.8709,1.8592666666666664,2.9467178517627217,1.6800936,1.0114167,1.1013644,1.0563905
2010-01-22 00:00:00,1.6609,0.3737666666666666,2.880303174176563,1.1576169,0.517251,0.8276739,0.67246246
2010-01-22 01:00:00,1.3823333333333332,0.3167999999999999,2.7302692377447606,1.3112667,0.4791972,0.7222171,0.6007072
2010-01-22 02:00:00,0.6167,0.2944666666666666,2.1484989628594993,1.137461,0.47971594,0.7200084,0.59986216
2010-01-22 03:00:00,0.3133333333333333,0.3058666666666667,1.6083596981313388,0.4273344,0.4820462,0.6828763,0.58246124
2010-01-22 04:00:00,0.3218666666666667,0.3021,1.287772350286634,0.44532213,0.4808231,0.6698132,0.57531816
2010-01-22 05:00:00,0.3661666666666666,0.3124,1.2674037182235012,0.47283652,0.48641348,0.7143253,0.6003694
2010-01-22 06:00:00,1.4720333333333333,1.3163333333333334,1.2622334444344243,1.0291487,1.0148442,0.96361125,0.9892277
2010-01-22 07:00:00,1.8075666666666668,3.1362,1.2568614204160722,2.1317403,2.0859225,1.5216465,1.8037845
2010-01-22 08:00:00,1.8803333333333336,2.3562333333333334,1.2703768738383694,1.6894146,2.2365694,1.7603898,1.9984796
2010-01-22 09:00:00,1.884966666666667,1.5302333333333331,1.4090297518872408,1.6782315,1.9530721,1.6662853,1.8096787
2010-01-22 10:00:00,1.3752,1.4188333333333332,1.6524006788062824,1.5889705,1.7083346,1.6148511,1.6615928
2010-01-22 11:00:00,1.3471000000000002,1.4004333333333332,2.5753093436233296,1.3734434,1.4151855,1.6118307,1.5135081
2010-01-22 12:00:00,1.4549666666666667,1.5111,2.835684922391225,1.3257843,1.8357675,1.5946013,1.7151845
2010-01-22 13:00:00,1.0316,1.4874,2.686652115374005,1.5355558,1.3435295,1.529063,1.4362962
2010-01-22 14:00:00,0.2927,1.5439666666666667,2.2915511805124567,1.0388029,1.2483766,1.4268968,1.3376367
2010-01-22 15:00:00,1.3779666666666666,1.501966666666667,2.2360862002622537,0.45443943,1.0833662,1.3487579,1.2160621
2010-01-22 16:00:00,0.9500666666666666,0.6088333333333333,2.193745788459606,1.277802,1.4401062,1.3608264,1.4004662
2010-01-22 17:00:00,0.6510333333333332,0.7417999999999999,2.090374489219447,1.2263826,1.5750667,1.3779491,1.4765079
2010-01-22 18:00:00,1.8302666666666667,1.9675333333333331,2.0266005829199476,1.5062258,2.0486937,1.7433052,1.8959994
2010-01-22 19:00:00,1.7350333333333334,2.6563666666666665,2.0766585816182985,2.0064218,2.7134311,2.302531,2.507981
2010-01-22 20:00:00,1.1317666666666668,2.921033333333334,2.037683816039292,2.017173,2.6970234,2.5976515,2.6473374
2010-01-22 21:00:00,1.4663666666666666,3.3361333333333336,2.3520615744006657,1.4033135,2.4977756,2.3206742,2.409225
2010-01-22 22:00:00,2.8046,2.4202333333333335,2.6792171033706143,1.1787409,1.7988006,1.6877016,1.7432511
2010-01-22 23:00:00,0.6889000000000001,1.8709,2.9446381186676285,1.1476179,0.9841183,1.1644347,1.0742764
2010-01-23 00:00:00,0.7043999999999999,1.6609,2.8782234410814698,0.6075335,0.49952862,0.8914311,0.69547987
2010-01-23 01:00:00,0.3388,1.3823333333333332,2.7281895046496674,0.39383945,0.54718935,0.7616726,0.654431
2010-01-23 02:00:00,0.3593666666666666,0.6167,2.146419229764406,0.35113993,0.5574804,0.7139572,0.6357188
2010-01-23 03:00:00,0.2991333333333333,0.3133333333333333,1.606279965036246,0.34878156,0.5343365,0.6443236,0.5893301
2010-01-23 04:00:00,0.3061,0.3218666666666667,1.2856926171915413,0.40162328,0.51842654,0.61474144,0.566584
2010-01-23 05:00:00,0.3009333333333333,0.3661666666666666,1.2653239851284084,0.42541856,0.532995,0.62692785,0.5799614
2010-01-23 06:00:00,1.2045333333333337,1.4720333333333333,1.260153711339331,0.7830617,0.7821623,0.732065,0.7571137
2010-01-23 07:00:00,2.561694915254237,1.8075666666666668,1.254781687320979,2.0362966,2.1573482,1.0858016,1.6215749
2010-01-23 08:00:00,2.4269000000000003,1.8803333333333336,1.2682971407432762,1.969602,1.7584664,1.5632672,1.6608667
2010-01-23 09:00:00,1.7542,1.884966666666667,1.4069500187921475,2.0742593,1.7806479,1.6266675,1.7036576
2010-01-23 10:00:00,2.037333333333333,1.3752,1.6503209457111891,1.774587,2.0206635,1.6133399,1.8170017
2010-01-23 11:00:00,2.6238666666666663,1.3471000000000002,2.5732296105282364,2.0276995,2.1262758,1.6247525,1.8755141
2010-01-23 12:00:00,2.0373,1.4549666666666667,2.8336051892961316,2.2780032,2.0640872,1.6433916,1.8537394
2010-01-23 13:00:00,1.8403,1.0316,2.6845723822789123,2.2869482,2.1824157,1.6623826,1.9223992
2010-01-23 14:00:00,0.7951,0.2927,2.289471447417364,1.77338,1.8706005,1.686135,1.7783678
2010-01-23 15:00:00,0.8927666666666667,1.3779666666666666,2.234006467167161,1.2028337,1.8702918,1.7181925,1.7942421
2010-01-23 16:00:00,1.3198333333333332,0.9500666666666666,2.191666055364513,1.1580638,1.514863,1.7757298,1.6452963
2010-01-23 17:00:00,1.7231,0.6510333333333332,2.0882947561243537,1.4270871,1.6455456,1.8848592,1.7652024
2010-01-23 18:00:00,5.265533333333334,1.8302666666666667,2.0245208498248544,2.061445,2.1448207,2.1145132,2.1296668
2010-01-23 19:00:00,3.6132,1.7350333333333334,2.0745788485232053,3.9382231,2.690243,2.3255887,2.507916
2010-01-23 20:00:00,2.7583333333333333,1.1317666666666668,2.035604082944199,3.792851,2.7163715,2.2837386,2.500055
2010-01-23 21:00:00,3.067833333333333,1.4663666666666666,2.3499818413055724,3.3114893,2.6598628,1.917592,2.2887273
2010-01-23 22:00:00,3.764366666666666,2.8046,2.677137370275521,2.3733635,2.292023,1.4440353,1.8680291
2010-01-23 23:00:00,1.5229333333333337,0.6889000000000001,2.9425583855725357,2.8408298,1.8212435,1.0942215,1.4577324
2010-01-24 00:00:00,1.2687,0.7043999999999999,2.876143707986377,1.2499611,1.5524665,0.9128444,1.2326555
2010-01-24 01:00:00,0.4480333333333333,0.3388,2.7261097715545746,0.25673193,1.0378225,0.81887496,0.9283487
2010-01-24 02:00:00,0.3533,0.3593666666666666,2.1443394966693132,0.43236908,0.9252623,0.79468125,0.85997176
2010-01-24 03:00:00,0.3771,0.2991333333333333,1.6042002319411528,0.29865918,0.87289006,0.73062044,0.80175525
2010-01-24 04:00:00,0.3299333333333333,0.3061,1.283612884096448,0.45003715,0.85160774,0.6819371,0.7667724
2010-01-24 05:00:00,0.3313333333333333,0.3009333333333333,1.2632442520333151,0.44365183,0.8477536,0.67958784,0.7636707
2010-01-24 06:00:00,0.3283666666666667,1.2045333333333337,1.2580739782442378,0.5876681,0.9118806,0.748925,0.8304028
2010-01-24 07:00:00,0.3837666666666666,2.561694915254237,1.2527019542258857,0.84564316,1.2499421,0.9399551,1.0949485
2010-01-24 08:00:00,0.9151666666666668,2.4269000000000003,1.266217407648183,0.83883995,1.4830017,1.2239944,1.353498
2010-01-24 09:00:00,2.3049666666666666,1.7542,1.4048702856970543,1.3842969,1.4288684,1.4521286,1.4404986
2010-01-24 10:00:00,2.9658333333333333,2.037333333333333,1.6482412126160964,2.0036728,1.6462343,1.5465227,1.5963786
2010-01-24 11:00:00,3.2679666666666667,2.6238666666666663,2.5711498774331436,2.4307835,1.917123,1.5626045,1.7398638
2010-01-24 12:00:00,4.427266666666667,2.0373,2.831525456201039,3.0035405,1.876767,1.5587304,1.7177486
2010-01-24 13:00:00,3.2927999999999997,1.8403,2.682492649183819,3.4554875,1.9909786,1.5479113,1.769445
2010-01-24 14:00:00,2.6195333333333335,0.7951,2.2873917143222706,2.87021,1.8570094,1.532069,1.6945392
2010-01-24 15:00:00,2.9273666666666665,0.8927666666666667,2.2319267340720677,2.5771594,1.914065,1.5194387,1.7167518
2010-01-24 16:00:00,1.4614333333333331,1.3198333333333332,2.18958632226942,2.7505577,1.8671947,1.5338163,1.7005055
2010-01-24 17:00:00,1.478,1.7231,2.0862150230292604,1.9235867,1.7489393,1.5722654,1.6606023
2010-01-24 18:00:00,1.2204000000000002,5.265533333333334,2.022441116729761,2.230569,2.5486684,1.643717,2.0961928
2010-01-24 19:00:00,1.992133333333333,3.6132,2.072499115428112,1.9377979,3.0397255,1.7057785,2.372752
2010-01-24 20:00:00,2.3930333333333333,2.7583333333333333,2.033524349849106,2.9491363,2.8078043,1.6741052,2.2409549
2010-01-24 21:00:00,1.3750666666666669,3.067833333333333,2.3479021082104796,2.519244,2.6009789,1.4577045,2.0293417
2010-01-24 22:00:00,1.0055,3.764366666666666,2.675057637180428,1.1799517,1.8242468,1.1523888,1.4883177
2010-01-24 23:00:00,0.3566666666666666,1.5229333333333337,2.9404786524774424,0.5067289,0.7213314,0.932407,0.82686925
2010-01-25 00:00:00,0.3740333333333333,1.2687,2.8740639748912837,0.39945447,0.56565,0.8193046,0.6924773
2010-01-25 01:00:00,0.3303666666666666,0.4480333333333333,2.7240300384594813,0.43363154,0.4775727,0.39537436,0.43647355
2010-01-25 02:00:00,0.3306666666666666,0.3533,2.14225976357422,0.44974098,0.42350438,0.42462158,0.42406297
2010-01-25 03:00:00,0.4591,0.3771,1.6021204988460596,0.39533854,0.42704463,0.32409304,0.37556884
2010-01-25 04:00:00,0.9385333333333332,0.3299333333333333,1.2815331510013548,0.47253072,0.43766633,0.16165543,0.29966086
2010-01-25 05:00:00,0.3037,0.3313333333333333,1.261164518938222,0.31816345,0.4309007,0.20920122,0.32005095
2010-01-25 06:00:00,1.2681666666666669,0.3283666666666667,1.2559942451491446,0.8265903,1.025909,0.9994044,1.0126567
2010-01-25 07:00:00,2.4709999999999996,0.3837666666666666,1.250622221130793,1.9632409,1.9871377,1.723768,1.8554528
2010-01-25 08:00:00,1.5608333333333335,0.9151666666666668,1.2641376745530901,2.0064254,1.8757541,1.7037835,1.7897688
2010-01-25 09:00:00,1.4633666666666665,2.3049666666666666,1.4027905526019615,1.6361963,1.9053639,1.5018811,1.7036226
2010-01-25 10:00:00,1.4530666666666667,2.9658333333333333,1.6461614795210031,1.4830925,1.7645886,1.3785415,1.571565
2010-01-25 11:00:00,1.3806,3.2679666666666667,2.5690701443380504,1.3902593,1.5102353,1.3458889,1.4280621
2010-01-25 12:00:00,1.4207,4.427266666666667,2.8294457231059456,1.27526,1.2930716,1.2893596,1.2912157
2010-01-25 13:00:00,0.8662666666666666,3.2927999999999997,2.680412916088726,1.3157377,1.2300466,1.2398665,1.2349565
2010-01-25 14:00:00,0.3115333333333333,2.6195333333333335,2.2853119812271774,0.48942295,0.8969268,1.1639946,1.0304607
2010-01-25 15:00:00,0.3633666666666666,2.9273666666666665,2.2298470009769744,0.41764507,0.95864403,1.0496552,1.0041497
2010-01-25 16:00:00,0.4125,1.4614333333333331,2.1875065891743266,0.46267188,0.9560283,1.0052639,0.98064613
2010-01-25 17:00:00,1.0833666666666666,1.478,2.0841352899341676,0.8609327,1.2597251,1.0461881,1.1529566
2010-01-25 18:00:00,1.810366666666667,1.2204000000000002,2.0203613836346683,1.7431853,1.668952,1.4152906,1.5421213
2010-01-25 19:00:00,3.713333333333334,1.992133333333333,2.0704193823330193,2.0384164,2.1293368,2.078074,2.1037054
2010-01-25 20:00:00,2.7959666666666667,2.3930333333333333,2.0314446167540128,2.757249,2.2937155,2.3855572,2.3396363
2010-01-25 21:00:00,2.5376,1.3750666666666669,2.3458223751153864,2.552307,2.1769593,2.0432944,2.110127
2010-01-25 22:00:00,2.5171333333333332,1.0055,2.672977904085335,1.5284708,1.634505,1.2074039,1.4209545
2010-01-25 23:00:00,2.0096,0.3566666666666666,2.938398919382349,1.9293281,1.0515527,0.57298595,0.81226933
2010-01-26 00:00:00,2.074966666666666,0.3740333333333333,2.8719842417961905,1.3886245,0.59632766,0.4212721,0.5087999
2010-01-26 01:00:00,1.3999,0.3303666666666666,2.721950305364388,1.0994885,0.48204565,0.3610319,0.42153877
2010-01-26 02:00:00,1.1482666666666668,0.3306666666666666,2.1401800304791267,1.1660103,0.48145396,0.37651205,0.428983
2010-01-26 03:00:00,0.3220666666666666,0.4591,1.6000407657509668,0.28844458,0.48186216,0.3786841,0.43027312
2010-01-26 04:00:00,0.3988333333333333,0.9385333333333332,1.279453417906262,0.4399064,0.49905977,0.41405803,0.45655888
2010-01-26 05:00:00,0.3316333333333333,0.3037,1.259084785843129,0.4546845,0.4835747,0.55851483,0.52104473
2010-01-26 06:00:00,0.7663666666666666,1.2681666666666669,1.2539145120540518,1.0664778,1.0135179,1.11351,1.063514
2010-01-26 07:00:00,1.6356,2.4709999999999996,1.2485424880356997,2.1656928,2.0704405,1.9117856,1.9911131
2010-01-26 08:00:00,2.432666666666667,1.5608333333333335,1.2620579414579969,1.6471031,1.6092929,1.861441,1.735367
2010-01-26 09:00:00,1.7511,1.4633666666666665,1.4007108195068683,1.8754554,1.6733092,1.5727758,1.6230426
2010-01-26 10:00:00,1.8685333333333332,1.4530666666666667,1.6440817464259099,1.692392,1.8722084,1.4657966,1.6690025
2010-01-26 11:00:00,1.7263,1.3806,2.566990411242957,1.7525704,1.4869885,1.4417644,1.4643764
2010-01-26 12:00:00,1.9952,1.4207,2.8273659900108523,1.6909454,1.5127635,1.4281485,1.470456
2010-01-26 13:00:00,2.0996666666666663,0.8662666666666666,2.678333182993633,1.8233258,1.6386112,1.4209361,1.5297737
2010-01-26 14:00:00,0.9804,0.3115333333333333,2.2832322481320846,1.888971,1.5536261,1.4002014,1.4769137
2010-01-26 15:00:00,0.7778666666666666,0.3633666666666666,2.2277672678818816,1.3030399,1.4118295,1.3530005,1.382415
2010-01-26 16:00:00,0.6513000000000001,0.4125,2.185426856079234,1.0103272,1.5865387,1.2954571,1.4409978
2010-01-26 17:00:00,1.2021666666666666,1.0833666666666666,2.0820555568390744,1.0460685,1.7661836,1.2354404,1.500812
2010-01-26 18:00:00,1.7009,1.810366666666667,2.018281650539575,1.8405443,2.0802183,1.3465695,1.7133939
2010-01-26 19:00:00,1.7123,3.713333333333334,2.068339649237926,2.3805356,2.5588276,1.7789477,2.1688876
2010-01-26 20:00:00,2.3164333333333333,2.7959666666666667,2.0293648836589195,1.9563227,2.475243,2.2581244,2.3666837
2010-01-26 21:00:00,1.6365333333333334,2.5376,2.343742642020293,2.0415382,2.298907,2.1791382,2.2390227
2010-01-26 22:00:00,1.4964333333333333,2.5171333333333332,2.6708981709902417,1.2857472,1.694625,1.4574611,1.5760431
2010-01-26 23:00:00,2.0339666666666667,2.0096,2.936319186287256,0.9348418,0.9108463,0.66212976,0.78648806
2010-01-27 00:00:00,1.4906666666666666,2.074966666666666,2.8699045087010977,1.2916952,0.4170966,0.3917734,0.404435
2010-01-27 01:00:00,1.4109666666666667,1.3999,2.7198705722692953,1.0644931,0.36158544,0.34080517,0.3511953
2010-01-27 02:00:00,1.3965,1.1482666666666668,2.138100297384034,1.0984774,0.38982683,0.32754815,0.3586875
2010-01-27 03:00:00,1.3098,0.3220666666666666,1.5979610326558735,1.0928683,0.36560613,0.304659,0.33513257
2010-01-27 04:00:00,0.3251666666666667,0.3988333333333333,1.2773736848111688,0.701542,0.4229008,0.3743772,0.398639
2010-01-27 05:00:00,0.3688666666666667,0.3316333333333333,1.2570050527480359,0.44759572,0.3574048,0.694625,0.5260149
2010-01-27 06:00:00,0.9855666666666668,0.7663666666666666,1.2518347789589586,1.2390153,1.0585383,1.3207477,1.189643
2010-01-27 07:00:00,2.8370666666666664,1.6356,1.2464627549406064,2.363864,1.9623638,2.0122886,1.9873261
2010-01-27 08:00:00,1.625,2.432666666666667,1.2599782083629036,2.0208,1.9682279,1.8571298,1.9126788
2010-01-27 09:00:00,1.8130666666666668,1.7511,1.398631086411775,1.6803086,1.5907769,1.5672779,1.5790274
2010-01-27 10:00:00,1.4292,1.8685333333333332,1.642002013330817,1.8982785,1.6088318,1.488764,1.5487978
2010-01-27 11:00:00,1.8740333333333332,1.7263,2.5649106781478643,1.6473153,1.7232285,1.5259426,1.6245855
2010-01-27 12:00:00,1.7216,1.9952,2.8252862569157595,1.9355074,1.6273597,1.4830054,1.5551826
2010-01-27 13:00:00,1.5178666666666667,2.0996666666666663,2.6762534498985397,2.013406,1.5039607,1.4259757,1.4649682
2010-01-27 14:00:00,2.1337333333333333,0.9804,2.2811525150369913,1.6643271,1.0643896,1.4412042,1.2527969
2010-01-27 15:00:00,0.5992,0.7778666666666666,2.2256875347867884,1.182063,1.0305912,1.4651934,1.2478924
2010-01-27 16:00:00,1.0771000000000002,0.6513000000000001,2.1833471229841406,1.098636,1.2463211,1.5005333,1.3734272
2010-01-27 17:00:00,4.079833333333333,1.2021666666666666,2.079975823743981,2.0284188,1.2575363,1.6245948,1.4410655
2010-01-27 18:00:00,2.8956,1.7009,2.016201917444482,2.4564927,2.0705462,1.933496,2.002021
2010-01-27 19:00:00,3.2714,1.7123,2.0662599161428328,2.8583047,2.514653,2.3741035,2.4443784
2010-01-27 20:00:00,3.2618,2.3164333333333333,2.0272851505638267,2.9318016,2.4954298,2.6459112,2.5706706
2010-01-27 21:00:00,4.064066666666666,1.6365333333333334,2.3416629089252003,2.7634883,2.1889384,2.433434,2.3111863
2010-01-27 22:00:00,2.8506333333333336,1.4964333333333333,2.668818437895149,2.3460166,1.7716999,1.7828448,1.7772723
2010-01-27 23:00:00,1.6763,2.0339666666666667,2.934239453192163,1.7359322,1.2389263,0.87354666,1.0562365
2010-01-28 00:00:00,1.5276,1.4906666666666666,2.8678247756060045,1.137059,0.8103975,0.5227285,0.66656303
2010-01-28 01:00:00,1.4505333333333332,1.4109666666666667,2.717790839174202,1.1100236,0.6443136,0.5226464,0.58348
2010-01-28 02:00:00,1.4592666666666667,1.3965,2.1360205642889407,1.0879846,0.39280036,0.50905097,0.45092565
2010-01-28 03:00:00,0.3527333333333333,1.3098,1.5958812995607803,1.1026539,0.4966876,0.44747192,0.47207975
2010-01-28 04:00:00,0.3362333333333333,0.3251666666666667,1.2752939517160755,0.39368767,0.40597165,0.43780708,0.42188936
2010-01-28 05:00:00,0.3198666666666667,0.3688666666666667,1.2549253196529426,0.45802134,0.42488754,0.58470476,0.50479615
2010-01-28 06:00:00,0.8998,0.9855666666666668,1.2497550458638653,1.0724576,0.84072334,1.0463518,0.9435376
2010-01-28 07:00:00,3.0831999999999997,2.8370666666666664,1.2443830218455136,2.142813,1.9731984,1.8956342,1.9344163
2010-01-28 08:00:00,1.9817,1.625,1.2578984752678108,1.8991712,2.0610847,2.0119977,2.0365412
2010-01-28 09:00:00,1.4531333333333334,1.8130666666666668,1.3965513533166822,1.5805044,1.6061584,1.6769546,1.6415565
2010-01-28 10:00:00,1.4392666666666665,1.4292,1.6399222802357238,1.4557528,1.5716053,1.4676766,1.5196409
2010-01-28 11:00:00,1.4421666666666666,1.8740333333333332,2.562830945052771,1.3618464,1.5239385,1.3619356,1.4429371
2010-01-28 12:00:00,0.9839,1.7216,2.8232065238206663,1.389578,1.5062017,1.3051816,1.4056916
2010-01-28 13:00:00,0.3275333333333333,1.5178666666666667,2.6741737168034465,0.72910833,1.4159408,1.2656642,1.3408024
2010-01-28 14:00:00,0.3529333333333333,2.1337333333333333,2.279072781941898,0.40444115,1.0825921,1.1855398,1.134066
2010-01-28 15:00:00,0.4372,0.5992,2.223607801691695,0.387476,1.1040177,1.1163604,1.1101891
2010-01-28 16:00:00,0.7021666666666667,1.0771000000000002,2.1812673898890473,0.69051677,0.89943707,1.0947117,0.99707437
2010-01-28 17:00:00,1.1882666666666668,4.079833333333333,2.0778960906488884,0.9823675,1.1387537,1.2708399,1.2047968
2010-01-28 18:00:00,2.0725,2.8956,2.014122184349389,2.081695,1.8939295,1.6468086,1.770369
2010-01-28 19:00:00,2.354966666666667,3.2714,2.06418018304774,2.888211,2.3951035,2.1581059,2.2766047
2010-01-28 20:00:00,3.058133333333333,3.2618,2.0252054174687335,2.2741737,2.5324013,2.5147364,2.5235689
2010-01-28 21:00:00,3.0337,4.064066666666666,2.339583175830107,2.6756673,2.3862596,2.239016,2.3126378
2010-01-28 22:00:00,2.5349,2.8506333333333336,2.6667387048000557,2.0611582,1.6018648,1.5739287,1.5878968
2010-01-28 23:00:00,2.3788666666666667,1.6763,2.93215972009707,2.086621,1.2033005,0.92783576,1.0655681
2010-01-29 00:00:00,1.4703333333333333,1.5276,2.8657450425109112,1.4172753,1.1567872,0.629305,0.8930461
2010-01-29 01:00:00,1.3756333333333333,1.4505333333333332,2.715711106079109,1.0371906,1.0396845,0.55414784,0.7969162
2010-01-29 02:00:00,1.4295666666666669,1.4592666666666667,2.1339408311938475,1.1096842,0.7107378,0.53449464,0.62261623
2010-01-29 03:00:00,0.3788666666666666,0.3527333333333333,1.5938015664656875,1.1950861,0.47158185,0.48186618,0.47672403
2010-01-29 04:00:00,0.3784333333333333,0.3362333333333333,1.2732142186209827,0.4905489,0.43868625,0.45852673,0.4486065
2010-01-29 05:00:00,0.386,0.3198666666666667,1.2528455865578498,0.4074001,0.40228307,0.5299977,0.4661404
2010-01-29 06:00:00,1.2705,0.8998,1.2476753127687725,1.1437736,1.0635177,0.9153874,0.98945254
2010-01-29 07:00:00,3.298766666666667,3.0831999999999997,1.2423032887504204,2.0492558,2.0990953,1.7731133,1.9361043
2010-01-29 08:00:00,3.779,1.9817,1.2558187421727176,2.3048525,1.9493726,2.0369265,1.9931495
2010-01-29 09:00:00,1.9040333333333337,1.4531333333333334,1.394471620221589,2.8744786,1.863464,1.8177307,1.8405974
2010-01-29 10:00:00,2.0936666666666666,1.4392666666666665,1.6378425471406306,1.6020633,1.6032366,1.6872246,1.6452305
2010-01-29 11:00:00,2.1202,1.4421666666666666,2.560751211957678,1.845392,1.4439622,1.6184245,1.5311934
2010-01-29 12:00:00,1.7746,0.9839,2.821126790725573,2.5800955,1.6974217,1.5561349,1.6267784
2010-01-29 13:00:00,1.5854666666666666,0.3275333333333333,2.6720939837083533,1.6550242,1.2083242,1.4921999,1.350262
2010-01-29 14:00:00,1.5538666666666667,0.3529333333333333,2.2769930488468053,1.4631668,0.901657,1.4654953,1.1835761
2010-01-29 15:00:00,1.558633333333333,0.4372,2.2215280685966023,1.3832077,1.2189568,1.4894209,1.3541889
2010-01-29 16:00:00,1.6284333333333334,0.7021666666666667,2.1791876567939545,1.3859584,1.2264298,1.6038129,1.4151213
2010-01-29 17:00:00,2.1552,1.1882666666666668,2.075816357553795,1.6565346,1.1666539,1.8221027,1.4943783
2010-01-29 18:00:00,1.816,2.0725,2.012042451254296,2.1745086,2.1325994,2.1304665,2.131533
2010-01-29 19:00:00,0.4447666666666666,2.354966666666667,2.0621004499526467,2.0756924,2.4112625,2.3682752,2.3897688
2010-01-29 20:00:00,0.4278333333333333,3.058133333333333,2.0231256843736403,0.7958589,2.045362,2.2155776,2.1304698
2010-01-29 21:00:00,0.2927,3.0337,2.337503442735014,0.79005533,2.4225721,1.7288756,2.075724
2010-01-29 22:00:00,0.4055666666666667,2.5349,2.6646589717049625,0.2094641,1.8346182,1.1715871,1.5031027
2010-01-29 23:00:00,1.3551,2.3788666666666667,2.9300799870019767,0.60676026,1.0019436,0.69507575,0.84850967
2010-01-30 00:00:00,0.6319,1.4703333333333333,2.8636653094158184,0.6939482,0.85990775,0.47531348,0.66761065
2010-01-30 01:00:00,0.4262333333333333,1.3756333333333333,2.713631372984016,0.4632978,0.8264348,0.42753327,0.626984
2010-01-30 02:00:00,0.3594666666666667,1.4295666666666669,2.1318610980987547,0.38705945,0.6913893,0.34331888,0.51735413
2010-01-30 03:00:00,0.2925333333333333,0.3788666666666666,1.5917218333705943,0.3503549,0.5488848,0.26059747,0.40474114
2010-01-30 04:00:00,0.3078333333333333,0.3784333333333333,1.2711344855258895,0.39431795,0.5306978,0.31191528,0.42130655
2010-01-30 05:00:00,0.2825333333333333,0.386,1.2507658534627566,0.4337428,0.5110299,0.5535901,0.53231
2010-01-30 06:00:00,0.5605666666666667,1.2705,1.2455955796736793,0.9042008,0.8826385,1.1778402,1.0302393
2010-01-30 07:00:00,2.8678000000000003,3.298766666666667,1.2402235556553272,2.3484046,2.0760396,1.8441563,1.9600979
2010-01-30 08:00:00,3.303833333333333,3.779,1.2537390090776248,2.1747522,2.3894475,2.0085542,2.1990008
2010-01-30 09:00:00,2.751633333333334,1.9040333333333337,1.3923918871264962,2.6030204,1.7624669,1.8861394,1.8243032
2010-01-30 10:00:00,1.4687666666666668,2.0936666666666666,1.6357628140455378,1.844695,2.1656222,1.8784153,2.022019
2010-01-30 11:00:00,2.0038,2.1202,2.5586714788625846,1.6877245,2.2001836,1.9747033,2.0874434
2010-01-30 12:00:00,0.4530333333333333,1.7746,2.8190470576304802,2.0978565,1.8806875,2.0066419,1.9436647
2010-01-30 13:00:00,1.9267,1.5854666666666666,2.6700142506132605,1.1190689,1.6687875,1.9513433,1.8100654
2010-01-30 14:00:00,2.4138666666666664,1.5538666666666667,2.274913315751712,2.4937994,1.4402583,1.8851066,1.6626824
2010-01-30 15:00:00,2.568866666666666,1.558633333333333,2.219448335501509,2.0568867,1.2896608,1.9363886,1.6130247
2010-01-30 16:00:00,2.8265333333333333,1.6284333333333334,2.1771079236988613,2.563062,1.371463,1.9745953,1.6730292
2010-01-30 17:00:00,3.569166666666667,2.1552,2.073736624458702,2.5256522,1.6158003,2.0693219,1.842561
2010-01-30 18:00:00,5.142166666666666,1.816,2.0099627181592026,3.6208768,2.2683372,2.2488148,2.258576
2010-01-30 19:00:00,2.7153,0.4447666666666666,2.060020716857554,4.3158464,2.312417,2.335288,2.3238525
2010-01-30 20:00:00,3.9136,0.4278333333333333,2.0210459512785475,2.8244197,2.509253,2.1034002,2.3063266
2010-01-30 21:00:00,3.0032,0.2927,2.335423709639921,2.6736348,2.245464,1.6586511,1.9520576
2010-01-30 22:00:00,2.5942,0.4055666666666667,2.6625792386098692,2.8591383,1.7640728,1.1545036,1.4592881
2010-01-30 23:00:00,0.9952666666666666,1.3551,2.928000253906884,1.9913788,1.4612417,0.70821834,1.08473
2010-01-31 00:00:00,0.3495,0.6319,2.861585576320725,0.37798625,1.5960861,0.5110255,1.0535558
2010-01-31 01:00:00,0.3733,0.4262333333333333,2.711551639888923,0.4194616,0.8327669,0.48333216,0.6580495
2010-01-31 02:00:00,0.4858333333333333,0.3594666666666667,2.1297813650036614,0.4197106,0.7671069,0.41918516,0.593146
2010-01-31 03:00:00,0.3912666666666666,0.2925333333333333,1.589642100275501,0.4379729,0.70466787,0.36658823,0.5356281
2010-01-31 04:00:00,0.3298666666666667,0.3078333333333333,1.2690547524307965,0.35705185,0.6928898,0.36944258,0.5311662
2010-01-31 05:00:00,0.2867666666666666,0.2825333333333333,1.2486861203676636,0.41005892,0.66653454,0.39631516,0.5314249
2010-01-31 06:00:00,1.0070666666666666,0.5605666666666667,1.2435158465785863,0.4386489,0.7085165,0.48395026,0.59623337
2010-01-31 07:00:00,0.3147666666666666,2.8678000000000003,1.2381438225602341,1.0271537,1.4336332,0.7465919,1.0901126
2010-01-31 08:00:00,0.3817333333333333,3.303833333333333,1.2516592759825316,0.9234027,1.4082088,1.0538323,1.2310206
2010-01-31 09:00:00,0.7825666666666666,2.751633333333334,1.390312154031403,0.90816987,2.1352162,1.2645874,1.6999018
2010-01-31 10:00:00,0.5537333333333334,1.4687666666666668,1.6336830809504446,1.3756449,2.1517055,1.5671518,1.8594286
2010-01-31 11:00:00,1.8462333333333336,2.0038,2.556591745767492,1.3643886,2.1507692,1.8858532,2.0183113
2010-01-31 12:00:00,1.0968666666666669,0.4530333333333333,2.816967324535387,2.16748,2.1650372,2.0439434,2.1044903
2010-01-31 13:00:00,1.8930333333333331,1.9267,2.6679345175181672,1.8839067,2.203132,2.134869,2.1690006
2010-01-31 14:00:00,1.7406666666666666,2.4138666666666664,2.272833582656619,2.2344105,2.1906922,2.1307325,2.1607122
2010-01-31 15:00:00,1.7660333333333331,2.568866666666666,2.2173686024064163,2.2657049,2.1531467,2.1294076,2.1412773
2010-01-31 16:00:00,1.4556666666666669,2.8265333333333333,2.1750281906037685,1.8939068,1.9425801,2.2632878,2.102934
2010-01-31 17:00:00,1.6897333333333333,3.569166666666667,2.0716568913636086,1.5188026,1.9998295,2.5632534,2.2815413
2010-01-31 18:00:00,2.4676666666666667,5.142166666666666,2.0078829850641093,1.9299235,1.831438,2.9384263,2.384932
2010-01-31 19:00:00,2.6030333333333333,2.7153,2.0579409837624607,2.73615,2.4058216,3.1682663,2.787044
2010-01-31 20:00:00,2.963,3.9136,2.0189662181834542,2.572048,2.4576697,3.0582922,2.7579808
2010-01-31 21:00:00,2.328133333333333,3.0032,2.333343976544828,2.4294906,1.9345299,2.4815917,2.2080607
2010-01-31 22:00:00,1.9938333333333331,2.5942,2.6604995055147764,2.0361235,1.4602118,1.7539115,1.6070616
2010-01-31 23:00:00,0.8863,0.9952666666666666,2.9259205208117907,0.6941449,1.0228399,1.3028973,1.1628686
2010-02-01 00:00:00,0.3138333333333333,0.3495,2.859505843225632,0.63615817,0.5495005,1.1248653,0.8371829
2010-02-01 01:00:00,0.3134666666666666,0.3733,2.70947190679383,0.426109,0.4695826,0.69731724,0.5834499
2010-02-01 02:00:00,0.5956333333333333,0.4858333333333333,2.1277016319085686,0.4117928,0.44791442,0.5571506,0.5025325
2010-02-01 03:00:00,0.7181,0.3912666666666666,1.587562367180408,0.4018546,0.45525905,0.39444053,0.4248498
2010-02-01 04:00:00,0.3033666666666666,0.3298666666666667,1.2669750193357032,0.34787455,0.46624374,0.27731818,0.37178096
2010-02-01 05:00:00,0.2833333333333333,0.2867666666666666,1.2466063872725703,0.43137488,0.4302047,0.28235197,0.35627833
2010-02-01 06:00:00,1.463833333333333,1.0070666666666666,1.2414361134834933,1.1560843,0.9820634,0.79039454,0.886229
2010-02-01 07:00:00,2.0536,0.3147666666666666,1.2360640894651411,2.441737,1.9699354,1.7839439,1.8769397
2010-02-01 08:00:00,1.4446,0.3817333333333333,1.2495795428874383,1.6409385,1.6558739,1.8885285,1.7722012
2010-02-01 09:00:00,1.4007,0.7825666666666666,1.3882324209363097,1.2965178,1.4785496,1.6518418,1.5651957
2010-02-01 10:00:00,1.3604333333333334,0.5537333333333334,1.6316033478553513,1.3160053,1.7089667,1.528689,1.6188278
2010-02-01 11:00:00,1.4004,1.8462333333333336,2.554512012672399,1.3017583,1.5185571,1.4605992,1.4895781
2010-02-01 12:00:00,1.3903,1.0968666666666669,2.8148875914402938,1.3701551,1.2479982,1.3988348,1.3234165
2010-02-01 13:00:00,0.9656,1.8930333333333331,2.665854784423074,1.29124,1.1416959,1.2978712,1.2197835
2010-02-01 14:00:00,0.3353333333333333,1.7406666666666666,2.2707538495615256,0.47484428,0.8340373,1.1478138,0.99092555
2010-02-01 15:00:00,0.3560333333333333,1.7660333333333331,2.215288869311323,0.40546215,0.8105667,1.0064768,0.9085218
2010-02-01 16:00:00,0.2904333333333333,1.4556666666666669,2.1729484575086753,0.35468546,1.0329638,0.9024086,0.9676862
2010-02-01 17:00:00,0.4374,1.6897333333333333,2.069577158268516,0.5781136,1.1392462,0.909192,1.0242192
2010-02-01 18:00:00,0.8825666666666667,2.4676666666666667,2.0058032519690165,1.1565845,1.7034719,1.3369039,1.5201879
2010-02-01 19:00:00,2.7796666666666665,2.6030333333333333,2.0558612506673675,1.9271841,2.626005,2.0313172,2.328661
2010-02-01 20:00:00,2.9138666666666664,2.963,2.016886485088361,2.2419,2.5089822,2.3281403,2.4185612
2010-02-01 21:00:00,1.526,2.328133333333333,2.3312642434497346,2.39521,2.4214077,1.9315304,2.176469
2010-02-01 22:00:00,2.5810666666666666,1.9938333333333331,2.658419772419683,1.6096557,1.9308819,1.1545233,1.5427026
2010-02-01 23:00:00,2.1200666666666668,0.8863,2.9238407877166974,1.3436875,0.9723488,0.572778,0.7725634
2010-02-02 00:00:00,1.4873666666666667,0.3138333333333333,2.857426110130539,1.7365458,0.60104823,0.42752254,0.5142854
2010-02-02 01:00:00,1.0256,0.3134666666666666,2.7073921736987367,1.0795194,0.53948176,0.39010108,0.46479142
2010-02-02 02:00:00,0.3722333333333333,0.5956333333333333,2.1256218988134754,0.32351366,0.5547337,0.38022208,0.4674779
2010-02-02 03:00:00,0.3230666666666666,0.7181,1.585482634085315,0.36852735,0.52555025,0.35600632,0.4407783
2010-02-02 04:00:00,0.2987333333333333,0.3033666666666666,1.2648952862406102,0.37941816,0.51820475,0.35306495,0.43563485
2010-02-02 05:00:00,0.3019,0.2833333333333333,1.2445266541774773,0.4403773,0.48720112,0.49765784,0.4924295
2010-02-02 06:00:00,1.9578666666666664,1.463833333333333,1.2393563803884,1.0596944,1.0507712,1.1492815,1.1000264
2010-02-02 07:00:00,1.8994,2.0536,1.2339843563700479,2.0933485,1.6492974,1.9655228,1.80741
2010-02-02 08:00:00,2.5333666666666668,1.4446,1.2474998097923455,1.6787965,1.8510808,1.8344512,1.842766
2010-02-02 09:00:00,1.5206333333333333,1.4007,1.386152687841217,1.8087207,1.45814,1.5692294,1.5136847
2010-02-02 10:00:00,1.4296,1.3604333333333334,1.6295236147602585,1.5083095,1.5521414,1.48213,1.5171357
2010-02-02 11:00:00,1.435633333333333,1.4004,2.552432279577306,1.4061726,1.5442263,1.4568707,1.5005485
2010-02-02 12:00:00,1.3786333333333334,1.3903,2.8128078583452005,1.4087209,1.5354464,1.420511,1.4779787
2010-02-02 13:00:00,1.3852666666666666,0.9656,2.663775051327981,1.3587714,1.7610067,1.3531294,1.5570681
2010-02-02 14:00:00,1.4864666666666666,0.3353333333333333,2.268674116466433,1.2824167,1.4228377,1.2958937,1.3593657
2010-02-02 15:00:00,1.4354333333333331,0.3560333333333333,2.21320913621623,1.3086993,1.6910689,1.2107605,1.4509146
2010-02-02 16:00:00,1.3928333333333334,0.2904333333333333,2.170868724413582,1.2789642,1.4631276,1.082565,1.2728462
2010-02-02 17:00:00,0.6857000000000001,0.4374,2.0674974251734226,1.371717,1.5703727,1.1389369,1.3546548
2010-02-02 18:00:00,1.8303,0.8825666666666667,2.0037235188739233,1.0978167,2.1316452,1.4781486,1.8048968
2010-02-02 19:00:00,3.0266,2.7796666666666665,2.0537815175722747,1.9895697,2.421358,2.0500262,2.235692
2010-02-02 20:00:00,2.744866666666667,2.9138666666666664,2.014806751993268,2.5413506,2.5045652,2.450883,2.477724
2010-02-02 21:00:00,2.3579,1.526,2.329184510354642,2.2112627,2.3067074,2.3907187,2.348713
2010-02-02 22:00:00,2.0146333333333333,2.5810666666666666,2.65634003932459,1.4602975,1.7120048,1.583386,1.6476953
2010-02-02 23:00:00,1.6331666666666669,2.1200666666666668,2.9217610546216046,1.363136,1.2621781,0.7166371,0.98940754
2010-02-03 00:00:00,1.5940333333333332,1.4873666666666667,2.855346377035446,1.1849767,0.7162761,0.58393043,0.6501033
2010-02-03 01:00:00,1.447566666666667,1.0256,2.7053124406036435,1.224759,0.71684575,0.5942942,0.65557
2010-02-03 02:00:00,1.4201,0.3722333333333333,2.123542165718382,1.1492604,0.6324195,0.52834815,0.58038384
2010-02-03 03:00:00,0.3551,0.3230666666666666,1.5834029009902217,0.92022604,0.60482204,0.44157642,0.5231992
2010-02-03 04:00:00,0.2987,0.2987333333333333,1.262815553145517,0.3699806,0.5335289,0.40724802,0.47038847
2010-02-03 05:00:00,0.315,0.3019,1.2424469210823843,0.39242136,0.5181535,0.5370643,0.5276089
2010-02-03 06:00:00,1.5371666666666668,1.9578666666666664,1.237276647293307,1.0722784,1.2755253,1.1303155,1.2029204
2010-02-03 07:00:00,2.9544,1.8994,1.2319046232749549,2.5127065,2.379701,1.8662946,2.1229978
2010-02-03 08:00:00,1.6038666666666666,2.5333666666666668,1.2454200766972523,2.181475,2.1106143,1.8435025,1.9770584
2010-02-03 09:00:00,2.0543666666666667,1.5206333333333333,1.3840729547461237,2.107217,1.9321015,1.6472671,1.7896843
2010-02-03 10:00:00,1.9142666666666663,1.4296,1.6274438816651653,1.5137371,1.8285931,1.5477371,1.6881652
2010-02-03 11:00:00,1.4211,1.435633333333333,2.5503525464822125,1.8911273,1.9195013,1.5127518,1.7161266
2010-02-03 12:00:00,3.172266666666667,1.3786333333333334,2.8107281252501077,1.3342866,1.8415098,1.4973607,1.6694353
2010-02-03 13:00:00,2.7109,1.3852666666666666,2.661695318232888,2.0068483,1.5267733,1.4792823,1.5030278
2010-02-03 14:00:00,2.1453333333333333,1.4864666666666666,2.2665943833713396,1.5948942,1.441204,1.4244682,1.432836
2010-02-03 15:00:00,3.2107,1.4354333333333331,2.211129403121137,1.5605291,0.9556265,1.2683142,1.1119704
2010-02-03 16:00:00,1.8461,1.3928333333333334,2.168788991318489,2.3436043,1.0966257,1.2575665,1.1770961
2010-02-03 17:00:00,1.7715333333333334,0.6857000000000001,2.0654176920783294,2.1047778,1.5387877,1.3607152,1.4497514
2010-02-03 18:00:00,1.4186,1.8303,2.00164378577883,1.8081235,2.008928,1.540956,1.774942
2010-02-03 19:00:00,3.0831666666666666,3.0266,2.0517017844771814,2.0305126,2.6723056,1.9865599,2.3294327
2010-02-03 20:00:00,2.7196,2.744866666666667,2.012727018898175,2.8683937,2.5021598,2.2236156,2.3628879
2010-02-03 21:00:00,4.5192,2.3579,2.3271047772595486,2.3106132,2.288841,1.9487746,2.1188078
2010-02-03 22:00:00,3.0099,2.0146333333333333,2.654260306229497,2.5540414,1.8325005,1.2389988,1.5357497
2010-02-03 23:00:00,1.8606,1.6331666666666669,2.9196813215265114,2.039895,1.2132946,0.6157758,0.9145352
2010-02-04 00:00:00,1.3957000000000002,1.5940333333333332,2.8532666439403527,1.4870927,1.1004881,0.44369107,0.7720896
2010-02-04 01:00:00,1.435733333333333,1.447566666666667,2.7032327075085507,1.0277083,0.7499029,0.4112686,0.5805857
2010-02-04 02:00:00,1.4021333333333332,1.4201,2.1214624326232894,1.09369,0.46724716,0.40764368,0.4374454
2010-02-04 03:00:00,1.4247333333333332,0.3551,1.5813231678951287,1.087236,0.42561635,0.3972625,0.41143942
2010-02-04 04:00:00,0.9733333333333332,0.2987,1.260735820050424,1.1031505,0.38936767,0.41345304,0.40141034
2010-02-04 05:00:00,0.3251666666666667,0.315,1.240367187987291,0.37712225,0.41483465,0.5665157,0.49067515
2010-02-04 06:00:00,2.2076333333333333,1.5371666666666668,1.235196914198214,1.0294106,0.9632361,1.1735731,1.0684047
2010-02-04 07:00:00,2.4157,2.9544,1.2298248901798619,2.4279895,2.3357048,2.026381,2.181043
2010-02-04 08:00:00,1.8441333333333332,1.6038666666666666,1.243340343602159,1.854935,2.130807,1.9183183,2.0245626
2010-02-04 09:00:00,1.4279000000000002,2.0543666666666667,1.3819932216510304,1.5911304,1.7755296,1.5529833,1.6642565
2010-02-04 10:00:00,1.4783666666666666,1.9142666666666663,1.625364148570072,1.2479769,1.6830689,1.3515103,1.5172896
2010-02-04 11:00:00,1.4483333333333337,1.4211,2.5482728133871193,1.419661,1.6400121,1.2524927,1.4462523
2010-02-04 12:00:00,1.4012666666666669,3.172266666666667,2.808648392155015,1.3950621,1.4421377,1.1751902,1.308664
2010-02-04 13:00:00,1.4250666666666667,2.7109,2.6596155851377947,1.341126,1.0370336,1.1061338,1.0715837
2010-02-04 14:00:00,1.3930333333333336,2.1453333333333333,2.2645146502762463,1.2514868,0.9228152,1.0260606,0.9744379
2010-02-04 15:00:00,1.4989666666666668,3.2107,2.209049670026044,1.2234379,0.8113072,0.9473397,0.8793235
2010-02-04 16:00:00,1.4587333333333334,1.8461,2.166709258223396,1.298577,1.0362761,0.8607972,0.94853663
2010-02-04 17:00:00,1.3272333333333333,1.7715333333333334,2.0633379589832366,1.400345,0.87124753,0.8723697,0.87180865
2010-02-04 18:00:00,0.4907,1.4186,1.9995640526837373,1.3937594,1.6619313,1.090896,1.3764136
2010-02-04 19:00:00,2.691666666666667,3.0831666666666666,2.049622051382088,1.2832527,2.4950635,1.8026147,2.148839
2010-02-04 20:00:00,3.128,2.7196,2.0106472858030817,2.3576562,2.5588858,2.411668,2.485277
2010-02-04 21:00:00,2.3211333333333335,4.5192,2.3250250441644553,2.7170794,2.4194493,2.275928,2.3476887
2010-02-04 22:00:00,2.0125333333333333,3.0099,2.652180573134404,1.428737,1.8874604,1.5670178,1.7272391
2010-02-04 23:00:00,1.6773,1.8606,2.9176015884314186,1.2084835,1.3457406,0.9133006,1.1295205
2010-02-05 00:00:00,1.7065666666666668,1.3957000000000002,2.85118691084526,1.358585,0.98696214,0.62890804,0.8079351
2010-02-05 01:00:00,1.5778,1.435733333333333,2.7011529744134575,1.3762639,0.98263955,0.5567979,0.76971877
2010-02-05 02:00:00,0.9862666666666668,1.4021333333333332,2.119382699528196,1.1846935,0.7895928,0.5025543,0.6460736
2010-02-05 03:00:00,0.4041666666666667,1.4247333333333332,1.5792434348000357,0.40888608,0.38795513,0.42178178,0.40486845
2010-02-05 04:00:00,0.378,0.9733333333333332,1.258656086955331,0.3826371,0.3442286,0.39120108,0.36771482
2010-02-05 05:00:00,0.3624,0.3251666666666667,1.238287454892198,0.38470554,0.3422102,0.5030771,0.42264366
2010-02-05 06:00:00,0.9717666666666668,2.2076333333333333,1.2331171811031207,1.1584445,1.2167758,1.020825,1.1188004
2010-02-05 07:00:00,1.9549666666666667,2.4157,1.2277451570847686,2.7267373,2.399686,1.8734491,2.1365676
2010-02-05 08:00:00,1.598,1.8441333333333332,1.2412606105070663,1.7101955,2.1708364,1.9908781,2.0808573
2010-02-05 09:00:00,1.7533999999999998,1.4279000000000002,1.3799134885559377,1.5366904,1.7725917,1.7683685,1.7704802
2010-02-05 10:00:00,1.4249666666666667,1.4783666666666666,1.6232844154749793,1.7189347,2.1133983,1.624804,1.8691012
2010-02-05 11:00:00,1.4376666666666666,1.4483333333333337,2.546193080292026,1.372061,1.8086748,1.5241383,1.6664066
2010-02-05 12:00:00,1.7966333333333333,1.4012666666666669,2.8065686590599217,1.409005,1.8418709,1.40404,1.6229554
2010-02-05 13:00:00,1.6752,1.4250666666666667,2.657535852042702,1.6566027,1.6001436,1.2106025,1.4053731
2010-02-05 14:00:00,0.8872666666666666,1.3930333333333336,2.2624349171811535,1.4527738,0.976385,1.0279816,1.0021833
2010-02-05 15:00:00,1.9222333333333337,1.4989666666666668,2.2069699369309506,0.9137704,1.541556,0.905589,1.2235725
2010-02-05 16:00:00,0.6796333333333333,1.4587333333333334,2.1646295251283028,1.6648339,1.1913118,0.80845314,0.99988246
2010-02-05 17:00:00,0.4676,1.3272333333333333,2.0612582258881433,0.971887,1.2890209,0.86127496,1.0751479
2010-02-05 18:00:00,0.7388666666666667,0.4907,1.9974843195886443,1.1069057,1.3513806,1.2167356,1.2840581
2010-02-05 19:00:00,2.555133333333333,2.691666666666667,2.0475423182869954,1.4211032,1.8692435,1.9641192,1.9166813
2010-02-05 20:00:00,2.7641,3.128,2.008567552707989,2.1208694,1.8969687,2.4644227,2.1806958
2010-02-05 21:00:00,2.565833333333333,2.3211333333333335,2.3229453110693625,2.2092218,2.3194022,2.3214123,2.3204074
2010-02-05 22:00:00,2.5206999999999997,2.0125333333333333,2.6501008400393107,1.5117747,1.4475485,1.7665071,1.6070278
2010-02-05 23:00:00,1.8523666666666665,1.6773,2.9155218553363254,1.3364489,1.1171523,1.1619277,1.13954
2010-02-06 00:00:00,1.2043,1.7065666666666668,2.8491071777501666,1.4775559,0.8774859,0.8041174,0.8408016
2010-02-06 01:00:00,0.3129,1.5778,2.6990732413183642,0.77500516,0.81945014,0.6671394,0.7432948
2010-02-06 02:00:00,0.3102333333333333,0.9862666666666668,2.117302966433103,0.39648256,0.83782804,0.59383893,0.7158335
2010-02-06 03:00:00,0.3918333333333333,0.4041666666666667,1.5771637017049425,0.39687955,0.7003034,0.48650748,0.5934054
2010-02-06 04:00:00,0.3668333333333333,0.378,1.2565763538602377,0.38678527,0.49622148,0.40839684,0.45230916
2010-02-06 05:00:00,0.296,0.3624,1.236207721797105,0.37589905,0.5459262,0.37962455,0.46277538
2010-02-06 06:00:00,1.3405,0.9717666666666668,1.2310374480080277,0.7710129,0.8579085,0.4627667,0.66033757
2010-02-06 07:00:00,2.4388,1.9549666666666667,1.2256654239896756,2.3252869,2.2934415,0.75604093,1.5247412
2010-02-06 08:00:00,1.4638666666666669,1.598,1.239180877411973,2.136357,2.197652,1.3804313,1.7890418
2010-02-06 09:00:00,1.6270666666666669,1.7533999999999998,1.3778337554608444,1.6634021,1.9340761,1.7729465,1.8535113
2010-02-06 10:00:00,2.579733333333333,1.4249666666666667,1.621204682379886,1.6130357,1.709295,1.7579975,1.7336463
2010-02-06 11:00:00,1.5258333333333334,1.4376666666666666,2.5441133471969333,2.4091036,1.9516445,1.7113276,1.831486
2010-02-06 12:00:00,1.5841666666666667,1.7966333333333333,2.8044889259648285,1.5599316,1.5715879,1.6685607,1.6200743
2010-02-06 13:00:00,0.8588666666666666,1.6752,2.6554561189476087,1.6422194,1.860557,1.5758109,1.718184
2010-02-06 14:00:00,1.8758666666666668,0.8872666666666666,2.2603551840860603,1.5135667,1.9594904,1.527062,1.7432762
2010-02-06 15:00:00,2.893133333333333,1.9222333333333337,2.2048902038358578,2.5736585,1.9820414,1.5231903,1.7526158
2010-02-06 16:00:00,2.8207,0.6796333333333333,2.16254979203321,2.6210282,1.9201496,1.653928,1.7870388
2010-02-06 17:00:00,1.7378333333333331,0.4676,2.05917849279305,3.1437786,1.8731965,1.8663385,1.8697674
2010-02-06 18:00:00,3.8774333333333337,0.7388666666666667,1.995404586493551,2.3137674,2.1733491,2.2844062,2.2288775
2010-02-06 19:00:00,3.84,2.555133333333333,2.045462585191902,3.7521286,2.8240259,2.7608018,2.7924137
2010-02-06 20:00:00,2.558233333333334,2.7641,2.0064878196128957,3.170601,2.8308976,2.8568888,2.843893
2010-02-06 21:00:00,2.9883,2.565833333333333,2.3208655779742693,2.9294832,2.652024,2.4087675,2.5303957
2010-02-06 22:00:00,2.8491,2.5206999999999997,2.648021106944218,2.5422723,2.098973,1.6844511,1.8917121
2010-02-06 23:00:00,3.4749,1.8523666666666665,2.913442122241232,2.042532,1.6826142,1.2081527,1.4453834
2010-02-07 00:00:00,1.0587,1.2043,2.8470274446550734,1.9787211,1.4134209,1.0132097,1.2133152
2010-02-07 01:00:00,1.0104333333333333,0.3129,2.6969935082232714,0.8311601,0.9192768,0.96426934,0.94177306
2010-02-07 02:00:00,0.9769666666666666,0.3102333333333333,2.11522323333801,0.5075916,0.7075503,0.91644317,0.8119967
2010-02-07 03:00:00,0.4715999999999999,0.3918333333333333,1.5750839686098494,0.35023087,0.68512523,0.80206454,0.7435949
2010-02-07 04:00:00,0.3200333333333333,0.3668333333333333,1.2544966207651447,0.55828583,0.65617985,0.69185376,0.67401683
2010-02-07 05:00:00,0.3263333333333333,0.296,1.2341279887020118,0.43046573,0.65596426,0.59306437,0.62451434
2010-02-07 06:00:00,0.3140666666666666,1.3405,1.2289577149129347,0.77174425,0.9889476,0.5935676,0.7912576
2010-02-07 07:00:00,0.3160666666666666,2.4388,1.2235856908945826,0.5741671,1.234953,0.8287325,1.0318427
2010-02-07 08:00:00,1.5424,1.4638666666666669,1.2371011443168798,0.62487775,1.15386,1.2928854,1.2233727
2010-02-07 09:00:00,1.3738,1.6270666666666669,1.3757540223657512,1.3075659,1.377961,1.4941479,1.4360545
2010-02-07 10:00:00,2.1901333333333333,2.579733333333333,1.6191249492847928,1.5879711,1.5233611,1.5041075,1.5137343
2010-02-07 11:00:00,0.6545666666666666,1.5258333333333334,2.54203361410184,2.0087395,1.9771549,1.54436,1.7607574
2010-02-07 12:00:00,0.3059333333333333,1.5841666666666667,2.802409192869735,0.9075935,1.7557274,1.604054,1.6798906
2010-02-07 13:00:00,0.3344333333333333,0.8588666666666666,2.6533763858525155,0.8077293,1.5590969,1.6311097,1.5951033
2010-02-07 14:00:00,1.1,1.8758666666666668,2.258275450990967,0.74138147,1.5716203,1.6922731,1.6319468
2010-02-07 15:00:00,1.5921333333333334,2.893133333333333,2.2028104707407645,1.4734409,1.7597082,1.7606361,1.7601721
2010-02-07 16:00:00,0.7382000000000001,2.8207,2.1604700589381167,1.5553185,1.6210456,1.8284719,1.7247587
2010-02-07 17:00:00,1.3357333333333334,1.7378333333333331,2.0570987596979573,1.4154255,1.6500655,2.0537074,1.8518865
2010-02-07 18:00:00,2.4458333333333333,3.8774333333333337,1.993324853398458,2.3438077,2.1211338,2.4521742,2.286654
2010-02-07 19:00:00,2.7607,3.84,2.043382852096809,2.7085814,2.5353239,2.8072848,2.6713042
2010-02-07 20:00:00,1.959833333333333,2.558233333333334,2.0044080865178024,2.5321283,2.54335,2.7327518,2.638051
2010-02-07 21:00:00,1.9004666666666667,2.9883,2.318785844879176,2.0696886,2.4670563,2.1603005,2.3136783
2010-02-07 22:00:00,1.2999,2.8491,2.6459413738491246,1.1985875,1.8268803,1.4585959,1.6427381
2010-02-07 23:00:00,0.7668666666666667,3.4749,2.911362389146139,0.6142687,1.097667,1.062614,1.0801405
2010-02-08 00:00:00,0.3189666666666666,1.0587,2.8449477115599806,0.47224864,0.57945126,0.90798247,0.74371684
2010-02-08 01:00:00,0.2975333333333333,1.0104333333333333,2.694913775128178,0.34036076,0.45788866,0.4979357,0.4779122
2010-02-08 02:00:00,0.2959333333333333,0.9769666666666666,2.113143500242917,0.39139375,0.4858925,0.5019655,0.49392903
2010-02-08 03:00:00,0.3445666666666666,0.4715999999999999,1.5730042355147564,0.39621472,0.4227647,0.4277956,0.42528015
2010-02-08 04:00:00,0.2976333333333333,0.3200333333333333,1.2524168876700517,0.46950415,0.42028636,0.35574293,0.38801464
2010-02-08 05:00:00,0.3534,0.3263333333333333,1.2320482556069188,0.442343,0.42572737,0.3710358,0.3983816
2010-02-08 06:00:00,1.0256333333333332,0.3140666666666666,1.2268779818178415,0.8930948,1.0719734,0.7469823,0.90947783
2010-02-08 07:00:00,2.7366333333333333,0.3160666666666666,1.2215059577994893,2.112673,1.8985227,1.497915,1.6982188
2010-02-08 08:00:00,1.7585000000000002,1.5424,1.235021411221787,1.9357091,1.6948502,1.711969,1.7034097
2010-02-08 09:00:00,2.4481666666666664,1.3738,1.3736742892706584,1.6196282,1.5394953,1.5600164,1.5497558
2010-02-08 10:00:00,2.6538,2.1901333333333333,1.6170452161897,1.8731147,1.6025425,1.4111784,1.5068605
2010-02-08 11:00:00,2.4104,0.6545666666666666,2.5399538810067472,2.1088915,1.5721986,1.3089598,1.4405792
2010-02-08 12:00:00,2.959866666666667,0.3059333333333333,2.800329459774642,2.1188526,1.5771984,1.2235605,1.4003794
2010-02-08 13:00:00,1.844,0.3344333333333333,2.6512966527574227,2.3845887,1.2226143,1.1784768,1.2005455
2010-02-08 14:00:00,1.8216333333333337,1.1,2.2561957178958743,1.6502575,0.9881631,1.1555413,1.0718522
2010-02-08 15:00:00,1.709566666666667,1.5921333333333334,2.2007307376456713,1.6143085,1.3975315,1.1642957,1.2809136
2010-02-08 16:00:00,1.4102,0.7382000000000001,2.1583903258430235,1.5084846,0.8893674,1.1892052,1.0392863
2010-02-08 17:00:00,1.744033333333333,1.3357333333333334,2.055019026602864,1.3103273,1.1136091,1.2971007,1.2053549
2010-02-08 18:00:00,3.1123666666666665,2.4458333333333333,1.9912451203033648,1.8734132,1.512649,1.6232715,1.5679603
2010-02-08 19:00:00,3.1667,2.7607,2.041303119001716,2.8385055,2.3162403,2.1212595,2.21875
2010-02-08 20:00:00,2.7671,1.959833333333333,2.0023283534227097,2.652476,2.3637776,2.3402226,2.3520002
2010-02-08 21:00:00,3.1723333333333334,1.9004666666666667,2.3167061117840833,2.6678486,2.1592102,2.0811667,2.1201885
2010-02-08 22:00:00,2.8746333333333336,1.2999,2.6438616407540314,1.9647584,1.804326,1.5655713,1.6849487
2010-02-08 23:00:00,1.5137,0.7668666666666667,2.909282656051046,1.6382592,1.2198482,1.0813855,1.1506169
2010-02-09 00:00:00,1.4945666666666668,0.3189666666666666,2.8428679784648874,1.0803056,0.718349,0.7705099,0.74442947
2010-02-09 01:00:00,1.4285333333333334,0.2975333333333333,2.692834042033085,1.0517111,0.6573882,0.6296859,0.64353704
2010-02-09 02:00:00,1.4159,0.2959333333333333,2.1110637671478236,1.0748627,0.49902934,0.59609425,0.54756176
2010-02-09 03:00:00,1.502,0.3445666666666666,1.5709245024196632,1.0382018,0.5380098,0.5692518,0.5536308
2010-02-09 04:00:00,1.4923333333333335,0.2976333333333333,1.2503371545749584,1.1587466,0.5195041,0.5812507,0.55037737
2010-02-09 05:00:00,1.112866666666667,0.3534,1.2299685225118258,1.1933519,0.54476225,0.67848873,0.6116255
2010-02-09 06:00:00,1.4158666666666666,1.0256333333333332,1.2247982487227485,0.9681323,1.2786455,1.0213634,1.1500044
2010-02-09 07:00:00,2.3627,2.7366333333333333,1.2194262247043963,2.4898171,1.8685715,1.7441692,1.8063704
2010-02-09 08:00:00,1.4901000000000002,1.7585000000000002,1.2329416781266938,1.8916284,2.092399,1.8896681,1.9910336
2010-02-09 09:00:00,1.4689666666666668,2.4481666666666664,1.3715945561755651,1.3301761,1.7215217,1.6263869,1.6739542
2010-02-09 10:00:00,1.6581333333333332,2.6538,1.6149654830946067,1.4147482,1.8299531,1.5041058,1.6670294
2010-02-09 11:00:00,1.5067333333333333,2.4104,2.537874147911654,1.5657874,1.4519973,1.4641088,1.4580531
2010-02-09 12:00:00,1.6390333333333331,2.959866666666667,2.798249726679549,1.4550856,1.4781797,1.4348752,1.4565275
2010-02-09 13:00:00,1.0387666666666666,1.844,2.6492169196623294,1.4678556,1.2640525,1.3962796,1.3301661
2010-02-09 14:00:00,0.7946333333333333,1.8216333333333337,2.254115984800781,1.357098,1.2317731,1.3457813,1.2887772
2010-02-09 15:00:00,0.8088666666666666,1.709566666666667,2.1986510045505785,0.88116443,1.3189174,1.2816582,1.3002877
2010-02-09 16:00:00,0.7048666666666666,1.4102,2.1563105927479302,0.9572283,1.1465933,1.2498388,1.1982161
2010-02-09 17:00:00,0.8238333333333333,1.744033333333333,2.052939293507771,1.0055503,1.2050792,1.2539481,1.2295136
2010-02-09 18:00:00,1.9943,3.1123666666666665,1.9891653872082717,1.4748899,1.8381934,1.4726609,1.6554272
2010-02-09 19:00:00,3.5046000000000004,3.1667,2.039223385906623,2.18458,2.5042114,1.9308388,2.217525
2010-02-09 20:00:00,2.7781,2.7671,2.0002486203276164,2.6730382,2.5023658,2.2186337,2.3604999
2010-02-09 21:00:00,3.229133333333333,3.1723333333333334,2.31462637868899,2.813339,2.3781016,2.057085,2.2175932
2010-02-09 22:00:00,2.6368,2.8746333333333336,2.6417819076589386,1.9815465,1.3761019,1.5513973,1.4637496
2010-02-09 23:00:00,2.0472333333333332,1.5137,2.907202922955953,1.2009985,0.8845393,0.85875344,0.8716464
2010-02-10 00:00:00,1.5383666666666669,1.4945666666666668,2.840788245369794,1.2356224,0.8190972,0.54006404,0.6795806
2010-02-10 01:00:00,1.3825,1.4285333333333334,2.6907543089379917,0.95316386,0.66791254,0.48738205,0.5776473
2010-02-10 02:00:00,0.3308666666666667,1.4159,2.108984034052731,0.7147526,0.5336956,0.46800673,0.50085115
2010-02-10 03:00:00,0.3192666666666666,1.502,1.5688447693245702,0.34604833,0.395962,0.4683302,0.4321461
2010-02-10 04:00:00,0.3342,1.4923333333333335,1.2482574214798654,0.4757495,0.36334568,0.5593066,0.46132615
2010-02-10 05:00:00,0.3726,1.112866666666667,1.2278887894167325,0.46484086,0.16507305,0.85346925,0.50927114
2010-02-10 06:00:00,1.3012881355932202,1.4158666666666666,1.2227185156276554,1.2288355,0.74130684,1.4973139,1.1193104
2010-02-10 07:00:00,2.6748333333333334,2.3627,1.2173464916093033,2.5919876,2.0187058,2.123138,2.070922
2010-02-10 08:00:00,1.824733333333333,1.4901000000000002,1.2308619450316005,2.0357163,1.6507164,1.9343247,1.7925205
2010-02-10 09:00:00,1.3734333333333335,1.4689666666666668,1.369514823080472,1.5836532,1.6126531,1.7486488,1.680651
2010-02-10 10:00:00,1.3962666666666663,1.6581333333333332,1.6128857499995135,1.3063617,1.5335988,1.7542754,1.6439371
2010-02-10 11:00:00,2.0897666666666668,1.5067333333333333,2.5357944148165608,1.3420877,1.3522071,1.7532084,1.5527077
2010-02-10 12:00:00,1.6123,1.6390333333333331,2.7961699935844564,2.422314,1.4415156,1.7481849,1.5948503
2010-02-10 13:00:00,1.8951333333333331,1.0387666666666666,2.647137186567236,1.9196453,1.3289572,1.6869292,1.5079432
2010-02-10 14:00:00,0.9899333333333332,0.7946333333333333,2.2520362517056878,1.4588008,1.1889836,1.6320648,1.4105241
2010-02-10 15:00:00,0.6435,0.8088666666666666,2.1965712714554853,1.4114367,1.3145554,1.4912503,1.4029028
2010-02-10 16:00:00,0.9285333333333334,0.7048666666666666,2.154230859652837,0.9161547,1.3305652,1.3657293,1.3481473
2010-02-10 17:00:00,1.4684666666666668,0.8238333333333333,2.050859560412678,1.2339605,1.5255641,1.345649,1.4356065
2010-02-10 18:00:00,1.7703,1.9943,1.9870856541131787,1.7033519,1.8393017,1.5063884,1.6728451
2010-02-10 19:00:00,1.6909666666666667,3.5046000000000004,2.0371436528115296,2.6707213,2.596349,2.06582,2.3310845
2010-02-10 20:00:00,1.6769,2.7781,1.9981688872325234,2.0183167,2.3446624,2.49505,2.419856
2010-02-10 21:00:00,2.8363,3.229133333333333,2.3125466455938968,2.7220178,2.2091691,2.2051663,2.2071676
2010-02-10 22:00:00,1.5488666666666666,2.6368,2.6397021745638454,1.6805071,1.6263803,1.3552351,1.4908078
2010-02-10 23:00:00,0.4314,2.0472333333333332,2.90512318986086,1.2423441,1.0768651,0.6286089,0.85273695
2010-02-11 00:00:00,0.3003666666666666,1.5383666666666669,2.8387085122747013,0.60978997,1.0914547,0.34108657,0.7162707
2010-02-11 01:00:00,0.2998333333333333,1.3825,2.688674575842899,0.4287489,0.9942105,0.3228945,0.6585525
2010-02-11 02:00:00,0.3057999999999999,0.3308666666666667,2.1069043009576376,0.39500165,0.82460564,0.28385174,0.55422866
2010-02-11 03:00:00,0.3611666666666667,0.3192666666666666,1.5667650362294772,0.41773263,0.76748043,0.23914707,0.5033138
2010-02-11 04:00:00,0.6326,0.3342,1.2461776883847724,0.38257626,0.7079066,0.24033278,0.4741197
2010-02-11 05:00:00,0.6616666666666667,0.3726,1.2258090563216395,0.3981531,0.41410673,0.394642,0.40437436
2010-02-11 06:00:00,0.5568000000000001,1.3012881355932202,1.2206387825325622,1.2335839,1.2878679,0.9205381,1.104203
2010-02-11 07:00:00,1.8837333333333333,2.6748333333333334,1.21526675851421,2.0542817,2.3466504,1.8350928,2.0908716
2010-02-11 08:00:00,1.8807666666666667,1.824733333333333,1.2287822119365073,1.7383674,1.9739763,1.8999462,1.9369612
2010-02-11 09:00:00,1.4399333333333333,1.3734333333333335,1.367435089985379,1.4851815,1.559634,1.544632,1.552133
2010-02-11 10:00:00,1.4044333333333332,1.3962666666666663,1.6108060169044207,1.2079417,1.5359391,1.3734099,1.4546745
2010-02-11 11:00:00,1.3643,2.0897666666666668,2.5337146817214675,1.3241824,1.5301688,1.2923875,1.4112781
2010-02-11 12:00:00,1.6024333333333334,1.6123,2.794090260489363,1.2154464,1.5083274,1.213217,1.3607721
2010-02-11 13:00:00,0.8715666666666667,1.8951333333333331,2.6450574534721434,1.4719753,1.190401,1.1641922,1.1772966
2010-02-11 14:00:00,0.3057333333333333,0.9899333333333332,2.249956518610595,0.66706663,1.1848923,1.1686836,1.176788
2010-02-11 15:00:00,0.3571,0.6435,2.194491538360392,0.41059092,1.3334775,1.224605,1.2790413
2010-02-11 16:00:00,0.4777333333333333,0.9285333333333334,2.152151126557744,0.5616185,1.3143997,1.286628,1.3005139
2010-02-11 17:00:00,0.6552666666666667,1.4684666666666668,2.048779827317585,0.9009791,1.2467672,1.4501288,1.348448
2010-02-11 18:00:00,1.4363666666666668,1.7703,1.9850059210180855,1.2987752,1.3993933,1.6674749,1.5334342
2010-02-11 19:00:00,2.3198999999999996,1.6909666666666667,2.035063919716437,2.3886194,2.5105202,1.8649584,2.1877394
2010-02-11 20:00:00,2.1599333333333335,1.6769,1.9960891541374304,2.0474985,2.4918675,1.9519978,2.2219326
2010-02-11 21:00:00,0.8298666666666666,2.8363,2.310466912498804,1.6977614,2.2591245,1.8473159,2.0532203
2010-02-11 22:00:00,0.4142666666666666,1.5488666666666666,2.637622441468752,0.8291294,1.5609496,1.5145719,1.5377607
2010-02-11 23:00:00,0.3079,0.4314,2.903043456765767,0.5491223,1.1593341,0.9408926,1.0501133
2010-02-12 00:00:00,0.3216,0.3003666666666666,2.836628779179608,0.37555063,1.091867,0.5901795,0.8410232
2010-02-12 01:00:00,0.3041,0.2998333333333333,2.6865948427478057,0.365305,0.76094085,0.5978117,0.67937624
2010-02-12 02:00:00,0.9865,0.3057999999999999,2.1048245678625443,0.3959616,0.5312699,0.61277556,0.57202274
2010-02-12 03:00:00,0.3200333333333333,0.3611666666666667,1.564685303134384,0.41391048,0.4796699,0.6617534,0.5707117
2010-02-12 04:00:00,0.3745666666666666,0.6326,1.2440979552896791,0.42698142,0.50897986,0.76666,0.6378199
2010-02-12 05:00:00,0.2969,0.6616666666666667,1.2237293232265465,0.4261521,0.52156466,0.92883074,0.7251977
2010-02-12 06:00:00,1.5692666666666668,0.5568000000000001,1.2185590494374692,0.9611439,1.1028321,1.2521896,1.1775109
2010-02-12 07:00:00,2.9396,1.8837333333333333,1.213187025419117,2.3971865,2.1076744,1.6369705,1.8723224
2010-02-12 08:00:00,1.5895333333333332,1.8807666666666667,1.2267024788414145,1.9755279,1.8557228,1.8204708,1.8380969
2010-02-12 09:00:00,2.1982,1.4399333333333333,1.3653553568902859,1.8341081,1.8484627,1.7237113,1.786087
2010-02-12 10:00:00,2.1526666666666667,1.4044333333333332,1.6087262838093275,1.7673115,1.634927,1.5800414,1.6074842
2010-02-12 11:00:00,2.1775333333333333,1.3643,2.5316349486263747,1.9753882,1.5503649,1.4849465,1.5176556
2010-02-12 12:00:00,1.6359333333333337,1.6024333333333334,2.79201052739427,1.9867646,1.6134613,1.3980713,1.5057663
2010-02-12 13:00:00,1.3956666666666666,0.8715666666666667,2.64297772037705,1.7042091,1.4309413,1.3762465,1.4035939
2010-02-12 14:00:00,1.4408666666666667,0.3057333333333333,2.2478767855155017,1.3347337,1.1830412,1.3425753,1.2628083
2010-02-12 15:00:00,1.4407,0.3571,2.192411805265299,1.3588636,1.4417264,1.2867694,1.3642479
2010-02-12 16:00:00,1.4709666666666663,0.4777333333333333,2.1500713934626514,1.2572864,1.2354332,1.2991601,1.2672967
2010-02-12 17:00:00,0.7733666666666666,0.6552666666666667,2.0467000942224916,1.3474523,1.0602672,1.3692343,1.2147508
2010-02-12 18:00:00,0.7121,1.4363666666666668,1.9829261879229925,1.006999,1.427665,1.4993477,1.4635063
2010-02-12 19:00:00,1.1571333333333331,2.3198999999999996,2.0329841866213436,1.8100666,2.4785645,1.6452777,2.0619211
2010-02-12 20:00:00,2.1186,2.1599333333333335,1.9940094210423374,1.8595858,2.4269176,1.6940849,2.060501
2010-02-12 21:00:00,1.2646666666666666,0.8298666666666666,2.3083871794037107,1.8392292,1.9675198,1.5383583,1.752939
2010-02-12 22:00:00,2.0786666666666664,0.4142666666666666,2.6355427083736593,1.1306751,1.4531337,1.1905059,1.3218198
2010-02-12 23:00:00,0.8308,0.3079,2.9009637236706736,0.9535726,1.1745449,0.7912028,0.98287386
2010-02-13 00:00:00,0.3194333333333333,0.3216,2.834549046084515,0.46128467,0.75846034,0.43232423,0.5953923
2010-02-13 01:00:00,0.3304999999999999,0.3041,2.6845151096527125,0.420786,0.60577255,0.39278215,0.49927735
2010-02-13 02:00:00,0.2869666666666666,0.9865,2.1027448347674516,0.42793533,0.60596865,0.34158343,0.47377604
2010-02-13 03:00:00,0.2921333333333333,0.3200333333333333,1.562605570039291,0.37636757,0.5392663,0.3059551,0.4226107
2010-02-13 04:00:00,0.3372,0.3745666666666666,1.2420182221945861,0.3971816,0.5439859,0.35863787,0.4513119
2010-02-13 05:00:00,0.3571666666666667,0.2969,1.2216495901314532,0.43063363,0.544256,0.47453952,0.50939775
2010-02-13 06:00:00,1.1429333333333331,1.5692666666666668,1.216479316342376,0.8708553,1.0571269,0.84870064,0.95291376
2010-02-13 07:00:00,1.964,2.9396,1.211107292324024,2.0882905,2.019631,1.4514695,1.7355502
2010-02-13 08:00:00,2.0619666666666667,1.5895333333333332,1.2246227457463212,1.8915702,1.7041756,1.9209425,1.8125591
2010-02-13 09:00:00,1.9386333333333332,2.1982,1.3632756237951926,1.7583504,1.6370122,1.9540461,1.7955291
2010-02-13 10:00:00,2.6426000000000003,2.1526666666666667,1.6066465507142342,2.038673,1.9921108,1.8436395,1.9178752
2010-02-13 11:00:00,1.5028666666666666,2.1775333333333333,2.5295552155312815,2.3551617,1.8160794,1.8234167,1.819748
2010-02-13 12:00:00,3.9241333333333337,1.6359333333333337,2.7899307942991767,1.5822333,1.7573513,1.8215148,1.789433
2010-02-13 13:00:00,3.271866666666667,1.3956666666666666,2.640897987281957,2.5566165,1.5969679,1.8652978,1.7311329
2010-02-13 14:00:00,4.173933333333333,1.4408666666666667,2.2457970524204085,2.8940542,1.803523,1.9619806,1.8827517
2010-02-13 15:00:00,2.005733333333333,1.4407,2.190332072170206,2.791196,1.7953894,1.9958293,1.8956094
2010-02-13 16:00:00,1.6035666666666666,1.4709666666666663,2.147991660367558,2.2006717,1.7778791,2.16994,1.9739096
2010-02-13 17:00:00,1.5794666666666666,0.7733666666666666,2.0446203611273988,1.8784456,1.8348544,2.423781,2.1293178
2010-02-13 18:00:00,1.5640666666666665,0.7121,1.9808464548278994,1.9398183,2.2382174,2.7661676,2.5021925
2010-02-13 19:00:00,1.5280999999999998,1.1571333333333331,2.0309044535262504,1.9746917,2.6022367,3.0245218,2.8133793
2010-02-13 20:00:00,1.5876666666666668,2.1186,1.9919296879472441,1.6961199,2.6784494,2.9377239,2.8080866
2010-02-13 21:00:00,1.6402,1.2646666666666666,2.3063074463086175,1.5187482,2.1900659,2.4497442,2.319905
2010-02-13 22:00:00,1.5538333333333334,2.0786666666666664,2.633462975278566,1.5185257,1.9335041,1.7704394,1.8519717
2010-02-13 23:00:00,1.5836333333333334,0.8308,2.8988839905755803,1.3980618,1.6666017,1.306255,1.4864283
2010-02-14 00:00:00,1.5946,0.3194333333333333,2.832469312989422,1.0599556,1.4001677,1.0762348,1.2382013
2010-02-14 01:00:00,0.9921333333333332,0.3304999999999999,2.6824353765576197,1.0794089,1.0919983,0.972956,1.0324771
2010-02-14 02:00:00,0.5102,0.2869666666666666,2.1006651016723583,0.49704632,0.8584497,0.8414996,0.84997463
2010-02-14 03:00:00,0.5337,0.2921333333333333,1.5605258369441979,0.50918657,0.74178296,0.70859444,0.72518873
2010-02-14 04:00:00,0.4849666666666667,0.3372,1.2399384890994931,0.47650924,0.6978097,0.60266376,0.6502367
2010-02-14 05:00:00,0.4985333333333334,0.3571666666666667,1.2195698570363602,0.5348064,0.7248121,0.64398646,0.68439925
2010-02-14 06:00:00,0.4810999999999999,1.1429333333333331,1.214399583247283,0.79230154,0.769467,0.85999477,0.8147309
2010-02-14 07:00:00,0.4838333333333333,1.964,1.2090275592289308,0.81432885,1.1208338,1.2094444,1.1651391
2010-02-14 08:00:00,0.486,2.0619666666666667,1.222543012651228,1.3682148,1.5439664,1.3949713,1.4694688
2010-02-14 09:00:00,0.4524666666666667,1.9386333333333332,1.3611958907000998,1.3236198,1.540619,1.5616063,1.5511127
2010-02-14 10:00:00,0.5283333333333333,2.6426000000000003,1.6045668176191414,0.92885864,1.7883477,1.7803339,1.7843409
2010-02-14 11:00:00,1.4403,1.5028666666666666,2.5274754824361887,0.9799473,1.6563673,1.9257711,1.7910693
2010-02-14 12:00:00,1.3994666666666666,3.9241333333333337,2.7878510612040834,1.3323146,1.4172096,1.9510643,1.684137
2010-02-14 13:00:00,1.5053333333333332,3.271866666666667,2.6388182541868637,1.3120682,1.4607048,1.8750844,1.6678946
2010-02-14 14:00:00,1.6249,4.173933333333333,2.2437173193253157,1.5526917,1.7030369,1.873388,1.7882125
2010-02-14 15:00:00,1.853,2.005733333333333,2.1882523390751127,1.6067219,1.8140874,1.9654782,1.8897828
2010-02-14 16:00:00,1.7702666666666669,1.6035666666666666,2.145911927272465,1.7443913,1.5083584,2.1175442,1.8129513
2010-02-14 17:00:00,1.9765333333333333,1.5794666666666666,2.0425406280323055,1.8900807,1.5842522,2.337543,1.9608977
2010-02-14 18:00:00,1.8759666666666668,1.5640666666666665,1.9787667217328062,2.2664201,2.0604692,2.6899252,2.3751972
2010-02-14 19:00:00,2.3949,1.5280999999999998,2.0288247204311576,2.1576016,2.4550638,2.90686,2.680962
2010-02-14 20:00:00,2.2461,1.5876666666666668,1.989849954852151,2.3219597,2.442413,2.7515602,2.5969868
2010-02-14 21:00:00,1.2545423728813558,1.6402,2.3042277132135247,2.2363486,2.285603,2.2613442,2.2734737
2010-02-14 22:00:00,0.8745999999999999,1.5538333333333334,2.631383242183473,1.2189568,1.6787515,1.6262012,1.6524763
2010-02-14 23:00:00,0.8707666666666667,1.5836333333333334,2.896804257480487,0.35398498,0.95431316,1.1996362,1.0769746
2010-02-15 00:00:00,0.5692333333333333,1.5946,2.830389579894329,0.40072417,0.47394797,1.0013461,0.73764706
2010-02-15 01:00:00,0.2866999999999999,0.9921333333333332,2.6803556434625264,0.48586065,0.48424542,0.6041031,0.54417425
2010-02-15 02:00:00,0.3025,0.5102,2.098585368577265,0.38717526,0.43907854,0.6157719,0.5274252
2010-02-15 03:00:00,0.359,0.5337,1.5584461038491046,0.4029929,0.4104444,0.5541533,0.48229885
2010-02-15 04:00:00,0.3393,0.4849666666666667,1.2378587560043999,0.40325454,0.42487606,0.4340651,0.4294706
2010-02-15 05:00:00,0.2951666666666667,0.4985333333333334,1.2174901239412672,0.40299073,0.394947,0.38171703,0.388332
2010-02-15 06:00:00,1.0412,0.4810999999999999,1.21231985015219,1.0602927,1.0442303,0.7671648,0.9056976
2010-02-15 07:00:00,2.9093333333333335,0.4838333333333333,1.2069478261338378,2.1157966,1.8950078,1.6446686,1.7698382
2010-02-15 08:00:00,1.4227666666666667,0.486,1.2204632795561352,1.9317327,1.6596749,1.8001869,1.7299309
2010-02-15 09:00:00,1.3833,0.4524666666666667,1.3591161576050066,1.4635857,1.6024915,1.6188369,1.6106641
2010-02-15 10:00:00,1.4214999999999998,0.5283333333333333,1.6024870845240482,1.450978,1.5661483,1.5254403,1.5457942
2010-02-15 11:00:00,1.3868333333333331,1.4403,2.5253957493410955,1.4469893,1.4223543,1.4972017,1.4597781
2010-02-15 12:00:00,1.4012,1.3994666666666666,2.7857713281089906,1.3732257,1.4918782,1.4529246,1.4724014
2010-02-15 13:00:00,1.4034,1.5053333333333332,2.636738521091771,1.3417026,1.373354,1.3794725,1.3764132
2010-02-15 14:00:00,1.4446333333333332,1.6249,2.2416375862302225,1.2383302,1.1549014,1.2516057,1.2032535
2010-02-15 15:00:00,0.7568,1.853,2.1861726059800195,1.2511499,1.159752,1.1247158,1.1422338
2010-02-15 16:00:00,0.3682666666666667,1.7702666666666669,2.1438321941773717,0.6575389,1.3029295,1.0855837,1.1942565
2010-02-15 17:00:00,0.5431666666666666,1.9765333333333333,2.0404608949372123,0.6020475,1.2421777,1.1369419,1.1895598
2010-02-15 18:00:00,1.5169,1.8759666666666668,1.9766869886377132,1.3894553,1.5247556,1.4275945,1.4761751
2010-02-15 19:00:00,3.5081333333333333,2.3949,2.0267449873360643,2.1522048,2.2356539,2.0436568,2.1396554
2010-02-15 20:00:00,4.619633333333334,2.2461,1.987770221757058,2.797934,2.3412597,2.4109683,2.376114
2010-02-15 21:00:00,3.7538,1.2545423728813558,2.3021479801184315,3.4806402,2.0975225,2.1450315,2.1212769
2010-02-15 22:00:00,2.6901,0.8745999999999999,2.62930350908838,2.0711384,1.520039,1.5076528,1.5138459
2010-02-15 23:00:00,1.2293333333333334,0.8707666666666667,2.8947245243853943,1.8455998,1.0551237,0.9383683,0.996746
2010-02-16 00:00:00,0.3745666666666666,0.5692333333333333,2.8283098467992356,0.43968022,0.830275,0.58640146,0.70833826
2010-02-16 01:00:00,0.3866666666666666,0.2866999999999999,2.678275910367433,0.44791713,0.6638583,0.4988476,0.58135295
2010-02-16 02:00:00,0.3981666666666666,0.3025,2.0965056354821723,0.4845785,0.5853982,0.47781527,0.53160673
2010-02-16 03:00:00,0.3794666666666667,0.359,1.5563663707540116,0.4908416,0.6181251,0.4586072,0.53836614
2010-02-16 04:00:00,0.4402666666666667,0.3393,1.2357790229093069,0.49439612,0.6508009,0.48411125,0.56745607
2010-02-16 05:00:00,0.4183,0.2951666666666667,1.215410390846174,0.51666677,0.4669509,0.66227746,0.5646142
2010-02-16 06:00:00,0.9956333333333334,1.0412,1.2102401170570967,1.1647036,0.9534203,1.2417008,1.0975605
2010-02-16 07:00:00,2.5009666666666663,2.9093333333333335,1.2048680930387448,2.5437481,1.9973178,2.0415149,2.0194163
2010-02-16 08:00:00,2.461433333333334,1.4227666666666667,1.218383546461042,2.3539073,1.5128788,1.9209809,1.7169299
2010-02-16 09:00:00,2.0040666666666667,1.3833,1.3570364245099134,1.9509007,1.3734161,1.7240326,1.5487244
2010-02-16 10:00:00,1.5527333333333333,1.4214999999999998,1.600407351428955,1.7230768,1.4653252,1.6956689,1.580497
2010-02-16 11:00:00,1.6532666666666669,1.3868333333333331,2.523316016246002,1.4503396,1.4339058,1.6957511,1.5648284
2010-02-16 12:00:00,1.4228,1.4012,2.783691595013898,1.5755525,1.4178978,1.6466267,1.5322623
2010-02-16 13:00:00,2.1619666666666664,1.4034,2.6346587879966776,1.3087739,1.2755091,1.5576538,1.4165814
2010-02-16 14:00:00,1.8003666666666664,1.4446333333333332,2.2395578531351292,1.8277054,1.1631544,1.4045787,1.2838665
2010-02-16 15:00:00,1.5436666666666667,0.7568,2.1840928728849267,1.6128595,1.1166409,1.2301486,1.1733947
2010-02-16 16:00:00,0.7285333333333334,0.3682666666666667,2.1417524610822785,1.3855295,1.1859715,1.1125014,1.1492364
2010-02-16 17:00:00,0.7314666666666666,0.5431666666666666,2.0383811618421195,0.9242994,1.155622,1.1303169,1.1429694
2010-02-16 18:00:00,0.8071333333333333,1.5169,1.9746072555426202,1.1409779,1.6891651,1.4037936,1.5464793
2010-02-16 19:00:00,2.2342999999999997,3.5081333333333333,2.024665254240971,1.5909665,2.2291873,1.9608729,2.09503
2010-02-16 20:00:00,1.7398,4.619633333333334,1.9856904886619648,2.7042494,2.5148056,2.3055706,2.4101882
2010-02-16 21:00:00,2.0071,3.7538,2.3000682470233382,2.593866,2.298764,2.064509,2.1816363
2010-02-16 22:00:00,0.7555666666666667,2.6901,2.627223775993287,1.4296654,1.1529363,1.3146821,1.2338092
2010-02-16 23:00:00,0.4643666666666667,1.2293333333333334,2.8926447912903015,0.5663367,0.86222535,0.68105495,0.7716402
2010-02-17 00:00:00,0.4307999999999999,0.3745666666666666,2.826230113704143,0.46082598,0.5625532,0.45545232,0.5090028
2010-02-17 01:00:00,0.3820666666666666,0.3866666666666666,2.6761961772723404,0.4110286,0.49712938,0.37607545,0.4366024
2010-02-17 02:00:00,0.3785,0.3981666666666666,2.094425902387079,0.4746759,0.4407234,0.321786,0.38125467
2010-02-17 03:00:00,0.3855666666666666,0.3794666666666667,1.5542866376589186,0.47106373,0.41875154,0.27952737,0.34913945
2010-02-17 04:00:00,0.4095333333333333,0.4402666666666667,1.2336992898142138,0.4946519,0.4883134,0.2974652,0.39288932
2010-02-17 05:00:00,1.0322666666666669,0.4183,1.213330657751081,0.52830124,0.47124764,0.445247,0.4582473
2010-02-17 06:00:00,0.8018333333333333,0.9956333333333334,1.2081603839620036,1.0083724,1.1439806,1.0643119,1.1041462
2010-02-17 07:00:00,1.3978333333333337,2.5009666666666663,1.2027883599436515,2.4625201,2.2271612,1.9904506,2.108806
2010-02-17 08:00:00,2.257366666666667,2.461433333333334,1.2163038133659487,2.4097123,1.9375825,1.9447901,1.9411863
2010-02-17 09:00:00,2.4320999999999997,2.0040666666666667,1.3549566914148206,1.590083,1.6449407,1.6120028,1.6284719
2010-02-17 10:00:00,1.7429,1.5527333333333333,1.5983276183338622,1.8099977,1.5725843,1.4372249,1.5049045
2010-02-17 11:00:00,1.6329333333333331,1.6532666666666669,2.521236283150909,2.0549421,1.7842298,1.3533432,1.5687865
2010-02-17 12:00:00,4.059933333333333,1.4228,2.7816118619188046,1.7518734,1.5828233,1.2927563,1.4377898
2010-02-17 13:00:00,2.0161,2.1619666666666664,2.6325790549015844,2.947274,1.658017,1.2460502,1.4520336
2010-02-17 14:00:00,1.6626666666666667,1.8003666666666664,2.2374781200400364,1.8022004,1.4696137,1.2054452,1.3375294
2010-02-17 15:00:00,1.8552333333333335,1.5436666666666667,2.1820131397898335,1.4971794,1.075315,1.183826,1.1295705
2010-02-17 16:00:00,0.6354000000000001,0.7285333333333334,2.1396727279871857,1.4088553,1.1449894,1.2011997,1.1730945
2010-02-17 17:00:00,1.3218666666666663,0.7314666666666666,2.0363014287470262,0.9916132,1.3641533,1.3250235,1.3445884
2010-02-17 18:00:00,2.171033333333334,0.8071333333333333,1.972527522447527,1.963471,1.7747893,1.6022888,1.688539
2010-02-17 19:00:00,1.8722,2.2342999999999997,2.0225855211458783,2.3934338,2.3590026,2.1295426,2.2442727
2010-02-17 20:00:00,3.1990666666666665,1.7398,1.9836107555668718,2.5305297,2.2925346,2.528282,2.4104083
2010-02-17 21:00:00,1.4457666666666666,2.0071,2.2979885139282454,2.035548,2.0978076,2.413689,2.2557483
2010-02-17 22:00:00,0.3614,0.7555666666666667,2.6251440428981936,0.9370058,1.6579298,1.831147,1.7445383
2010-02-17 23:00:00,0.3583,0.4643666666666667,2.8905650581952083,0.43233922,0.86789024,1.1882265,1.0280583
2010-02-18 00:00:00,0.3686,0.4307999999999999,2.8241503806090495,0.41449973,0.54545605,0.8480579,0.69675696
2010-02-18 01:00:00,0.3077666666666667,0.3820666666666666,2.674116444177247,0.35095322,0.5045866,0.7626885,0.63363755
2010-02-18 02:00:00,0.9475666666666668,0.3785,2.092346169291986,0.36913246,0.48789123,0.7419164,0.6149038
2010-02-18 03:00:00,0.3155,0.3855666666666666,1.5522069045638254,0.29796752,0.46843806,0.6825219,0.57548
2010-02-18 04:00:00,0.2943333333333333,0.4095333333333333,1.2316195567191206,0.46261656,0.46294916,0.65942895,0.56118906
2010-02-18 05:00:00,0.2955,1.0322666666666669,1.2112509246559877,0.44676575,0.5295607,0.7483313,0.638946
2010-02-18 06:00:00,1.0372333333333337,0.8018333333333333,1.2060806508669106,0.9692209,0.98361725,1.2055521,1.0945847
2010-02-18 07:00:00,2.3838,1.3978333333333337,1.2007086268485585,2.19708,1.8717642,1.8706138,1.871189
2010-02-18 08:00:00,1.8681333333333332,2.257366666666667,1.214224080270856,1.8576927,1.9862103,1.7920581,1.8891342
2010-02-18 09:00:00,1.3786666666666667,2.4320999999999997,1.3528769583197273,1.5937675,1.7316393,1.4829595,1.6072993
2010-02-18 10:00:00,1.3958666666666666,1.7429,1.596247885238769,1.300683,1.5938765,1.294812,1.4443443
2010-02-18 11:00:00,1.3963,1.6329333333333331,2.519156550055816,1.345596,1.5169127,1.1949863,1.3559495
2010-02-18 12:00:00,1.4571333333333334,4.059933333333333,2.7795321288237114,1.273206,1.3344015,1.116186,1.2252938
2010-02-18 13:00:00,2.3109333333333333,2.0161,2.6304993218064916,1.2954592,1.0636209,1.0577304,1.0606756
2010-02-18 14:00:00,1.9985666666666664,1.6626666666666667,2.235398386944943,1.9872012,0.95800984,0.88300127,0.9205055
2010-02-18 15:00:00,1.5628,1.8552333333333335,2.1799334066947402,1.8877194,0.9327328,0.7831034,0.85791814
2010-02-18 16:00:00,1.2193,0.6354000000000001,2.137592994892093,1.4042484,0.83250654,0.84120136,0.836854
2010-02-18 17:00:00,0.3348333333333333,1.3218666666666663,2.034221695651933,0.884253,0.8854202,0.8473849,0.86640257
2010-02-18 18:00:00,0.9950666666666668,2.171033333333334,1.970447789352434,0.9921377,1.418943,1.1536936,1.2863183
2010-02-18 19:00:00,2.904333333333333,1.8722,2.020505788050785,2.000663,2.2634892,1.858023,2.0607562
2010-02-18 20:00:00,2.4950666666666668,3.1990666666666665,1.9815310224717786,2.5561814,2.401667,2.3295827,2.365625
2010-02-18 21:00:00,1.1619333333333333,1.4457666666666666,2.295908780833152,2.0805047,1.8962401,2.091043,1.9936416
2010-02-18 22:00:00,0.5781666666666666,0.3614,2.623064309803101,0.93217105,1.0826055,1.3200849,1.2013452
2010-02-18 23:00:00,0.3452,0.3583,2.888485325100115,0.493692,0.8334785,0.6501274,0.74180293
2010-02-19 00:00:00,0.3402666666666666,0.3686,2.8220706475139563,0.4016817,0.54288477,0.40526897,0.47407687
2010-02-19 01:00:00,0.3634333333333333,0.3077666666666667,2.672036711082154,0.34805542,0.49692652,0.44872004,0.47282326
2010-02-19 02:00:00,0.3091333333333333,0.9475666666666668,2.090266436196893,0.36137733,0.6110269,0.40077227,0.50589955
2010-02-19 03:00:00,0.5898,0.3155,1.5501271714687324,0.4178557,0.48035377,0.3184117,0.39938274
2010-02-19 04:00:00,0.6547666666666667,0.2943333333333333,1.2295398236240276,0.4876462,0.44738692,0.27094108,0.359164
2010-02-19 05:00:00,0.2977999999999999,0.2955,1.2091711915608947,0.45953524,0.51247,0.34950775,0.43098888
2010-02-19 06:00:00,0.6326,1.0372333333333337,1.2040009177718174,1.0599917,1.0390279,0.8368735,0.93795073
2010-02-19 07:00:00,2.7237666666666667,2.3838,1.1986288937534655,2.0399723,1.9944911,1.8005534,1.8975222
2010-02-19 08:00:00,2.0765666666666664,1.8681333333333332,1.2121443471757627,1.8588008,1.7958658,2.0785367,1.9372013
2010-02-19 09:00:00,2.2943333333333333,1.3786666666666667,1.350797225224634,2.0720508,1.8056194,1.7738582,1.7897388
2010-02-19 10:00:00,1.5958666666666663,1.3958666666666666,1.5941681521436757,1.953687,1.7817553,1.551131,1.6664431
2010-02-19 11:00:00,2.0972333333333335,1.3963,2.517076816960723,1.6239439,1.6064607,1.4159502,1.5112054
2010-02-19 12:00:00,1.2960333333333334,1.4571333333333334,2.777452395728618,1.7068243,1.3705153,1.285372,1.3279437
2010-02-19 13:00:00,0.3747666666666667,2.3109333333333333,2.6284195887113984,0.95641464,1.3280051,1.1101286,1.2190669
2010-02-19 14:00:00,0.7874666666666666,1.9985666666666664,2.23331865384985,0.49699643,1.3586248,0.9926988,1.1756618
2010-02-19 15:00:00,0.3170666666666666,1.5628,2.1778536735996474,0.80765826,1.3272047,0.898627,1.1129159
2010-02-19 16:00:00,1.4855666666666667,1.2193,2.1355132617969996,0.49195763,1.283129,0.83995116,1.0615401
2010-02-19 17:00:00,1.2898,0.3348333333333333,2.03214196255684,1.3781127,1.132301,0.9245155,1.0284083
2010-02-19 18:00:00,0.6971,0.9950666666666668,1.968368056257341,1.2548834,1.311977,1.2116982,1.2618376
2010-02-19 19:00:00,2.703033333333333,2.904333333333333,2.018426054955692,1.6095175,1.9829023,1.874531,1.9287167
2010-02-19 20:00:00,2.478,2.4950666666666668,1.9794512893766856,2.6327915,2.411595,2.4195836,2.4155893
2010-02-19 21:00:00,2.5050666666666666,1.1619333333333333,2.293829047738059,2.4259708,1.8808552,2.315094,2.0979745
2010-02-19 22:00:00,2.692833333333333,0.5781666666666666,2.6209845767080076,1.4558201,1.3996255,1.6787767,1.5392011
2010-02-19 23:00:00,1.9572333333333336,0.3452,2.886405592005022,1.4158427,0.9328622,0.98465925,0.95876074
2010-02-20 00:00:00,1.4122333333333332,0.3402666666666666,2.8199909144188635,1.3709029,0.64878774,0.65863776,0.65371275
2010-02-20 01:00:00,1.4004333333333332,0.3634333333333333,2.669956977987061,1.1057743,0.6469302,0.5789776,0.6129539
2010-02-20 02:00:00,0.3367333333333333,0.3091333333333333,2.0881867031017998,0.82353616,0.5863438,0.52979606,0.55806994
2010-02-20 03:00:00,0.3081,0.5898,1.5480474383736391,0.39240953,0.58891577,0.42002535,0.5044706
2010-02-20 04:00:00,0.3177,0.6547666666666667,1.2274600905289346,0.42493457,0.57027686,0.35290176,0.4615893
2010-02-20 05:00:00,0.2959666666666666,0.2977999999999999,1.2070914584658017,0.4453812,0.5535203,0.35103822,0.45227927
2010-02-20 06:00:00,0.6197666666666667,0.6326,1.2019211846767244,0.7610648,0.9997185,0.4509976,0.725358
2010-02-20 07:00:00,2.2764666666666664,2.7237666666666667,1.1965491606583722,2.136459,1.9422823,0.80163103,1.3719567
2010-02-20 08:00:00,1.6829333333333334,2.0765666666666664,1.2100646140806695,1.8695765,1.9699242,1.4533924,1.7116582
2010-02-20 09:00:00,2.0114666666666667,2.2943333333333333,1.3487174921295413,1.6717902,1.7107996,1.8779584,1.794379
2010-02-20 10:00:00,2.1595999999999997,1.5958666666666663,1.592088419048583,1.7539059,1.8430457,1.8583814,1.8507135
2010-02-20 11:00:00,1.6504333333333332,2.0972333333333335,2.51499708386563,1.8609095,1.6851889,1.8155115,1.7503502
2010-02-20 12:00:00,1.5052333333333332,1.2960333333333334,2.775372662633525,1.8604019,1.8288592,1.788059,1.808459
2010-02-20 13:00:00,1.6060666666666668,0.3747666666666667,2.626339855616305,1.6652678,1.9034138,1.7576976,1.8305557
2010-02-20 14:00:00,1.4579666666666666,0.7874666666666666,2.231238920754757,1.8675011,1.7935377,1.7026479,1.7480929
2010-02-20 15:00:00,0.3484333333333333,0.3170666666666666,2.175773940504554,1.3744619,1.803402,1.7192931,1.7613475
2010-02-20 16:00:00,0.3483333333333333,1.4855666666666667,2.1334335287019064,0.5153142,1.620065,1.678204,1.6491345
2010-02-20 17:00:00,0.4541666666666666,1.2898,2.030062229461747,0.75590116,1.7135955,1.8873208,1.8004582
2010-02-20 18:00:00,3.0763000000000003,0.6971,1.9662883231622477,1.6526449,1.8850276,2.3237464,2.104387
2010-02-20 19:00:00,2.8063,2.703033333333333,2.016346321860599,3.2443984,2.4629507,2.9075937,2.6852722
2010-02-20 20:00:00,2.2227333333333332,2.478,1.9773715562815926,2.5568805,2.4214113,2.954124,2.6877675
2010-02-20 21:00:00,2.098666666666667,2.5050666666666666,2.291749314642966,2.101071,2.1410942,2.5369468,2.3390205
2010-02-20 22:00:00,1.9382666666666668,2.692833333333333,2.6189048436129143,1.379268,1.6777055,1.7584428,1.7180741
2010-02-20 23:00:00,0.7278333333333333,1.9572333333333336,2.8843258589099285,1.0054262,1.368628,1.2280619,1.298345
2010-02-21 00:00:00,0.3153666666666667,1.4122333333333332,2.8179111813237703,0.60470253,1.3377098,1.0248231,1.1812664
2010-02-21 01:00:00,0.7261000000000001,1.4004333333333332,2.667877244891968,0.41630918,0.8945934,1.0083992,0.95149636
2010-02-21 02:00:00,0.5900333333333333,0.3367333333333333,2.0861069700067065,0.4022871,0.77175766,1.0006701,0.8862139
2010-02-21 03:00:00,0.3199333333333333,0.3081,1.545967705278546,0.47749436,0.70144546,0.9321102,0.8167778
2010-02-21 04:00:00,0.3369,0.3177,1.2253803574338413,0.43939704,0.62380165,0.83141106,0.72760636
2010-02-21 05:00:00,0.3113333333333333,0.2959666666666666,1.2050117253707084,0.45047942,0.6066913,0.71725315,0.6619722
2010-02-21 06:00:00,0.3227333333333333,0.6197666666666667,1.1998414515816314,0.53645533,0.6773873,0.6536529,0.6655201
2010-02-21 07:00:00,0.4013666666666667,2.2764666666666664,1.1944694275632792,0.6223654,1.0884986,0.7787231,0.93361086
2010-02-21 08:00:00,1.268333333333333,1.6829333333333334,1.2079848809855767,0.72197986,1.0053687,1.0625219,1.0339453
2010-02-21 09:00:00,2.0291333333333332,2.0114666666666667,1.346637759034448,1.1296903,1.2842493,1.2992125,1.2917309
2010-02-21 10:00:00,1.2503666666666668,2.1595999999999997,1.5900086859534897,1.9477879,1.3345172,1.5849518,1.4597344
2010-02-21 11:00:00,5.0908,1.6504333333333332,2.512917350770537,1.968491,1.6813939,1.7348359,1.7081149
2010-02-21 12:00:00,2.2081999999999997,1.5052333333333332,2.773292929538432,3.3534806,1.6184387,1.8353468,1.7268927
2010-02-21 13:00:00,2.0606,1.6060666666666668,2.6242601225212123,2.5994496,1.5546062,1.9486785,1.7516423
2010-02-21 14:00:00,4.638199999999999,1.4579666666666666,2.229159187659664,1.9284765,1.681752,1.9492266,1.8154893
2010-02-21 15:00:00,4.5135,0.3484333333333333,2.173694207409461,3.5122578,1.7227632,1.9467328,1.834748
2010-02-21 16:00:00,2.406433333333333,0.3483333333333333,2.131353795606813,2.8707979,1.6839639,2.0743103,1.879137
2010-02-21 17:00:00,3.2794000000000003,0.4541666666666666,2.0279824963666537,2.4940696,1.7304987,2.463532,2.0970154
2010-02-21 18:00:00,1.9771333333333336,3.0763000000000003,1.9642085900671546,2.8783674,1.9463747,2.9085722,2.4274735
2010-02-21 19:00:00,2.1541,2.8063,2.014266588765506,2.502444,2.7973025,3.1091588,2.9532306
2010-02-21 20:00:00,2.5315000000000003,2.2227333333333332,1.9752918231864993,2.4932754,2.7024748,2.922277,2.812376
2010-02-21 21:00:00,2.3259,2.098666666666667,2.289669581547873,2.414256,2.3857975,2.3695369,2.3776672
2010-02-21 22:00:00,2.1685999999999996,1.9382666666666668,2.6168251105178215,1.7597696,1.7177441,1.6120967,1.6649203
2010-02-21 23:00:00,2.4459333333333335,0.7278333333333333,2.8822461258148357,1.4219602,0.99824613,1.1521188,1.0751824
2010-02-22 00:00:00,1.7178,0.3153666666666667,2.815831448228677,1.3727869,0.7018605,0.9898896,0.845875
2010-02-22 01:00:00,0.5605666666666667,0.7261000000000001,2.6657975117968746,1.3892397,0.6057927,0.60026157,0.6030271
2010-02-22 02:00:00,0.2968333333333333,0.5900333333333333,2.0840272369116137,0.47031358,0.53063464,0.6074916,0.5690631
2010-02-22 03:00:00,0.3202666666666667,0.3199333333333333,1.543887972183453,0.40306854,0.51489526,0.5196343,0.5172648
2010-02-22 04:00:00,0.3087666666666667,0.3369,1.2233006243387483,0.45397705,0.5291182,0.37888515,0.45400167
2010-02-22 05:00:00,0.3934333333333333,0.3113333333333333,1.2029319922756154,0.4605721,0.5017344,0.33105707,0.41639572
2010-02-22 06:00:00,1.821,0.3227333333333333,1.1977617184865381,0.97126913,0.99534845,0.7670169,0.8811827
2010-02-22 07:00:00,3.0752,0.4013666666666667,1.1923896944681862,2.4601104,1.8572614,1.6925513,1.7749064
2010-02-22 08:00:00,1.8914,1.268333333333333,1.2059051478904834,2.693761,1.6953175,1.8004565,1.747887
2010-02-22 09:00:00,1.8716333333333333,2.0291333333333332,1.3445580259393548,1.5412977,1.6727777,1.5126002,1.5926889
2010-02-22 10:00:00,1.427366666666667,1.2503666666666668,1.5879289528583964,1.6442609,1.6337485,1.3552034,1.494476
2010-02-22 11:00:00,1.4194666666666664,5.0908,2.5108376176754437,1.6425928,1.3661463,1.2554916,1.3108189
2010-02-22 12:00:00,0.5645,2.2081999999999997,2.771213196443339,1.3397713,1.079437,1.0715346,1.0754858
2010-02-22 13:00:00,0.7529666666666667,2.0606,2.622180389426119,0.975786,0.96559405,0.83169335,0.89864373
2010-02-22 14:00:00,0.3567,4.638199999999999,2.2270794545645707,1.4166614,1.0076611,0.680599,0.84413004
2010-02-22 15:00:00,0.3516666666666667,4.5135,2.171614474314368,0.39854562,0.65383023,0.56586796,0.6098491
2010-02-22 16:00:00,0.3861,2.406433333333333,2.12927406251172,0.3032229,0.5138503,0.51861596,0.5162331
2010-02-22 17:00:00,0.4318666666666667,3.2794000000000003,2.025902763271561,0.6495568,0.71536803,0.60390663,0.65963733
2010-02-22 18:00:00,0.6655,1.9771333333333336,1.9621288569720616,1.2234455,1.3709985,1.0282683,1.1996334
2010-02-22 19:00:00,0.9057,2.1541,2.0121868556704126,1.5822167,2.2490036,1.7031693,1.9760865
2010-02-22 20:00:00,2.616033333333333,2.5315000000000003,1.9732120900914063,2.2114782,2.2715175,2.2602699,2.2658937
2010-02-22 21:00:00,1.6468333333333334,2.3259,2.2875898484527797,2.2069998,2.155812,2.214676,2.185244
2010-02-22 22:00:00,0.4549,2.1685999999999996,2.6147453774227283,1.1053581,1.5190649,1.307639,1.413352
2010-02-22 23:00:00,0.3307666666666666,2.4459333333333335,2.880166392719743,0.7970721,0.82466096,0.6229141,0.72378755
2010-02-23 00:00:00,0.3341333333333333,1.7178,2.8137517151335842,0.32950538,0.5903218,0.47315347,0.5317376
2010-02-23 01:00:00,0.3158666666666666,0.5605666666666667,2.663717778701782,0.42258304,0.46594727,0.49547303,0.48071015
2010-02-23 02:00:00,0.3199333333333333,0.2968333333333333,2.0819475038165205,0.43513602,0.45051154,0.4645701,0.4575408
2010-02-23 03:00:00,0.3716666666666667,0.3202666666666667,1.5418082390883598,0.4407189,0.4666091,0.39729357,0.43195134
2010-02-23 04:00:00,0.6366999999999999,0.3087666666666667,1.2212208912436553,0.38858747,0.45968816,0.36990088,0.4147945
2010-02-23 05:00:00,0.7226333333333332,0.3934333333333333,1.2008522591805224,0.4702019,0.46001157,0.497384,0.47869778
2010-02-23 06:00:00,0.4759333333333334,1.821,1.195681985391445,0.9937463,1.0188317,1.0818392,1.0503354
2010-02-23 07:00:00,1.5644333333333331,3.0752,1.190309961373093,1.4700834,2.0862784,1.7772379,1.9317582
2010-02-23 08:00:00,1.6541666666666666,1.8914,1.2038254147953902,2.1718814,1.9047333,1.6951327,1.799933
2010-02-23 09:00:00,1.7192333333333332,1.8716333333333333,1.342478292844262,1.5969007,1.7008423,1.5198619,1.610352
2010-02-23 10:00:00,1.5509333333333333,1.427366666666667,1.5858492197633036,1.5835426,1.4167259,1.4672542,1.44199
2010-02-23 11:00:00,1.5083666666666666,1.4194666666666664,2.5087578845803504,1.477227,1.5843513,1.4444969,1.5144241
2010-02-23 12:00:00,1.0404666666666669,0.5645,2.769133463348246,1.5008202,1.3208154,1.4218585,1.3713369
2010-02-23 13:00:00,0.3113666666666666,0.7529666666666667,2.620100656331026,0.807244,1.5280641,1.3847909,1.4564276
2010-02-23 14:00:00,0.305,0.3567,2.224999721469478,0.5219439,1.3107201,1.3050665,1.3078933
2010-02-23 15:00:00,0.4176666666666666,0.3516666666666667,2.169534741219275,0.5228878,1.0484195,1.0664015,1.0574105
2010-02-23 16:00:00,0.3423333333333333,0.3861,2.127194329416627,0.6688736,1.0337608,0.8438559,0.9388083
2010-02-23 17:00:00,0.3473333333333333,0.4318666666666667,2.0238230301764677,0.5708062,1.0209184,0.8170494,0.9189839
2010-02-23 18:00:00,1.1009,0.6655,1.9600491238769684,0.92110306,1.1622723,1.0253756,1.0938239
2010-02-23 19:00:00,2.6907666666666668,0.9057,2.0101071225753193,2.3608181,2.0175002,1.5210314,1.7692658
2010-02-23 20:00:00,1.3579,2.616033333333333,1.9711323569963133,2.5456986,2.3820605,2.1405573,2.261309
2010-02-23 21:00:00,2.195866666666667,1.6468333333333334,2.285510115357687,1.8572687,2.3322105,2.1237292,2.22797
2010-02-23 22:00:00,2.6940666666666666,0.4549,2.612665644327635,1.5183682,1.3000395,1.3402656,1.3201525
2010-02-23 23:00:00,0.377,0.3307666666666666,2.8780866596246497,0.7712618,0.7805381,0.63673383,0.7086359
2010-02-24 00:00:00,0.3318,0.3341333333333333,2.811671982038491,0.37444356,0.5908681,0.46853232,0.5297002
2010-02-24 01:00:00,0.3522333333333333,0.3158666666666666,2.6616380456066886,0.43389034,0.49530154,0.46228838,0.47879496
2010-02-24 02:00:00,0.3415666666666667,0.3199333333333333,2.0798677707214273,0.445739,0.4544975,0.41110605,0.43280178
2010-02-24 03:00:00,0.3921,0.3716666666666667,1.5397285059932668,0.38009682,0.48153397,0.32850707,0.40502053
2010-02-24 04:00:00,0.3847333333333333,0.6366999999999999,1.219141158148562,0.4856502,0.47990084,0.31172323,0.39581203
2010-02-24 05:00:00,0.3221333333333333,0.7226333333333332,1.1987725260854292,0.45915094,0.47230265,0.49637675,0.4843397
2010-02-24 06:00:00,1.2889666666666666,0.4759333333333334,1.193602252296352,0.9118486,0.93508375,1.23969,1.0873868
2010-02-24 07:00:00,1.3173666666666668,1.5644333333333331,1.188230228278,1.6100187,1.6813234,1.9819821,1.8316528
2010-02-24 08:00:00,3.356266666666667,1.6541666666666666,1.2017456817002974,2.389964,2.006976,1.7431221,1.875049
2010-02-24 09:00:00,2.1056,1.7192333333333332,1.3403985597491688,3.0337949,1.8231776,1.5144198,1.6687987
2010-02-24 10:00:00,1.584566666666667,1.5509333333333333,1.5837694866682104,2.037177,1.588438,1.4621189,1.5252784
2010-02-24 11:00:00,1.8057,1.5083666666666666,2.5066781514852576,1.5522921,1.539919,1.4222877,1.4811034
2010-02-24 12:00:00,1.8155666666666663,1.0404666666666669,2.767053730253153,2.283029,1.5072044,1.3714907,1.4393475
2010-02-24 13:00:00,1.5309666666666668,0.3113666666666666,2.618020923235933,1.7543409,1.2532395,1.3087873,1.2810135
2010-02-24 14:00:00,1.5017666666666665,0.305,2.2229199883743846,1.4458022,1.1515944,1.1033634,1.1274788
2010-02-24 15:00:00,1.4699,0.4176666666666666,2.1674550081241817,1.436583,1.1027943,0.90196943,1.0023818
2010-02-24 16:00:00,1.434,0.3423333333333333,2.1251145963215343,1.2277237,0.91596806,0.7467285,0.8313483
2010-02-24 17:00:00,1.4261666666666666,0.3473333333333333,2.0217432970813745,1.2991112,1.1954402,0.66611314,0.93077666
2010-02-24 18:00:00,1.4903000000000002,1.1009,1.9579693907818754,1.4400029,1.6326019,0.7881249,1.2103634
2010-02-24 19:00:00,1.4791,2.6907666666666668,2.0080273894802265,2.4354613,2.057565,1.3865299,1.7220474
2010-02-24 20:00:00,2.856933333333333,1.3579,1.96905262390122,2.1723287,2.3305268,2.2048974,2.267712
2010-02-24 21:00:00,1.4818,2.195866666666667,2.2834303822625936,2.2838671,2.1199448,2.3752894,2.2476172
2010-02-24 22:00:00,1.2430666666666668,2.6940666666666666,2.6105859112325422,1.5048839,1.5013369,1.636004,1.5686705
2010-02-24 23:00:00,0.5920333333333333,0.377,2.8760069265295565,0.50179213,0.9285384,0.8182212,0.8733798
2010-02-25 00:00:00,0.6841,0.3318,2.8095922489433978,0.53623,0.52038586,0.6301943,0.5752901
2010-02-25 01:00:00,0.4146333333333333,0.3522333333333333,2.6595583125115954,0.56602764,0.48530483,0.61296654,0.5491357
2010-02-25 02:00:00,1.0814666666666666,0.3415666666666667,2.0777880376263345,0.37885627,0.4947491,0.52907807,0.5119136
2010-02-25 03:00:00,0.3293999999999999,0.3921,1.5376487728981738,0.35315406,0.47178364,0.41722363,0.44450364
2010-02-25 04:00:00,0.2952,0.3847333333333333,1.217061425053469,0.4480707,0.4698842,0.34100175,0.40544295
2010-02-25 05:00:00,0.2950666666666667,0.3221333333333333,1.1966927929903362,0.4201613,0.46742934,0.37125993,0.41934463
2010-02-25 06:00:00,0.6400666666666667,1.2889666666666666,1.1915225192012588,1.0558208,0.9878443,0.656742,0.82229316
2010-02-25 07:00:00,1.8048666666666664,1.3173666666666668,1.186150495182907,1.7789446,1.9350475,1.2990453,1.6170464
2010-02-25 08:00:00,1.4933666666666667,3.356266666666667,1.1996659486052041,1.8783017,1.8630307,1.6037502,1.7333905
2010-02-25 09:00:00,1.4325,2.1056,1.3383188266540755,1.2200004,1.6100408,1.4555256,1.5327833
2010-02-25 10:00:00,1.5113,1.584566666666667,1.5816897535731171,1.2751586,1.5065495,1.3400922,1.4233208
2010-02-25 11:00:00,1.7162,1.8057,2.5045984183901644,1.4514717,1.5090903,1.2900244,1.3995574
2010-02-25 12:00:00,1.6984,1.8155666666666663,2.7649739971580596,1.5970954,1.4165514,1.2231408,1.3198462
2010-02-25 13:00:00,1.5552666666666668,1.5309666666666668,2.61594119014084,1.7158564,1.4375118,1.1722423,1.304877
2010-02-25 14:00:00,1.5409333333333337,1.5017666666666665,2.2208402552792914,1.4549035,1.4505877,1.0857668,1.2681773
2010-02-25 15:00:00,1.4908333333333337,1.4699,2.165375275029089,1.3416362,1.2175486,1.012756,1.1151524
2010-02-25 16:00:00,2.0642666666666667,1.434,2.123034863226441,1.3612418,1.1466103,1.1511164,1.1488633
2010-02-25 17:00:00,2.0473666666666666,1.4261666666666666,2.019663563986281,1.9321709,1.039167,1.3075522,1.1733596
2010-02-25 18:00:00,1.8576,1.4903000000000002,1.9558896576867824,2.0578628,1.4177339,1.6186311,1.5181825
2010-02-25 19:00:00,1.5351666666666666,1.4791,2.0059476563851333,1.989987,2.2683942,2.0151665,2.1417804
2010-02-25 20:00:00,1.413,2.856933333333333,1.966972890806127,2.1710775,2.3445842,2.182374,2.2634792
2010-02-25 21:00:00,1.7670333333333337,1.4818,2.2813506491675004,1.7218697,1.9611815,1.9647892,1.9629853
2010-02-25 22:00:00,1.6735,1.2430666666666668,2.608506178137449,1.1236264,1.4860197,1.1971289,1.3415743
2010-02-25 23:00:00,0.9952,0.5920333333333333,2.8739271934344632,0.7795554,0.7529643,0.6127343,0.6828493
2010-02-26 00:00:00,0.6327999999999999,0.6841,2.807512515848305,0.82368743,0.49983394,0.45878083,0.47930738
2010-02-26 01:00:00,0.3358666666666667,0.4146333333333333,2.6574785794165026,0.50346106,0.440755,0.5034857,0.47212034
2010-02-26 02:00:00,0.3320666666666667,1.0814666666666666,2.075708304531241,0.36585972,0.4352999,0.45327097,0.44428545
2010-02-26 03:00:00,0.6876333333333334,0.3293999999999999,1.5355690398030806,0.4295838,0.38516152,0.33863908,0.3619003
2010-02-26 04:00:00,0.637,0.2952,1.214981691958376,0.3923906,0.403328,0.2693758,0.3363519
2010-02-26 05:00:00,0.38,0.2950666666666667,1.1946130598952431,0.45674387,0.40717858,0.38088155,0.39403006
2010-02-26 06:00:00,0.6094,0.6400666666666667,1.1894427861061658,0.9981617,0.8856399,0.8317585,0.8586992
2010-02-26 07:00:00,2.1114333333333333,1.8048666666666664,1.1840707620878137,2.034545,1.9209044,1.6505826,1.7857435
2010-02-26 08:00:00,0.9420666666666668,1.4933666666666667,1.197586215510111,1.8945695,1.957665,1.91414,1.9359025
2010-02-26 09:00:00,0.7372666666666666,1.4325,1.3362390935589827,1.5620954,1.8592725,1.6846154,1.7719439
2010-02-26 10:00:00,1.296366666666667,1.5113,1.5796100204780243,1.0497602,1.6684338,1.5103027,1.5893682
2010-02-26 11:00:00,1.9303333333333337,1.7162,2.5025186852950716,1.7307842,1.7181032,1.3941615,1.5561323
2010-02-26 12:00:00,1.653333333333333,1.6984,2.7628942640629663,1.8253841,1.5555074,1.2880641,1.4217858
2010-02-26 13:00:00,2.9355333333333333,1.5552666666666668,2.6138614570457466,1.4651444,1.1173953,1.1276652,1.1225302
2010-02-26 14:00:00,1.411266666666667,1.5409333333333337,2.2187605221841986,2.0959365,1.000571,0.92877144,0.96467125
2010-02-26 15:00:00,0.8488,1.4908333333333337,2.1632955419339956,1.204716,0.9393793,0.7253957,0.83238745
2010-02-26 16:00:00,1.4314333333333331,2.0642666666666667,2.120955130131348,1.0917141,1.3413596,0.6723393,1.0068495
2010-02-26 17:00:00,1.6354333333333335,2.0473666666666666,2.0175838308911884,1.4436454,1.2804959,0.83447564,1.0574858
2010-02-26 18:00:00,1.7331666666666663,1.8576,1.9538099245916891,1.578537,1.2819415,1.1031617,1.1925516
2010-02-26 19:00:00,2.7013666666666665,1.5351666666666666,2.00386792329004,2.3757164,2.1263258,1.4837124,1.8050191
2010-02-26 20:00:00,2.543766666666667,1.413,1.964893157711034,2.2895453,1.948238,1.7168857,1.8325619
2010-02-26 21:00:00,2.9376666666666664,1.7670333333333337,2.2792709160724076,2.5231187,2.0081494,1.6733279,1.8407387
2010-02-26 22:00:00,3.1803666666666666,1.6735,2.6064264450423558,1.829198,1.581415,1.3578598,1.4696374
2010-02-26 23:00:00,1.6915666666666669,0.9952,2.87184746033937,1.733702,0.99981296,0.842503,0.92115796
2010-02-27 00:00:00,0.791,0.6327999999999999,2.8054327827532117,1.4073697,0.67399746,0.46517098,0.56958425
2010-02-27 01:00:00,0.3078,0.3358666666666667,2.6553988463214093,0.28941384,0.7110064,0.49507648,0.6030414
2010-02-27 02:00:00,0.3785333333333333,0.3320666666666667,2.073628571436148,0.3949689,0.60032713,0.5184028,0.559365
2010-02-27 03:00:00,0.3720333333333333,0.6876333333333334,1.5334893067079876,0.39601722,0.62030256,0.4942577,0.5572801
2010-02-27 04:00:00,0.3013333333333333,0.637,1.2129019588632828,0.3682525,0.5930634,0.49257648,0.54282
2010-02-27 05:00:00,0.3026333333333333,0.38,1.19253332680015,0.41681996,0.58024657,0.5571306,0.5686886
2010-02-27 06:00:00,0.3033,0.6094,1.1873630530110728,0.72837484,0.8704184,0.73377824,0.80209833
2010-02-27 07:00:00,0.5425666666666668,2.1114333333333333,1.1819910289927207,1.2264527,1.6039529,1.0634615,1.3337072
2010-02-27 08:00:00,0.6466666666666666,0.9420666666666668,1.1955064824150181,1.1764972,1.5154394,1.4452214,1.4803305
2010-02-27 09:00:00,1.5447666666666666,0.7372666666666666,1.3341593604638895,1.1749321,1.6644137,1.7174964,1.690955
2010-02-27 10:00:00,1.758133333333333,1.296366666666667,1.577530287382931,1.5537741,1.7218133,1.7678323,1.7448227
2010-02-27 11:00:00,2.752733333333333,1.9303333333333337,2.5004389521999784,1.8084348,1.6892222,1.7382274,1.7137249
2010-02-27 12:00:00,1.7181666666666666,1.653333333333333,2.7608145309678735,1.9738659,1.6820467,1.6926095,1.6873281
2010-02-27 13:00:00,2.061433333333333,2.9355333333333333,2.6117817239506538,2.0268857,1.4289399,1.6393454,1.5341427
2010-02-27 14:00:00,2.0583,1.411266666666667,2.2166807890891054,1.6679922,1.5471771,1.5777203,1.5624487
2010-02-27 15:00:00,1.3955333333333333,0.8488,2.1612158088389024,1.844127,1.3568953,1.462756,1.4098257
2010-02-27 16:00:00,2.101,1.4314333333333331,2.1188753970362546,1.37999,1.4979837,1.5458486,1.5219162
2010-02-27 17:00:00,2.4856666666666665,1.6354333333333335,2.015504097796095,2.0219836,1.538148,1.7360626,1.6371053
2010-02-27 18:00:00,2.631266666666667,1.7331666666666663,1.951730191496596,2.761632,2.1452549,2.1090498,2.1271524
2010-02-27 19:00:00,1.6353,2.7013666666666665,2.0017881901949472,2.7359395,2.6469228,2.5415525,2.5942378
2010-02-27 20:00:00,1.6344999999999998,2.543766666666667,1.9628134246159408,2.459366,2.5480158,2.5680885,2.558052
2010-02-27 21:00:00,0.6864333333333333,2.9376666666666664,2.2771911829773144,1.7622173,2.5862963,1.9770746,2.2816854
2010-02-27 22:00:00,0.5222,3.1803666666666666,2.604346711947263,0.9724877,1.793777,1.3060077,1.5498924
2010-02-27 23:00:00,0.4863,1.6915666666666669,2.869767727244277,0.69678503,1.3735034,1.0118823,1.1926929
2010-02-28 00:00:00,0.5701666666666667,0.791,2.8033530496581185,0.50975204,1.1317348,0.92285806,1.0272964
2010-02-28 01:00:00,0.5520666666666667,0.3078,2.653319113226316,0.49098638,0.8798858,0.9142313,0.89705855
2010-02-28 02:00:00,0.5487666666666667,0.3785333333333333,2.0715488383410547,0.4739069,0.74974114,0.8999802,0.8248607
2010-02-28 03:00:00,0.5045,0.3720333333333333,1.5314095736128945,0.51297796,0.6115122,0.8514106,0.7314614
2010-02-28 04:00:00,0.5152666666666667,0.3013333333333333,1.2108222257681898,0.5348836,0.5467901,0.8074452,0.6771177
2010-02-28 05:00:00,1.1840666666666666,0.3026333333333333,1.1904535937050569,0.56672746,0.5250087,0.76616836,0.6455885
2010-02-28 06:00:00,0.6705,0.3033,1.1852833199159796,0.57135105,0.63262665,0.7544532,0.6935399
2010-02-28 07:00:00,0.599,0.5425666666666668,1.1799112958976277,0.7762396,0.93006855,0.78810096,0.8590847
2010-02-28 08:00:00,0.4977666666666666,0.6466666666666666,1.1934267493199249,1.0946623,1.50886,1.060575,1.2847176
2010-02-28 09:00:00,0.4737333333333333,1.5447666666666666,1.3320796273687963,1.1766744,2.126288,1.391924,1.7591059
2010-02-28 10:00:00,0.4535,1.758133333333333,1.5754505542878379,1.0430626,1.9858627,1.5828016,1.7843322
2010-02-28 11:00:00,0.2943,2.752733333333333,2.498359219104885,1.5371878,2.8236582,1.6317914,2.2277248
2010-02-28 12:00:00,0.3297333333333333,1.7181666666666666,2.7587347978727803,0.6918497,2.306221,1.6374278,1.9718244
2010-02-28 13:00:00,0.3858,2.061433333333333,2.6097019908555605,0.6323411,2.4197383,1.6952558,2.057497
2010-02-28 14:00:00,0.3498333333333333,2.0583,2.214601055994012,1.1198139,1.8977796,1.791346,1.8445628
2010-02-28 15:00:00,1.2580333333333331,1.3955333333333333,2.1591360757438096,0.88956296,1.7820976,1.9256108,1.8538542
2010-02-28 16:00:00,0.3291333333333333,2.101,2.1167956639411614,1.1830646,1.8822349,1.9343723,1.9083036
2010-02-28 17:00:00,0.3082666666666666,2.4856666666666665,2.013424364701002,0.66053426,1.8942826,2.1770346,2.0356586
2010-02-28 18:00:00,0.3589,2.631266666666667,1.949650458401503,0.8602974,2.2578008,2.3236113,2.2907062
2010-02-28 19:00:00,0.4089666666666666,1.6353,1.999708457099854,0.8338609,2.3918383,2.3477402,2.3697891
2010-02-28 20:00:00,0.3419,1.6344999999999998,1.9607336915208478,0.6783513,2.6129165,2.1553936,2.384155
2010-02-28 21:00:00,0.2854333333333333,0.6864333333333333,2.275111449882221,0.5279026,2.2470727,1.7662733,2.0066729
2010-02-28 22:00:00,0.2961333333333333,0.5222,2.6022669788521697,0.37431645,1.8108146,1.3095533,1.560184
2010-02-28 23:00:00,0.3453333333333333,0.4863,2.8676879941491844,0.34352803,1.5010271,0.99574834,1.2483877
2010-03-01 00:00:00,0.3574333333333334,0.5701666666666667,2.8012733165630257,0.32620248,0.59382784,0.8608178,0.7273228
2010-03-01 01:00:00,1.0627333333333333,0.5520666666666667,2.6512393801312233,0.36133325,0.5232626,0.3835129,0.45338777
2010-03-01 02:00:00,0.5331666666666667,0.5487666666666667,2.069469105245962,0.25676057,0.49768618,0.3500129,0.42384952
2010-03-01 03:00:00,0.2927666666666667,0.5045,1.5293298405178013,0.5413141,0.4738231,0.34452665,0.40917486
2010-03-01 04:00:00,0.3368666666666666,0.5152666666666667,1.2087424926730967,0.3954008,0.4934467,0.41763824,0.45554247
2010-03-01 05:00:00,0.3665333333333333,1.1840666666666666,1.1883738606099639,0.41207293,0.50428486,0.6759214,0.59010315
2010-03-01 06:00:00,0.3259666666666667,0.6705,1.1832035868208866,0.67520213,1.0100223,1.4620076,1.236015
2010-03-01 07:00:00,0.2896666666666666,0.599,1.1778315628025344,0.5980198,1.5916111,1.9285536,1.7600824
2010-03-01 08:00:00,0.4162666666666667,0.4977666666666666,1.1913470162248316,0.5305047,1.5451093,1.679152,1.6121306
2010-03-01 09:00:00,0.3872,0.4737333333333333,1.329999894273703,0.6741386,1.632809,1.5299194,1.5813642
2010-03-01 10:00:00,0.3992666666666666,0.4535,1.573370821192745,0.65574664,1.5603116,1.4564606,1.5083861
2010-03-01 11:00:00,2.3966333333333334,0.2943,2.496279486009792,0.6225751,1.4930094,1.3697883,1.4313989
2010-03-01 12:00:00,2.1227666666666667,0.3297333333333333,2.7566550647776875,2.0750215,1.1606494,1.287282,1.2239656
2010-03-01 13:00:00,1.4875666666666667,0.3858,2.6076222577604673,2.229222,1.1521434,1.2248224,1.1884829
2010-03-01 14:00:00,1.4439666666666668,0.3498333333333333,2.2125213228989193,1.3540918,0.9545068,1.1381128,1.0463098
2010-03-01 15:00:00,1.0298333333333334,1.2580333333333331,2.1570563426487164,1.3594489,1.0434158,1.0397236,1.0415697
2010-03-01 16:00:00,0.9595,0.3291333333333333,2.1147159308460686,0.8419012,0.9126048,0.94055504,0.92657995
2010-03-01 17:00:00,0.9247666666666666,0.3082666666666666,2.011344631605909,1.1606685,0.91593176,0.90736496,0.9116484
2010-03-01 18:00:00,0.8759666666666667,0.3589,1.9475707253064098,1.2448593,1.1242104,1.0323844,1.0782974
2010-03-01 19:00:00,0.8483333333333333,0.4089666666666666,1.9976287240047608,1.4550604,1.5194645,1.534656,1.5270603
2010-03-01 20:00:00,1.5795,0.3419,1.9586539584257547,1.3962321,1.5320823,2.2130353,1.8725588
2010-03-01 21:00:00,0.9711666666666666,0.2854333333333333,2.2730317167871283,2.1398437,0.8964484,2.3306198,1.6135341
2010-03-01 22:00:00,1.2349666666666663,0.2961333333333333,2.6001872457570765,0.8641006,0.996135,1.8280585,1.4120967
2010-03-01 23:00:00,1.0026333333333333,0.3453333333333333,2.865608261054091,0.5221115,0.8575738,1.2534181,1.055496
2010-03-02 00:00:00,0.4800333333333333,0.3574333333333334,2.7991935834679325,0.49637973,0.5609263,0.93868643,0.7498064
2010-03-02 01:00:00,0.4935,1.0627333333333333,2.64915964703613,0.5223854,0.49058628,0.7395593,0.6150728
2010-03-02 02:00:00,0.5536666666666666,0.5331666666666667,2.0673893721508687,0.54823226,0.4597086,0.6381518,0.5489302
2010-03-02 03:00:00,0.5527666666666667,0.2927666666666667,1.5272501074227083,0.5213319,0.47912517,0.5871664,0.5331458
2010-03-02 04:00:00,0.4892666666666667,0.3368666666666666,1.2066627595780035,0.52964115,0.5038833,0.5876631,0.5457732
2010-03-02 05:00:00,0.5059333333333333,0.3665333333333333,1.1862941275148706,0.5651939,0.5774933,0.6925205,0.6350069
2010-03-02 06:00:00,0.5280666666666667,0.3259666666666667,1.1811238537257935,0.84971553,0.78555447,1.0968746,0.94121456
2010-03-02 07:00:00,0.4891333333333333,0.2896666666666666,1.1757518297074414,1.2454308,1.0274838,1.7118051,1.3696444
2010-03-02 08:00:00,1.5749,0.4162666666666667,1.1892672831297388,0.9991238,1.1109283,1.7821066,1.4465175
2010-03-02 09:00:00,0.3081,0.3872,1.3279201611786102,1.4156393,1.0833229,1.6499563,1.3666396
2010-03-02 10:00:00,0.3351,0.3992666666666666,1.5712910880976518,0.5605067,1.0625751,1.6061249,1.33435
2010-03-02 11:00:00,0.3413666666666666,2.3966333333333334,2.494199752914699,0.54619265,1.2028165,1.5873911,1.3951038
2010-03-02 12:00:00,0.5778666666666668,2.1227666666666667,2.7545753316825943,0.53497636,1.0979208,1.5484823,1.3232015
2010-03-02 13:00:00,0.9327666666666666,1.4875666666666667,2.6055425246653745,0.51814985,0.9269665,1.4213506,1.1741586
2010-03-02 14:00:00,0.3597333333333333,1.4439666666666668,2.210441589803826,0.48933318,0.9654404,1.2367074,1.101074
2010-03-02 15:00:00,0.3177666666666666,1.0298333333333334,2.154976609553623,0.4048411,0.9468982,1.1128961,1.0298972
2010-03-02 16:00:00,0.3051,0.9595,2.1126361977509753,0.42364156,0.94434434,1.0095254,0.9769349
2010-03-02 17:00:00,0.3277333333333334,0.9247666666666666,2.009264898510816,0.5587479,0.88817924,0.9389554,0.9135673
2010-03-02 18:00:00,0.3562,0.8759666666666667,1.9454909922113168,0.73381346,1.0352494,1.0823265,1.058788
2010-03-02 19:00:00,0.3883333333333333,0.8483333333333333,1.9955489909096678,0.9622379,1.3694593,1.6382369,1.5038481
2010-03-02 20:00:00,0.3219333333333333,1.5795,1.9565742253306615,1.083836,1.5925187,2.2054496,1.8989842
2010-03-02 21:00:00,0.4192666666666666,0.9711666666666666,2.270951983692035,0.48400173,1.5978138,2.212318,1.9050659
2010-03-02 22:00:00,1.0003666666666666,1.2349666666666663,2.5981075126619837,0.588859,1.4153701,1.432372,1.423871
2010-03-02 23:00:00,0.8228666666666666,1.0026333333333333,2.863528527958998,0.20365568,0.9173955,0.6153329,0.7663642
2010-03-03 00:00:00,0.7674333333333333,0.4800333333333333,2.797113850372839,0.5810633,0.5593467,0.3893699,0.4743583
2010-03-03 01:00:00,0.6553,0.4935,2.647079913941037,0.5994694,0.5438744,0.3811711,0.46252275
2010-03-03 02:00:00,0.5165666666666666,0.5536666666666666,2.0653096390557755,0.5884471,0.51748616,0.36355335,0.44051975
2010-03-03 03:00:00,0.3933999999999999,0.5527666666666667,1.5251703743276153,0.5272196,0.4907618,0.31382436,0.4022931
2010-03-03 04:00:00,0.3500666666666667,0.4892666666666667,1.2045830264829105,0.48617643,0.514224,0.29685485,0.40553942
2010-03-03 05:00:00,0.3808999999999999,0.5059333333333333,1.1842143944197776,0.40587026,0.48754263,0.46082723,0.47418493
2010-03-03 06:00:00,0.3116666666666666,0.5280666666666667,1.1790441206307003,0.77912575,0.92703825,1.149744,1.0383911
2010-03-03 07:00:00,1.0407666666666666,0.4891333333333333,1.1736720966123482,0.648497,1.3875223,1.8820148,1.6347685
2010-03-03 08:00:00,1.5217333333333334,1.5749,1.1871875500346456,1.1091565,1.6019859,1.7417984,1.6718922
2010-03-03 09:00:00,1.4347,0.3081,1.325840428083517,1.4461495,1.3446103,1.4809134,1.4127619
2010-03-03 10:00:00,1.449733333333333,0.3351,1.5692113550025586,1.1758944,1.3741102,1.3909675,1.3825388
2010-03-03 11:00:00,1.4351333333333334,0.3413666666666666,2.492120019819606,1.4161499,1.3237989,1.3364726,1.3301358
2010-03-03 12:00:00,0.6067666666666667,0.5778666666666668,2.752495598587501,1.3672819,1.379121,1.2892841,1.3342025
2010-03-03 13:00:00,0.3625333333333333,0.9327666666666666,2.6034627915702813,0.78626484,1.2696708,1.2319739,1.2508223
2010-03-03 14:00:00,0.3437,0.3597333333333333,2.208361856708733,0.455854,1.2680184,1.129911,1.1989646
2010-03-03 15:00:00,0.4118666666666666,0.3177666666666666,2.1528968764585303,0.5661155,1.1588382,1.0053691,1.0821036
2010-03-03 16:00:00,0.3362666666666667,0.3051,2.1105564646558825,0.7401696,1.0518405,0.8775568,0.9646987
2010-03-03 17:00:00,0.3636333333333333,0.3277333333333334,2.0071851654157227,0.6145141,1.1671501,0.8707557,1.0189528
2010-03-03 18:00:00,0.3205666666666667,0.3562,1.9434112591162238,0.6862832,1.2430668,1.0089217,1.1259942
2010-03-03 19:00:00,0.3219666666666667,0.3883333333333333,1.9934692578145747,0.7810646,1.4310268,1.4166706,1.4238486
2010-03-03 20:00:00,0.9958333333333332,0.3219333333333333,1.9544944922355685,0.5820928,1.5924672,2.117905,1.855186
2010-03-03 21:00:00,0.5968,0.4192666666666666,2.268872250596942,0.82128066,1.484005,2.3527355,1.9183702
2010-03-03 22:00:00,0.3437666666666666,1.0003666666666666,2.5960277795668905,0.7243717,1.4588506,1.6625196,1.5606852
2010-03-03 23:00:00,0.3361333333333333,0.8228666666666666,2.8614487948639047,0.5771414,0.94123447,0.6958691,0.8185518
2010-03-04 00:00:00,0.3371333333333333,0.7674333333333333,2.7950341172777464,0.3979027,0.5586554,0.4442715,0.5014634
2010-03-04 01:00:00,0.3381666666666666,0.6553,2.645000180845944,0.41419736,0.4983592,0.48351502,0.4909371
2010-03-04 02:00:00,0.3848,0.5165666666666666,2.0632299059606827,0.34293047,0.47149506,0.42948586,0.45049047
2010-03-04 03:00:00,0.3416333333333333,0.3933999999999999,1.523090641232522,0.40471828,0.4212548,0.32383418,0.3725445
2010-03-04 04:00:00,0.3218,0.3500666666666667,1.2025032933878175,0.4568737,0.44774258,0.24685991,0.34730124
2010-03-04 05:00:00,0.3137,0.3808999999999999,1.1821346613246846,0.46740007,0.4760915,0.38102996,0.42856073
2010-03-04 06:00:00,1.28,0.3116666666666666,1.1769643875356073,0.5269099,0.81963646,1.0101522,0.91489434
2010-03-04 07:00:00,0.4032666666666667,1.0407666666666666,1.1715923635172552,1.4813639,1.2765926,1.7861257,1.5313592
2010-03-04 08:00:00,0.3548666666666667,1.5217333333333334,1.1851078169395524,0.8737506,1.6021881,1.7232568,1.6627225
2010-03-04 09:00:00,0.3700333333333334,1.4347,1.3237606949884237,0.5244936,1.1995077,1.4840573,1.3417826
2010-03-04 10:00:00,0.3516,1.449733333333333,1.5671316219074658,0.487211,1.1599075,1.366084,1.2629957
2010-03-04 11:00:00,0.3640666666666667,1.4351333333333334,2.490040286724513,0.3572874,1.0952712,1.2717183,1.1834948
2010-03-04 12:00:00,0.3865999999999999,0.6067666666666667,2.750415865492408,0.47806394,1.0995178,1.16517,1.1323439
2010-03-04 13:00:00,0.3859333333333333,0.3625333333333333,2.601383058475188,0.5893109,1.0584086,1.0404255,1.049417
2010-03-04 14:00:00,0.3171666666666667,0.3437,2.20628212361364,0.5669775,1.038238,0.9101613,0.97419965
2010-03-04 15:00:00,0.3257333333333333,0.4118666666666666,2.150817143363437,0.34516072,0.9022178,0.7863912,0.8443045
2010-03-04 16:00:00,1.2828000000000002,0.3362666666666667,2.1084767315607893,0.42229572,1.0009619,0.7120757,0.8565188
2010-03-04 17:00:00,0.3858333333333333,0.3636333333333333,2.00510543232063,0.66137147,1.017545,0.74536645,0.8814557
2010-03-04 18:00:00,0.6367666666666667,0.3205666666666667,1.9413315260211306,0.7553431,1.097746,0.90708125,1.0024136
2010-03-04 19:00:00,0.4886333333333333,0.3219666666666667,1.9913895247194815,1.0859766,1.1989988,1.3112408,1.2551198
2010-03-04 20:00:00,0.4840333333333333,0.9958333333333332,1.9524147591404755,0.91468436,1.2906986,1.9839565,1.6373276
2010-03-04 21:00:00,0.4834333333333333,0.5968,2.266792517501849,0.88194215,1.2361468,2.1964087,1.7162778
2010-03-04 22:00:00,0.4992666666666666,0.3437666666666666,2.593948046471797,0.7487754,1.1628008,1.6337348,1.3982677
2010-03-04 23:00:00,0.5440666666666666,0.3361333333333333,2.8593690617688114,0.6459812,0.9325861,0.7774923,0.8550392
2010-03-05 00:00:00,0.5011333333333333,0.3371333333333333,2.792954384182653,0.4788396,0.5569361,0.40793687,0.48243648
2010-03-05 01:00:00,0.4855666666666666,0.3381666666666666,2.6429204477508508,0.53505766,0.52501255,0.41303605,0.4690243
2010-03-05 02:00:00,1.3871,0.3848,2.0611501728655894,0.56840724,0.6533443,0.38617867,0.51976144
2010-03-05 03:00:00,0.5762333333333333,0.3416333333333333,1.521010908137429,0.7050289,0.50365555,0.34227806,0.4229668
2010-03-05 04:00:00,0.5479333333333333,0.3218,1.2004235602927242,0.8188391,0.49744138,0.339306,0.4183737
2010-03-05 05:00:00,0.5155,0.3137,1.1800549282295913,0.5285542,0.46211824,0.39164197,0.42688012
2010-03-05 06:00:00,0.4806,1.28,1.174884654440514,0.86467195,0.93161136,0.6350939,0.7833526
2010-03-05 07:00:00,0.4679999999999999,0.4032666666666667,1.1695126304221621,1.0363153,1.3444731,1.164073,1.254273
2010-03-05 08:00:00,0.3695333333333333,0.3548666666666667,1.1830280838444596,0.82729053,1.432514,1.6787529,1.5556334
2010-03-05 09:00:00,0.3592666666666667,0.3700333333333334,1.321680961893331,0.57074505,1.2472165,1.8519523,1.5495844
2010-03-05 10:00:00,0.5250333333333334,0.3516,1.5650518888123726,0.5252873,1.1641065,1.8040521,1.4840794
2010-03-05 11:00:00,0.5063666666666667,0.3640666666666667,2.48796055362942,0.86793256,1.2271229,1.6778135,1.4524682
2010-03-05 12:00:00,1.4802,0.3865999999999999,2.748336132397315,0.7246306,0.9752461,1.4844806,1.2298634
2010-03-05 13:00:00,2.0109333333333335,0.3859333333333333,2.5993033253800952,1.1290053,0.89433306,1.2869515,1.0906423
2010-03-05 14:00:00,2.0591666666666666,0.3171666666666667,2.204202390518547,1.7625804,0.87114894,1.0818734,0.9765112
2010-03-05 15:00:00,0.6654666666666667,0.3257333333333333,2.148737410268344,1.69434,0.9689756,0.92688537,0.94793046
2010-03-05 16:00:00,0.4033666666666667,1.2828000000000002,2.106396998465696,0.84685826,0.9338516,0.8849194,0.9093855
2010-03-05 17:00:00,0.3437,0.3858333333333333,2.0030256992255366,0.7141134,0.872774,1.0294995,0.95113677
2010-03-05 18:00:00,0.3056666666666666,0.6367666666666667,1.9392517929260376,0.81929004,0.8841814,1.419995,1.1520882
2010-03-05 19:00:00,1.6201666666666668,0.4886333333333333,1.9893097916243885,0.805661,0.9858153,2.1141586,1.549987
2010-03-05 20:00:00,0.9943,0.4840333333333333,1.9503350260453822,2.4436166,1.2100922,2.3790684,1.7945802
2010-03-05 21:00:00,0.8813333333333333,0.4834333333333333,2.264712784406756,1.4446796,0.99320924,2.0340855,1.5136473
2010-03-05 22:00:00,0.9209666666666666,0.4992666666666666,2.5918683133767044,1.0242234,0.7500343,1.2781808,1.0141076
2010-03-05 23:00:00,0.4879,0.5440666666666666,2.8572893286737187,0.7070621,0.6998368,0.6945381,0.6971874
2010-03-06 00:00:00,0.4579,0.5011333333333333,2.79087465108756,0.50858086,0.80036587,0.49137384,0.64586985
2010-03-06 01:00:00,0.3701666666666667,0.4855666666666666,2.6408407146557575,0.53226197,0.6009679,0.5034498,0.55220884
2010-03-06 02:00:00,0.3031666666666667,1.3871,2.059070439770496,0.37348396,0.5494846,0.45967197,0.5045783
2010-03-06 03:00:00,0.3353,0.5762333333333333,1.518931175042336,0.3808069,0.5319689,0.3810354,0.45650214
2010-03-06 04:00:00,0.2996,0.5479333333333333,1.1983438271976312,0.44204742,0.6688088,0.3472547,0.5080317
2010-03-06 05:00:00,0.2946333333333333,0.5155,1.1779751951344983,0.4079259,0.52804404,0.36716408,0.44760406
2010-03-06 06:00:00,0.6253333333333333,0.4806,1.172804921345421,0.5349041,0.6987741,0.50207204,0.6004231
2010-03-06 07:00:00,0.8212666666666667,0.4679999999999999,1.167432897327069,0.85020125,1.0676807,0.8656868,0.96668375
2010-03-06 08:00:00,0.3238333333333333,0.3695333333333333,1.1809483507493663,0.7486125,1.0992483,1.394428,1.2468381
2010-03-06 09:00:00,0.6305,0.3592666666666667,1.3196012287982377,0.64771765,0.8962134,1.8045001,1.3503568
2010-03-06 10:00:00,1.2609666666666668,0.5250333333333334,1.5629721557172793,1.1302297,1.0618427,1.8989122,1.4803774
2010-03-06 11:00:00,1.1401,0.5063666666666667,2.4858808205343266,0.9539131,1.199876,1.8930495,1.5464628
2010-03-06 12:00:00,0.3387666666666666,1.4802,2.7462563993022218,0.8193594,1.3982519,1.8813913,1.6398215
2010-03-06 13:00:00,0.3100333333333333,2.0109333333333335,2.597223592285002,0.5227459,1.3233926,1.7298648,1.5266287
2010-03-06 14:00:00,0.3309333333333333,2.0591666666666666,2.2021226574234536,0.5730211,1.3709117,1.6848707,1.5278912
2010-03-06 15:00:00,0.3188333333333333,0.6654666666666667,2.146657677173251,0.4649236,1.2786046,1.6990342,1.4888194
2010-03-06 16:00:00,1.0034666666666667,0.4033666666666667,2.104317265370603,0.46841407,1.364572,1.7487274,1.5566497
2010-03-06 17:00:00,1.066733333333333,0.3437,2.0009459661304434,1.3994519,1.2416921,1.9172148,1.5794535
2010-03-06 18:00:00,0.4813,0.3056666666666666,1.9371720598309445,1.4146593,1.245004,2.2398086,1.7424064
2010-03-06 19:00:00,0.4736,1.6201666666666668,1.9872300585292955,1.0940269,1.7776352,2.8449647,2.3113
2010-03-06 20:00:00,0.4772999999999999,0.9943,1.9482552929502892,0.89687204,1.6756201,3.0825968,2.3791084
2010-03-06 21:00:00,0.5066666666666667,0.8813333333333333,2.2626330513116626,0.75323415,1.6040493,2.7767386,2.190394
2010-03-06 22:00:00,0.5698666666666666,0.9209666666666666,2.589788580281611,0.6797849,1.5394609,1.9926887,1.7660748
2010-03-06 23:00:00,0.5049333333333333,0.4879,2.8552095955786254,0.71074766,1.2285177,1.2924278,1.2604728
2010-03-07 00:00:00,0.4964666666666666,0.4579,2.788794917992467,0.51274335,0.9341514,1.0009439,0.96754766
2010-03-07 01:00:00,1.1485666666666667,0.3701666666666667,2.6387609815606647,0.51881254,0.9081464,0.8651406,0.8866435
2010-03-07 02:00:00,0.6100666666666666,0.3031666666666667,2.0569907066754034,0.41346362,0.8400413,0.7368504,0.78844583
2010-03-07 03:00:00,0.5323333333333333,0.3353,1.5168514419472428,0.8541137,0.660573,0.5986461,0.6296096
2010-03-07 04:00:00,0.5288999999999999,0.2996,1.1962640941025382,0.46613446,0.5870925,0.5246327,0.5558626
2010-03-07 05:00:00,0.4928,0.2946333333333333,1.1758954620394053,0.5752199,0.642182,0.49351257,0.56784725
2010-03-07 06:00:00,0.4938666666666667,0.6253333333333333,1.170725188250328,0.7801905,0.68934286,0.5127928,0.60106784
2010-03-07 07:00:00,0.4886,0.8212666666666667,1.1653531642319759,0.7457659,1.055928,0.6151338,0.8355309
2010-03-07 08:00:00,0.5188666666666667,0.3238333333333333,1.178868617654273,0.7065775,0.9585258,0.8456731,0.90209943
2010-03-07 09:00:00,0.5252666666666667,0.6305,1.3175214957031445,0.70824575,1.0275635,1.1048348,1.0661991
2010-03-07 10:00:00,0.4375666666666667,1.2609666666666668,1.5608924226221865,0.75862443,1.1897173,1.2566887,1.223203
2010-03-07 11:00:00,1.0612333333333333,1.1401,2.4838010874392333,0.6932661,1.3951802,1.3321674,1.3636738
2010-03-07 12:00:00,0.3059,0.3387666666666666,2.744176666207129,0.7426894,1.1790775,1.3369453,1.2580113
2010-03-07 13:00:00,0.2935333333333333,0.3100333333333333,2.5951438591899088,0.49334013,1.420661,1.3335764,1.3771187
2010-03-07 14:00:00,0.3666,0.3309333333333333,2.2000429243283603,0.46606076,1.4743245,1.3511338,1.4127291
2010-03-07 15:00:00,1.0190333333333337,0.3188333333333333,2.144577944078158,0.5270491,1.2267756,1.4466978,1.3367367
2010-03-07 16:00:00,0.7693333333333334,1.0034666666666667,2.10223753227551,1.6385541,1.264674,1.5704703,1.4175721
2010-03-07 17:00:00,2.4348666666666663,1.066733333333333,1.9988662330353506,1.3205947,1.2576659,1.6940732,1.4758695
2010-03-07 18:00:00,2.5753333333333335,0.4813,1.9350923267358513,2.1811576,1.3816557,1.8254073,1.6035315
2010-03-07 19:00:00,1.5285000000000002,0.4736,1.9851503254342022,2.4256046,1.7202668,1.9770191,1.848643
2010-03-07 20:00:00,2.1405000000000003,0.4772999999999999,1.9461755598551962,1.889753,1.6156011,2.0739892,1.8447951
2010-03-07 21:00:00,2.2098,0.5066666666666667,2.26055331821657,1.9870224,1.5709682,2.0554419,1.813205
2010-03-07 22:00:00,1.1494333333333333,0.5698666666666666,2.587708847186518,1.6996461,1.2336122,1.8388436,1.536228
2010-03-07 23:00:00,0.7471666666666666,0.5049333333333333,2.8531298624835326,0.75394624,1.0292176,1.465542,1.2473798
2010-03-08 00:00:00,0.7091999999999999,0.4964666666666666,2.786715184897374,0.56232756,0.52623683,1.0377002,0.7819685
2010-03-08 01:00:00,1.0575666666666668,1.1485666666666667,2.6366812484655715,0.6657464,0.5625631,0.6794704,0.62101674
2010-03-08 02:00:00,0.359,0.6100666666666666,2.05491097358031,0.44580728,0.44617695,0.6846764,0.5654267
2010-03-08 03:00:00,0.3660333333333333,0.5323333333333333,1.5147717088521497,0.40629223,0.59209037,0.72915363,0.660622
2010-03-08 04:00:00,0.3475,0.5288999999999999,1.194184361007445,0.43075812,0.54881114,0.8087988,0.678805
2010-03-08 05:00:00,0.4058333333333334,0.4928,1.173815728944312,0.43216568,0.40597546,0.9596685,0.682822
2010-03-08 06:00:00,1.0259666666666667,0.4938666666666667,1.1686454551552348,0.77229136,0.6782775,1.2270144,0.95264596
2010-03-08 07:00:00,2.9262333333333337,0.4886,1.1632734311368829,1.549291,1.0731108,1.6648397,1.3689753
2010-03-08 08:00:00,3.4103,0.5188666666666667,1.1767888845591803,1.9734577,1.004034,1.9014305,1.4527323
2010-03-08 09:00:00,3.518333333333333,0.5252666666666667,1.3154417626080517,2.1158497,0.9133656,1.6959072,1.3046365
2010-03-08 10:00:00,2.1521,0.4375666666666667,1.5588126895270933,2.0342178,0.93235844,1.4389188,1.1856387
2010-03-08 11:00:00,1.8522333333333336,1.0612333333333333,2.4817213543441405,1.8836232,1.0324314,1.1773357,1.1048836
2010-03-08 12:00:00,3.042466666666667,0.3059,2.7420969331120357,2.1833956,0.79992014,0.9256151,0.8627676
2010-03-08 13:00:00,2.3847,0.2935333333333333,2.593064126094816,2.1740468,0.727651,0.74181235,0.7347317
2010-03-08 14:00:00,2.026333333333333,0.3666,2.1979631912332676,2.1210473,0.8622534,0.67185247,0.76705295
2010-03-08 15:00:00,3.969,1.0190333333333337,2.1424982109830646,2.07046,0.97299796,0.70987165,0.84143484
2010-03-08 16:00:00,2.0823,0.7693333333333334,2.100157799180417,2.65912,1.0208361,0.8438302,0.9323332
2010-03-08 17:00:00,1.5710000000000002,2.4348666666666663,1.9967864999402576,2.0702496,1.1184533,1.0758104,1.0971318
2010-03-08 18:00:00,1.9182,2.5753333333333335,1.9330125936407583,1.6525551,1.28268,1.4452833,1.3639817
2010-03-08 19:00:00,1.7293333333333334,1.5285000000000002,1.9830705923391092,2.0169122,1.5231038,1.9387195,1.7309117
2010-03-08 20:00:00,2.4488666666666665,2.1405000000000003,1.944095826760103,2.5603573,1.5406841,2.361642,1.951163
2010-03-08 21:00:00,1.4269333333333334,2.2098,2.2584735851214766,2.9570715,1.5122842,2.2821355,1.8972099
2010-03-08 22:00:00,1.5056,1.1494333333333333,2.585629114091425,1.8752447,1.102355,1.6316912,1.3670231
2010-03-08 23:00:00,0.3832666666666666,0.7471666666666666,2.8510501293884394,0.8011882,0.97843945,0.8555432,0.91699135
2010-03-09 00:00:00,0.3764333333333333,0.7091999999999999,2.7846354518022807,0.48015648,0.6872659,0.50004244,0.59365416
2010-03-09 01:00:00,0.3598666666666666,1.0575666666666668,2.6346015153704783,0.46410853,0.56075865,0.43969506,0.50022686
2010-03-09 02:00:00,0.4173666666666667,0.359,2.052831240485217,0.43150094,0.4573512,0.41798133,0.43766627
2010-03-09 03:00:00,0.3937333333333333,0.3660333333333333,1.5126919757570567,0.41710728,0.40251106,0.3863418,0.39442644
2010-03-09 04:00:00,0.3563,0.3475,1.192104627912352,0.43984258,0.42307785,0.37869745,0.40088767
2010-03-09 05:00:00,0.3385999999999999,0.4058333333333334,1.171735995849219,0.5045357,0.41398403,0.56396526,0.48897463
2010-03-09 06:00:00,1.043,1.0259666666666667,1.1665657220601418,1.038194,0.81779677,1.2611716,1.0394841
2010-03-09 07:00:00,2.7051333333333334,2.9262333333333337,1.1611936980417896,1.7540139,1.70654,1.953338,1.829939
2010-03-09 08:00:00,2.2661333333333333,3.4103,1.174709151464087,1.8746064,1.9627236,1.7928598,1.8777916
2010-03-09 09:00:00,1.5600333333333334,3.518333333333333,1.3133620295129584,1.7869349,1.6917541,1.5564442,1.6240991
2010-03-09 10:00:00,1.5031333333333334,2.1521,1.556732956432,1.300342,1.5626239,1.4621713,1.5123975
2010-03-09 11:00:00,1.6102,1.8522333333333336,2.4796416212490473,1.4236207,1.4826394,1.3311323,1.4068859
2010-03-09 12:00:00,1.6400333333333337,3.042466666666667,2.7400172000169425,1.4539286,1.3774421,1.2041785,1.2908103
2010-03-09 13:00:00,2.1889666666666665,2.3847,2.5909843929997227,1.4151704,1.2661703,1.090881,1.1785257
2010-03-09 14:00:00,0.7654666666666666,2.026333333333333,2.1958834581381743,1.8595669,1.1970212,0.9350951,1.0660582
2010-03-09 15:00:00,0.4824666666666666,3.969,2.140418477887972,0.80644846,1.1800348,0.87331975,1.0266773
2010-03-09 16:00:00,0.8643666666666667,2.0823,2.098078066085324,0.5444225,1.0055629,0.9140444,0.95980364
2010-03-09 17:00:00,0.5411,1.5710000000000002,1.9947067668451643,0.98385435,1.058305,1.1155356,1.0869203
2010-03-09 18:00:00,0.9225,1.9182,1.9309328605456653,0.87130785,1.2245216,1.4608477,1.3426847
2010-03-09 19:00:00,1.8510333333333333,1.7293333333333334,1.9809908592440162,1.4789143,1.6910673,1.9422475,1.8166574
2010-03-09 20:00:00,2.746666666666667,2.4488666666666665,1.94201609366501,2.2367325,1.9805497,2.3857148,2.1831322
2010-03-09 21:00:00,2.379566666666667,1.4269333333333334,2.2563938520263833,2.454196,1.9225837,2.4157147,2.1691492
2010-03-09 22:00:00,1.5587666666666666,1.5056,2.583549380996332,1.3902156,1.4649582,1.8349743,1.6499662
2010-03-09 23:00:00,0.4643333333333333,0.3832666666666666,2.848970396293346,1.1450393,0.97829145,0.93811345,0.9582025
2010-03-10 00:00:00,1.1348666666666667,0.3764333333333333,2.782555718707188,0.45066234,0.68283373,0.49509233,0.58896303
2010-03-10 01:00:00,0.3458666666666666,0.3598666666666666,2.6325217822753855,0.19650231,0.6973412,0.4489593,0.5731503
2010-03-10 02:00:00,0.348,0.4173666666666667,2.050751507390124,0.374405,0.6213032,0.40309423,0.5121987
2010-03-10 03:00:00,0.3267666666666667,0.3937333333333333,1.5106122426619635,0.39860284,0.6005412,0.36091095,0.48072606
2010-03-10 04:00:00,0.3226,0.3563,1.190024894817259,0.43945476,0.59932214,0.34971333,0.47451773
2010-03-10 05:00:00,0.3877666666666667,0.3385999999999999,1.169656262754126,0.44987217,0.42962936,0.48067993,0.45515466
2010-03-10 06:00:00,0.9798333333333332,1.043,1.1644859889650487,0.8824707,0.87509537,0.9922437,0.93366957
2010-03-10 07:00:00,2.568033333333333,2.7051333333333334,1.1591139649466966,1.9771821,1.6438905,1.7982742,1.7210823
2010-03-10 08:00:00,2.0532,2.2661333333333333,1.1726294183689938,2.2164,1.7936308,1.8246236,1.8091272
2010-03-10 09:00:00,1.9632333333333336,1.5600333333333334,1.3112822964178652,1.5218234,1.5616989,1.5323427,1.5470208
2010-03-10 10:00:00,1.4259,1.5031333333333334,1.5546532233369073,1.4114293,1.383378,1.3712281,1.3773031
2010-03-10 11:00:00,1.4626,1.6102,2.4775618881539545,1.2885305,1.3424248,1.2788705,1.3106476
2010-03-10 12:00:00,1.7757333333333334,1.6400333333333337,2.7379374669218492,1.2463958,1.0910507,1.2166663,1.1538585
2010-03-10 13:00:00,1.5464666666666669,2.1889666666666665,2.5889046599046295,1.5726322,1.0794907,1.1579821,1.1187364
2010-03-10 14:00:00,1.7727,0.7654666666666666,2.193803725043081,1.418267,0.9662273,1.0581502,1.0121887
2010-03-10 15:00:00,1.788433333333333,0.4824666666666666,2.1383387447928786,1.5333242,1.0613637,0.956877,1.0091203
2010-03-10 16:00:00,1.7697333333333334,0.8643666666666667,2.0959983329902308,1.6204364,0.9799852,0.9372128,0.958599
2010-03-10 17:00:00,1.769,0.5411,1.9926270337500713,1.6338673,1.0471721,1.0146239,1.030898
2010-03-10 18:00:00,1.5340666666666667,0.9225,1.928853127450572,1.6917515,1.1909516,1.1993306,1.1951411
2010-03-10 19:00:00,1.086,1.8510333333333333,1.978911126148923,1.5398687,1.777639,1.617955,1.6977971
2010-03-10 20:00:00,1.0920333333333334,2.746666666666667,1.9399363605699167,1.7360153,2.053302,2.1833162,2.118309
2010-03-10 21:00:00,1.3783666666666667,2.379566666666667,2.2543141189312905,1.6311039,1.9969698,2.4012794,2.1991246
2010-03-10 22:00:00,0.9789333333333332,1.5587666666666666,2.5814696479012387,1.2842458,1.556593,1.9072005,1.7318966
2010-03-10 23:00:00,0.5670666666666667,0.4643333333333333,2.846890663198253,0.58841497,0.8439632,0.8697002,0.85683167
2010-03-11 00:00:00,0.7140000000000001,1.1348666666666667,2.7804759856120946,0.5486484,0.55088335,0.44633418,0.49860877
2010-03-11 01:00:00,0.8372666666666667,0.3458666666666666,2.6304420491802922,0.36238003,0.48728192,0.45639777,0.47183985
2010-03-11 02:00:00,0.3254666666666666,0.348,2.048671774295031,0.34504518,0.44176477,0.38425553,0.41301015
2010-03-11 03:00:00,0.3884999999999999,0.3267666666666667,1.5085325095668705,0.4393978,0.461777,0.27314383,0.36746043
2010-03-11 04:00:00,0.3204666666666667,0.3226,1.1879451617221657,0.4169416,0.4630792,0.20223594,0.33265758
2010-03-11 05:00:00,0.3272666666666666,0.3877666666666667,1.1675765296590328,0.4658575,0.61080664,0.33216095,0.4714838
2010-03-11 06:00:00,0.9236666666666667,0.9798333333333332,1.1624062558699555,1.0803136,1.3017274,0.9213176,1.1115224
2010-03-11 07:00:00,2.0521000000000003,2.568033333333333,1.1570342318516036,1.5303007,1.5714467,1.7319846,1.6517156
2010-03-11 08:00:00,1.903233333333333,2.0532,1.170549685273901,1.5935981,1.5075359,1.7564232,1.6319796
2010-03-11 09:00:00,1.4354,1.9632333333333336,1.3092025633227724,1.5346466,1.287802,1.5190667,1.4034343
2010-03-11 10:00:00,1.4897333333333334,1.4259,1.552573490241814,1.2767965,1.396573,1.4021227,1.3993478
2010-03-11 11:00:00,1.375033333333333,1.4626,2.4754821550588613,1.3246373,1.269894,1.3013488,1.2856214
2010-03-11 12:00:00,1.3797666666666666,1.7757333333333334,2.7358577338267565,1.2279791,1.0996186,1.2372775,1.168448
2010-03-11 13:00:00,1.4112,1.5464666666666669,2.5868249268095367,1.1910955,0.97825634,1.1478366,1.0630465
2010-03-11 14:00:00,1.4503,1.7727,2.1917239919479883,1.2538542,0.9566746,1.0431179,0.9998962
2010-03-11 15:00:00,0.3973333333333333,1.788433333333333,2.1362590116977853,1.2589953,0.92334855,0.91638774,0.9198681
2010-03-11 16:00:00,0.2986,1.7697333333333334,2.0939185998951375,0.6793372,1.1429199,0.823158,0.98303896
2010-03-11 17:00:00,0.3021,1.769,1.9905473006549783,0.43579322,0.90137005,0.8585347,0.8799524
2010-03-11 18:00:00,1.4762,1.5340666666666667,1.926773394355479,0.7636416,1.0856152,1.0937254,1.0896703
2010-03-11 19:00:00,2.4903666666666666,1.086,1.97683139305383,1.4662602,1.4822638,1.5850239,1.5336438
2010-03-11 20:00:00,3.4857333333333336,1.0920333333333334,1.9378566274748237,2.4136083,1.7843348,2.152202,1.9682684
2010-03-11 21:00:00,3.946366666666667,1.3783666666666667,2.2522343858361973,2.4237645,1.9449396,2.2278442,2.086392
2010-03-11 22:00:00,2.0787,0.9789333333333332,2.579389914806146,2.1703427,1.4821354,1.7265961,1.6043658
2010-03-11 23:00:00,1.7093666666666667,0.5670666666666667,2.84481093010316,0.80291295,0.9046973,0.92114156,0.9129194
2010-03-12 00:00:00,1.3978,0.7140000000000001,2.7783962525170014,1.3522477,0.5757427,0.43659163,0.5061672
2010-03-12 01:00:00,0.3559,0.8372666666666667,2.628362316085199,0.806722,0.49093294,0.42502803,0.45798048
2010-03-12 02:00:00,0.3019333333333333,0.3254666666666666,2.0465920411999377,0.34704375,0.51467043,0.3802694,0.44746992
2010-03-12 03:00:00,0.2982666666666667,0.3884999999999999,1.5064527764717772,0.390249,0.45528013,0.3181985,0.3867393
2010-03-12 04:00:00,0.3071666666666666,0.3204666666666667,1.1858654286270727,0.4287156,0.45544556,0.2994066,0.3774261
2010-03-12 05:00:00,0.3130333333333333,0.3272666666666666,1.1654967965639398,0.48233396,0.43305612,0.43655574,0.43480593
2010-03-12 06:00:00,0.3730666666666666,0.9236666666666667,1.1603265227748625,0.81947297,0.8666958,0.94747293,0.90708435
2010-03-12 07:00:00,2.016766666666667,2.0521000000000003,1.1549544987565104,0.9187666,1.5117198,1.7912482,1.651484
2010-03-12 08:00:00,2.374,1.903233333333333,1.1684699521788078,1.645822,1.4944284,2.0274336,1.760931
2010-03-12 09:00:00,1.9429,1.4354,1.3071228302276792,1.8122869,1.3272094,1.8421531,1.5846813
2010-03-12 10:00:00,1.3723999999999998,1.4897333333333334,1.5504937571467208,1.553161,1.3317927,1.6973563,1.5145745
2010-03-12 11:00:00,1.4427,1.375033333333333,2.473402421963768,1.3659141,1.2222704,1.5441238,1.3831971
2010-03-12 12:00:00,1.4186666666666667,1.3797666666666666,2.733778000731663,1.3548293,1.3755596,1.3707315,1.3731456
2010-03-12 13:00:00,1.4136333333333333,1.4112,2.5847451937144434,1.3313696,1.3337418,1.1728432,1.2532926
2010-03-12 14:00:00,1.5757333333333332,1.4503,2.189644258852895,1.3041471,1.328012,1.053915,1.1909635
2010-03-12 15:00:00,1.2898666666666665,0.3973333333333333,2.1341792786026925,1.4066596,1.2165985,1.0027709,1.1096847
2010-03-12 16:00:00,1.0065666666666666,0.2986,2.0918388668000443,0.9722698,1.0792563,0.9514996,1.015378
2010-03-12 17:00:00,0.6683333333333333,0.3021,1.988467567559885,1.0586679,1.1063298,1.041834,1.0740819
2010-03-12 18:00:00,1.1187333333333334,1.4762,1.924693661260386,1.1266947,1.3781375,1.5263242,1.4522308
2010-03-12 19:00:00,2.9231666666666665,2.4903666666666666,1.974751659958737,2.0874534,1.8185945,2.156149,1.9873717
2010-03-12 20:00:00,0.9018333333333334,3.4857333333333336,1.9357768943797307,2.525075,1.9348824,2.548612,2.2417474
2010-03-12 21:00:00,0.7996333333333333,3.946366666666667,2.250154652741104,1.3717663,2.007261,2.337055,2.172158
2010-03-12 22:00:00,0.7276333333333334,2.0787,2.5773101817110526,1.0087094,1.5655543,1.5996306,1.5825925
2010-03-12 23:00:00,1.084,1.7093666666666667,2.842731197008067,0.5538013,1.0106696,0.987151,0.9989103
2010-03-13 00:00:00,0.3447666666666666,1.3978,2.7763165194219086,0.54131705,0.6019942,0.7352037,0.66859895
2010-03-13 01:00:00,0.3101666666666666,0.3559,2.626282582990106,0.44246298,0.5689412,0.6315212,0.6002312
2010-03-13 02:00:00,0.3087333333333333,0.3019333333333333,2.044512308104845,0.4183526,0.5530541,0.6331203,0.5930872
2010-03-13 03:00:00,0.3694333333333333,0.2982666666666667,1.5043730433766842,0.4152359,0.5094757,0.6407491,0.5751124
2010-03-13 04:00:00,0.3033666666666666,0.3071666666666666,1.1837856955319794,0.43762204,0.50254905,0.6741001,0.58832455
2010-03-13 05:00:00,0.3121333333333333,0.3130333333333333,1.1634170634688468,0.4156294,0.4805144,0.7341044,0.6073094
2010-03-13 06:00:00,0.6093666666666666,0.3730666666666666,1.1582467896797695,0.59854627,0.81144416,0.869535,0.8404896
2010-03-13 07:00:00,2.1092333333333335,2.016766666666667,1.1528747656614173,1.2415937,1.437641,1.1521584,1.2948997
2010-03-13 08:00:00,1.6128,2.374,1.1663902190837145,1.7229842,1.3667185,1.4949615,1.43084
2010-03-13 09:00:00,1.8924,1.9429,1.305043097132586,1.5382386,1.3898138,1.5997224,1.4947681
2010-03-13 10:00:00,2.7700666666666667,1.3723999999999998,1.548414024051628,1.690624,1.6366707,1.5742979,1.6054842
2010-03-13 11:00:00,2.0014,1.4427,2.471322688868675,2.098473,1.6216608,1.5542054,1.5879331
2010-03-13 12:00:00,2.324233333333334,1.4186666666666667,2.7316982676365704,1.976449,1.4498523,1.5343302,1.4920913
2010-03-13 13:00:00,1.719,1.4136333333333333,2.58266546061935,1.9085065,1.4616045,1.5943229,1.5279636
2010-03-13 14:00:00,3.0405666666666664,1.5757333333333332,2.187564525757802,2.1660805,1.4863931,1.6156578,1.5510254
2010-03-13 15:00:00,2.125566666666667,1.2898666666666665,2.1320995455075993,2.1125247,1.5651299,1.6258997,1.5955148
2010-03-13 16:00:00,0.9097666666666666,1.0065666666666666,2.0897591337049515,1.8124796,1.6068472,1.6716924,1.6392698
2010-03-13 17:00:00,2.875266666666666,0.6683333333333333,1.986387834464792,0.8771096,1.6136081,1.7832508,1.6984295
2010-03-13 18:00:00,3.8424,1.1187333333333334,1.9226139281652928,2.4733715,1.7103127,2.0822608,1.8962867
2010-03-13 19:00:00,3.420666666666667,2.9231666666666665,1.9726719268636437,3.7779207,2.2371938,2.5182323,2.3777132
2010-03-13 20:00:00,2.0950333333333333,0.9018333333333334,1.9336971612846374,3.5444005,1.994109,2.6112053,2.3026571
2010-03-13 21:00:00,1.4258,0.7996333333333333,2.2480749196460112,1.9878156,2.041344,2.2353263,2.1383352
2010-03-13 22:00:00,1.454,0.7276333333333334,2.5752304486159594,1.2416239,1.7924025,1.6173873,1.7048949
2010-03-13 23:00:00,1.5406666666666666,1.084,2.840651463912974,0.9447385,1.4580829,1.1763397,1.3172114
2010-03-14 00:00:00,1.516133333333333,0.3447666666666666,2.7742367863268154,1.0620794,0.91642255,0.9709287,0.94367564
2010-03-14 01:00:00,0.9950666666666668,0.3101666666666666,2.624202849895013,1.1071037,0.8829493,0.87480617,0.87887776
2010-03-14 02:00:00,0.3297666666666667,0.3087333333333333,2.0424325750097516,0.36039647,0.80845,0.80434334,0.80639666
2010-03-14 03:00:00,0.3325333333333333,0.3694333333333333,1.5022933102815912,0.40370455,0.76787627,0.69576514,0.7318207
2010-03-14 04:00:00,0.3968666666666667,0.3033666666666666,1.1817059624368864,0.38531628,0.7175529,0.5887757,0.65316427
2010-03-14 05:00:00,0.3099333333333333,0.3121333333333333,1.1613373303737535,0.46039358,0.6984886,0.5079142,0.6032014
2010-03-14 06:00:00,0.3056333333333333,0.6093666666666666,1.1561670565846762,0.52111906,0.7448316,0.5438252,0.6443284
2010-03-14 07:00:00,0.3386666666666666,2.1092333333333335,1.1507950325663243,0.6018482,1.0861069,0.8198409,0.9529739
2010-03-14 08:00:00,0.3276333333333333,1.6128,1.1643104859886217,0.80148906,1.1534178,1.2327445,1.1930811
2010-03-14 09:00:00,0.8662,1.8924,1.3029633640374931,0.68928397,1.3612916,1.4667728,1.4140322
2010-03-14 10:00:00,1.1476333333333335,2.7700666666666667,1.5463342909565347,1.059395,1.4855555,1.5220821,1.5038188
2010-03-14 11:00:00,1.0257333333333334,2.0014,2.4692429557735815,0.91696954,1.6860224,1.5590216,1.622522
2010-03-14 12:00:00,1.7820333333333334,2.324233333333334,2.729618534541477,1.6142749,1.5894879,1.5671237,1.5783057
2010-03-14 13:00:00,1.7599333333333331,1.719,2.5805857275242574,1.5906109,1.5167924,1.5618579,1.5393252
2010-03-14 14:00:00,1.0251666666666666,3.0405666666666664,2.185484792662709,1.8984579,1.4611084,1.5975316,1.52932
2010-03-14 15:00:00,1.040333333333333,2.125566666666667,2.130019812412506,0.9863276,1.5915145,1.710783,1.6511488
2010-03-14 16:00:00,0.7776666666666666,0.9097666666666666,2.0876794006098582,0.9067159,1.4079614,1.8412117,1.6245866
2010-03-14 17:00:00,1.5238,2.875266666666666,1.984308101369699,1.4855692,1.6707101,2.062952,1.8668311
2010-03-14 18:00:00,1.1731333333333334,3.8424,1.9205341950701997,1.8804648,2.1948063,2.5321112,2.3634586
2010-03-14 19:00:00,1.6451333333333331,3.420666666666667,1.9705921937685507,1.877698,2.3629096,2.9838033,2.6733565
2010-03-14 20:00:00,1.5069666666666668,2.0950333333333333,1.9316174281895444,2.4791176,2.38512,2.987284,2.686202
2010-03-14 21:00:00,2.9930666666666665,1.4258,2.245995186550918,2.0303807,2.2477002,2.5524316,2.400066
2010-03-14 22:00:00,1.7999,1.454,2.5731507155208666,1.4445878,1.3342164,1.7079995,1.5211079
2010-03-14 23:00:00,1.1929666666666667,1.5406666666666666,2.838571730817881,1.066822,0.8562885,1.1450384,1.0006634
2010-03-15 00:00:00,0.4296666666666667,1.516133333333333,2.772157053231722,0.63396114,0.4993304,0.9339119,0.71662116
2010-03-15 01:00:00,0.3202,0.9950666666666668,2.6221231167999197,0.4937094,0.5932,0.50647426,0.5498371
2010-03-15 02:00:00,0.5629666666666666,0.3297666666666667,2.0403528419146584,0.4415996,0.43637,0.52785397,0.482112
2010-03-15 03:00:00,0.6747333333333334,0.3325333333333333,1.500213577186498,0.5348894,0.38935253,0.4817838,0.43556815
2010-03-15 04:00:00,0.3063333333333333,0.3968666666666667,1.1796262293417934,0.46193066,0.44236884,0.36394495,0.40315688
2010-03-15 05:00:00,0.3878333333333333,0.3099333333333333,1.1592575972786605,0.4651272,0.4062579,0.30171496,0.35398644
2010-03-15 06:00:00,0.6480333333333334,0.3056333333333333,1.1540873234895832,0.9438594,0.9046663,0.6932471,0.7989567
2010-03-15 07:00:00,1.9643333333333333,0.3386666666666666,1.148715299471231,1.8330805,1.8114041,1.7025287,1.7569664
2010-03-15 08:00:00,1.4282666666666666,0.3276333333333333,1.1622307528935285,1.6501743,1.7877201,1.872446,1.830083
2010-03-15 09:00:00,1.4862666666666666,0.8662,1.3008836309424,1.3931158,1.637873,1.5494318,1.5936525
2010-03-15 10:00:00,1.5205666666666666,1.1476333333333335,1.5442545578614415,1.4344206,1.3676164,1.3579018,1.3627591
2010-03-15 11:00:00,1.5355666666666667,1.0257333333333334,2.4671632226784888,1.4340177,1.1938586,1.2383043,1.2160814
2010-03-15 12:00:00,1.6847,1.7820333333333334,2.727538801446384,1.5470109,1.421731,1.1309332,1.2763321
2010-03-15 13:00:00,1.4186666666666667,1.7599333333333331,2.578505994429164,1.5673504,1.1811074,0.98836833,1.0847379
2010-03-15 14:00:00,1.4522000000000002,1.0251666666666666,2.1834050595676158,1.2415994,1.0506411,0.8381703,0.9444057
2010-03-15 15:00:00,1.5034999999999998,1.040333333333333,2.1279400793174132,1.3548951,1.4549053,0.7524069,1.103656
2010-03-15 16:00:00,1.0247333333333333,0.7776666666666666,2.0855996675147654,1.3435388,1.0911946,0.7006047,0.89589965
2010-03-15 17:00:00,0.4724,1.5238,1.9822283682746058,0.75510997,1.1549569,0.7947527,0.9748548
2010-03-15 18:00:00,0.4889333333333333,1.1731333333333334,1.9184544619751065,1.0795456,1.3439525,1.2191852,1.2815689
2010-03-15 19:00:00,2.929233333333334,1.6451333333333331,1.9685124606734576,1.3072573,1.9813871,1.8180234,1.8997053
2010-03-15 20:00:00,2.7648,1.5069666666666668,1.9295376950944514,2.7846527,2.1275597,2.3660288,2.2467942
2010-03-15 21:00:00,2.5572666666666666,2.9930666666666665,2.2439154534558248,2.2446117,2.1072857,2.1202385,2.1137621
2010-03-15 22:00:00,1.7437,1.7999,2.5710709824257734,1.1560696,1.663801,1.2150656,1.4394333
2010-03-15 23:00:00,0.5592666666666666,1.1929666666666667,2.8364919977227876,0.7218566,0.9494564,0.5402743,0.74486536
2010-03-16 00:00:00,0.3128333333333333,0.4296666666666667,2.7700773201366293,0.5331481,0.63639784,0.38929302,0.5128454
2010-03-16 01:00:00,0.4021333333333333,0.3202,2.620043383704827,0.40480426,0.5166095,0.35581517,0.43621233
2010-03-16 02:00:00,0.3346,0.5629666666666666,2.0382731088195656,0.409329,0.4957052,0.31241542,0.4040603
2010-03-16 03:00:00,0.2996333333333333,0.6747333333333334,1.498133844091405,0.35936263,0.5078061,0.2773394,0.39257276
2010-03-16 04:00:00,0.9006333333333333,0.3063333333333333,1.1775464962467002,0.42721602,0.4527869,0.26566732,0.35922712
2010-03-16 05:00:00,0.3387666666666666,0.3878333333333333,1.1571778641835675,0.33497062,0.48539647,0.37742722,0.43141186
2010-03-16 06:00:00,1.5128,0.6480333333333334,1.1520075903944902,1.0520657,0.97960067,1.0460814,1.012841
2010-03-16 07:00:00,1.6480666666666666,1.9643333333333333,1.146635566376138,2.4502547,1.8290372,1.8356183,1.8323277
2010-03-16 08:00:00,2.039266666666667,1.4282666666666666,1.1601510197984353,1.6386191,1.8500764,1.7323966,1.7912365
2010-03-16 09:00:00,1.6070666666666669,1.4862666666666666,1.2988038978473067,1.6545781,1.4607339,1.5606835,1.5107087
2010-03-16 10:00:00,1.4285333333333334,1.5205666666666666,1.5421748247663483,1.5506248,1.5040706,1.5480201,1.5260453
2010-03-16 11:00:00,1.486,1.5355666666666667,2.465083489583396,1.3612192,1.3788499,1.5793532,1.4791015
2010-03-16 12:00:00,1.3935,1.6847,2.7254590683512907,1.3551024,1.3239504,1.6261604,1.4750555
2010-03-16 13:00:00,0.6030666666666666,1.4186666666666667,2.576426261334071,1.3931627,1.5335636,1.6477125,1.590638
2010-03-16 14:00:00,0.5227333333333334,1.4522000000000002,2.1813253264725225,0.8212265,1.078156,1.6008253,1.3394907
2010-03-16 15:00:00,0.6385666666666666,1.5034999999999998,2.12586034622232,0.54829514,0.9836155,1.4465524,1.215084
2010-03-16 16:00:00,0.7162333333333334,1.0247333333333333,2.083519934419672,0.7644175,0.9388759,1.1903994,1.0646377
2010-03-16 17:00:00,0.7192333333333334,0.4724,1.9801486351795128,0.8271007,0.99974847,0.9569249,0.9783367
2010-03-16 18:00:00,1.5573666666666668,0.4889333333333333,1.9163747288800135,0.99582505,1.248437,0.94116783,1.0948024
2010-03-16 19:00:00,1.713666666666667,2.929233333333334,1.9664327275783644,1.782039,1.8002548,1.3138494,1.5570521
2010-03-16 20:00:00,1.4661333333333333,2.7648,1.9274579619993581,2.103834,2.2484694,2.0235753,2.1360223
2010-03-16 21:00:00,1.6969,2.5572666666666666,2.241835720360732,2.1876457,2.5471585,2.2163935,2.3817759
2010-03-16 22:00:00,1.9267666666666663,1.7437,2.56899124933068,1.577507,1.7931552,1.5657476,1.6794515
2010-03-16 23:00:00,0.4463333333333333,0.5592666666666666,2.8344122646276944,0.6535825,0.88443273,0.7015958,0.7930143
2010-03-17 00:00:00,0.3472333333333333,0.3128333333333333,2.767997587041536,0.5397906,0.49853468,0.44090933,0.469722
2010-03-17 01:00:00,0.3188333333333333,0.4021333333333333,2.6179636506097337,0.43873447,0.54747844,0.37596935,0.4617239
2010-03-17 02:00:00,0.4117,0.3346,2.0361933757244723,0.43672046,0.5481808,0.34381837,0.4459996
2010-03-17 03:00:00,0.3802666666666666,0.2996333333333333,1.496054110996312,0.43885964,0.5369957,0.3414628,0.43922925
2010-03-17 04:00:00,0.3318333333333333,0.9006333333333333,1.1754667631516071,0.42317224,0.5449189,0.38465655,0.46478772
2010-03-17 05:00:00,0.3190666666666667,0.3387666666666666,1.1550981310884743,0.47265482,0.51713014,0.56598336,0.5415567
2010-03-17 06:00:00,1.0988,1.5128,1.149927857299397,1.0521672,1.0996436,1.2458823,1.1727629
2010-03-17 07:00:00,2.0530333333333335,1.6480666666666666,1.144555833281045,2.0178895,2.1660292,1.9509237,2.0584764
2010-03-17 08:00:00,2.0062333333333333,2.039266666666667,1.1580712867033425,2.0508983,1.9709842,1.7980644,1.8845243
2010-03-17 09:00:00,1.9442333333333333,1.6070666666666669,1.2967241647522139,1.7063075,1.6975913,1.5463688,1.6219801
2010-03-17 10:00:00,1.4418666666666666,1.4285333333333334,1.5400950916712555,1.469889,1.529594,1.4150885,1.4723413
2010-03-17 11:00:00,1.7805333333333333,1.486,2.4630037564883027,1.2772784,1.4829261,1.323827,1.4033766
2010-03-17 12:00:00,2.943233333333333,1.3935,2.723379335256198,1.8355438,1.4066851,1.2748568,1.340771
2010-03-17 13:00:00,2.515133333333333,0.6030666666666666,2.574346528238978,2.0544922,1.3986801,1.2465503,1.3226151
2010-03-17 14:00:00,1.7026666666666666,0.5227333333333334,2.1792455933774297,2.0027604,1.3801125,1.1754627,1.2777877
2010-03-17 15:00:00,1.6951,0.6385666666666666,2.1237806131272268,1.7368063,1.2306412,1.0565237,1.1435825
2010-03-17 16:00:00,1.4500666666666668,0.7162333333333334,2.081440201324579,1.6702552,1.2282923,0.9176692,1.0729808
2010-03-17 17:00:00,1.270333333333333,0.7192333333333334,1.9780689020844195,1.2710727,1.2360543,0.8323197,1.034187
2010-03-17 18:00:00,2.4340333333333333,1.5573666666666668,1.9142949957849205,1.8517134,1.3535253,0.8585442,1.1060348
2010-03-17 19:00:00,1.7009666666666663,1.713666666666667,1.9643529944832714,2.2655964,1.8571634,1.1992308,1.528197
2010-03-17 20:00:00,1.3442,1.4661333333333333,1.9253782289042651,2.1336823,1.9925373,1.805973,1.8992552
2010-03-17 21:00:00,2.2485,1.6969,2.2397559872656387,1.8070244,2.2381704,2.070632,2.1544013
2010-03-17 22:00:00,1.3505333333333334,1.9267666666666663,2.5669115162355873,1.1986853,1.6773877,1.6495621,1.6634749
2010-03-17 23:00:00,0.3971,0.4463333333333333,2.8323325315326016,0.6240917,1.0329273,1.0034156,1.0181714
2010-03-18 00:00:00,0.3686,0.3472333333333333,2.765917853946443,0.46059397,0.5978354,0.6546968,0.6262661
2010-03-18 01:00:00,0.3888666666666667,0.3188333333333333,2.6158839175146404,0.35046205,0.5317795,0.5250932,0.52843636
2010-03-18 02:00:00,0.3170666666666666,0.4117,2.034113642629379,0.3855301,0.5273408,0.48458606,0.50596344
2010-03-18 03:00:00,0.3347333333333333,0.3802666666666666,1.4939743779012187,0.41133317,0.50585896,0.45819533,0.48202714
2010-03-18 04:00:00,0.3001666666666666,0.3318333333333333,1.1733870300565141,0.45502532,0.52966124,0.46396303,0.49681213
2010-03-18 05:00:00,0.6350333333333332,0.3190666666666667,1.1530183979933812,0.44245186,0.5201092,0.60954666,0.5648279
2010-03-18 06:00:00,1.9907,1.0988,1.147848124204304,0.9984056,1.0928673,1.1944196,1.1436434
2010-03-18 07:00:00,1.7793,2.0530333333333335,1.1424761001859518,1.9697435,2.027656,1.8080357,1.917846
2010-03-18 08:00:00,1.7546,2.0062333333333333,1.1559915536082492,1.5375911,1.972904,1.724705,1.8488045
2010-03-18 09:00:00,1.3706333333333334,1.9442333333333333,1.2946444316571206,1.4980625,1.6242346,1.4755486,1.5498916
2010-03-18 10:00:00,1.5128333333333333,1.4418666666666666,1.5380153585761622,1.3220991,1.5274117,1.3028741,1.4151429
2010-03-18 11:00:00,0.5765,1.7805333333333333,2.4609240233932095,1.3433855,1.267265,1.1763604,1.2218127
2010-03-18 12:00:00,0.4422666666666667,2.943233333333333,2.7212996021611047,0.7843967,1.1152127,1.0601844,1.0876985
2010-03-18 13:00:00,0.4102333333333333,2.515133333333333,2.572266795143885,0.4663022,0.940141,0.9699491,0.9550451
2010-03-18 14:00:00,0.4148666666666666,1.7026666666666666,2.1771658602823365,0.5048701,0.93816584,0.8504994,0.89433265
2010-03-18 15:00:00,0.8074666666666667,1.6951,2.121700880032134,0.47503263,0.718182,0.7433569,0.73076946
2010-03-18 16:00:00,0.8887333333333333,1.4500666666666668,2.0793604682294857,0.96358603,0.73349607,0.62057805,0.67703706
2010-03-18 17:00:00,1.2522666666666666,1.270333333333333,1.9759891689893265,1.0696472,0.5987729,0.57972914,0.58925104
2010-03-18 18:00:00,1.6198666666666666,2.4340333333333333,1.9122152626898272,1.5379788,1.1462682,0.757265,0.9517666
2010-03-18 19:00:00,2.497466666666667,1.7009666666666663,1.9622732613881784,2.0260184,1.9162047,1.3190503,1.6176275
2010-03-18 20:00:00,3.016966666666667,1.3442,1.9232984958091721,2.516172,2.1126666,1.944015,2.0283408
2010-03-18 21:00:00,1.9589,2.2485,2.2376762541705455,2.374336,2.2795084,2.069767,2.1746378
2010-03-18 22:00:00,0.8262,1.3505333333333334,2.564831783140494,1.3399808,1.6790318,1.5000517,1.5895418
2010-03-18 23:00:00,0.5804333333333334,0.3971,2.8302527984375083,0.73881215,1.1023421,0.89289415,0.99761814
2010-03-19 00:00:00,0.4798666666666667,0.3686,2.76383812085135,0.52894527,0.46250337,0.62193346,0.54221845
2010-03-19 01:00:00,0.5263333333333333,0.3888666666666667,2.6138041844195476,0.5058916,0.45410946,0.53482604,0.49446774
2010-03-19 02:00:00,0.5513666666666667,0.3170666666666666,2.0320339095342863,0.5161522,0.42782378,0.49307692,0.46045035
2010-03-19 03:00:00,0.7347333333333333,0.3347333333333333,1.4918946448061257,0.54748523,0.4039167,0.42594427,0.41493046
2010-03-19 04:00:00,0.903,0.3001666666666666,1.1713072969614209,0.5471211,0.42206788,0.3693002,0.39568403
2010-03-19 05:00:00,0.5111333333333333,0.6350333333333332,1.1509386648982882,0.41496733,0.41864446,0.4163459,0.4174952
2010-03-19 06:00:00,0.7307666666666667,1.9907,1.145768391109211,1.0848917,0.7916868,0.8304182,0.8110525
2010-03-19 07:00:00,1.4206,1.7793,1.1403963670908588,1.8893422,1.9547844,1.4997591,1.7272718
2010-03-19 08:00:00,1.8107333333333335,1.7546,1.153911820513156,1.5618081,1.887749,1.6436343,1.7656916
2010-03-19 09:00:00,1.4098,1.3706333333333334,1.2925646985620274,1.5916438,1.5742228,1.5236918,1.5489573
2010-03-19 10:00:00,1.4702,1.5128333333333333,1.535935625481069,1.3469529,1.5479716,1.413272,1.4806218
2010-03-19 11:00:00,1.3697666666666668,0.5765,2.4588442902981162,1.380077,1.3138893,1.2819273,1.2979083
2010-03-19 12:00:00,1.4409666666666667,0.4422666666666667,2.719219869066012,1.2632027,1.2364483,1.1233873,1.1799178
2010-03-19 13:00:00,1.4527333333333334,0.4102333333333333,2.5701870620487917,1.3301611,1.1909964,0.9345617,1.0627791
2010-03-19 14:00:00,1.5994666666666668,0.4148666666666666,2.1750861271872433,1.2837574,1.201013,0.73369884,0.9673559
2010-03-19 15:00:00,1.4221,0.8074666666666667,2.1196211469370407,1.3804437,1.1713679,0.62576866,0.8985683
2010-03-19 16:00:00,0.4469,0.8887333333333333,2.077280735134393,1.1807841,1.0059212,0.52782655,0.7668739
2010-03-19 17:00:00,0.5118,1.2522666666666666,1.9739094358942335,0.6911051,0.88530546,0.55843997,0.7218727
2010-03-19 18:00:00,0.7758,1.6198666666666666,1.9101355295947342,0.9709996,1.1741416,0.7252914,0.9497165
2010-03-19 19:00:00,2.7238666666666664,2.497466666666667,1.9601935282930851,2.0865576,2.0693514,1.2985864,1.6839689
2010-03-19 20:00:00,1.8819666666666663,3.016966666666667,1.9212187627140789,2.2837265,1.9389048,1.9758548,1.9573798
2010-03-19 21:00:00,1.4046666666666667,1.9589,2.2355965210754527,1.8457975,1.9272102,2.0951324,2.0111713
2010-03-19 22:00:00,1.4761333333333333,0.8262,2.562752050045401,1.2368373,1.4608177,1.5379907,1.4994042
2010-03-19 23:00:00,0.6683666666666668,0.5804333333333334,2.8281730653424155,0.9296982,1.0325855,0.96575016,0.9991678
2010-03-20 00:00:00,1.1322666666666668,0.4798666666666667,2.761758387756257,0.5179603,0.618864,0.70686567,0.6628648
2010-03-20 01:00:00,0.3903999999999999,0.5263333333333333,2.6117244513244544,0.40123266,0.5585069,0.60002726,0.5792671
2010-03-20 02:00:00,0.35,0.5513666666666667,2.029954176439193,0.4698265,0.56248116,0.5511416,0.5568114
2010-03-20 03:00:00,0.3725384615384615,0.7347333333333333,1.4898149117110326,0.43084928,0.5661251,0.464984,0.51555455
2010-03-21 13:00:00,0.996,0.903,1.1692275638663279,0.62790287,1.4767413,0.4040931,0.9404172
2010-03-21 14:00:00,1.740033333333333,0.5111333333333333,1.148858931803195,1.2786438,1.4562472,0.54250264,0.9993749
2010-03-21 15:00:00,1.8443333333333336,0.7307666666666667,1.1436886580141177,1.9610212,1.4964886,0.75417185,1.1253302
2010-03-21 16:00:00,1.3615333333333333,1.4206,1.1383166339957658,2.015959,1.7644706,0.9868222,1.3756464
2010-03-21 17:00:00,0.4169333333333333,1.8107333333333335,1.1518320874180632,1.0899903,1.6294298,1.2034931,1.4164615
2010-03-21 18:00:00,0.5179666666666667,1.4098,1.2904849654669346,0.99170995,1.9956843,1.3676385,1.6816614
2010-03-21 19:00:00,2.5237666666666665,1.4702,1.5338558923859762,1.3477716,2.2528505,1.435142,1.8439963
2010-03-21 20:00:00,2.4922,1.3697666666666668,2.456764557203023,2.8066676,2.07098,1.4137638,1.7423719
2010-03-21 21:00:00,2.499,1.4409666666666667,2.7171401359709186,3.055144,2.0418282,1.313845,1.6778367
2010-03-21 22:00:00,0.693,1.4527333333333334,2.568107328953699,1.1405377,1.5130321,1.1778454,1.3454387
2010-03-21 23:00:00,0.8506666666666667,1.5994666666666668,2.1730063940921505,0.872037,1.1952325,1.0551357,1.125184
2010-03-22 00:00:00,0.5723333333333334,1.4221,2.1175414138419475,0.7205382,0.81311566,0.9652581,0.88918686
2010-03-22 01:00:00,0.3132333333333333,0.4469,2.0752010020392997,0.53750527,0.5144677,0.46103352,0.48775062
2010-03-22 02:00:00,0.9101333333333332,0.5118,1.9718297027991403,0.42332882,0.7693014,0.37485993,0.5720807
2010-03-22 03:00:00,0.3066,0.7758,1.9080557964996412,0.2771111,1.1086895,0.3039571,0.7063233
2010-03-22 04:00:00,0.3762333333333333,2.7238666666666664,1.9581137951979921,0.2821928,1.6679404,0.31094867,0.9894445
2010-03-22 05:00:00,0.3719666666666666,1.8819666666666663,1.9191390296189859,0.46356034,1.5430739,0.63262177,1.0878478
2010-03-22 06:00:00,1.4194666666666664,1.4046666666666667,2.2335167879803595,1.081676,1.0581142,1.2570612,1.1575878
2010-03-22 07:00:00,1.8172,1.4761333333333333,2.560672316950308,1.7129498,1.5027511,1.6437044,1.5732278
2010-03-22 08:00:00,1.4144666666666663,0.6683666666666668,2.8260933322473223,1.4764316,1.446146,1.5623462,1.5042461
2010-03-22 09:00:00,1.3724333333333334,1.1322666666666668,2.7596786546611636,1.3591762,1.3016618,1.3882674,1.3449646
2010-03-22 10:00:00,1.4026666666666665,0.3903999999999999,2.609644718229361,1.2715656,1.172776,1.2411838,1.2069799
2010-03-22 11:00:00,1.3682666666666667,0.35,2.0278744433441,1.2861637,0.93569446,1.1314592,1.0335768
2010-03-22 12:00:00,1.6665,0.3725384615384615,1.4877351786159394,1.2171596,0.9015032,1.0556939,0.97859854
2010-03-22 13:00:00,1.5623,0.996,1.1671478307712349,1.5289459,0.9221244,0.962543,0.9423337
2010-03-22 14:00:00,1.4723333333333335,1.740033333333333,1.146779198708102,1.4549181,0.91690356,0.8222157,0.86955965
2010-03-22 15:00:00,1.3941666666666668,1.8443333333333336,1.1416089249190247,1.2101052,0.8542851,0.6782894,0.76628727
2010-03-22 16:00:00,1.2397333333333334,1.3615333333333333,1.1362369009006725,1.2534494,0.7444042,0.5653114,0.65485775
2010-03-22 17:00:00,0.3116,0.4169333333333333,1.14975235432297,0.8416035,0.7690062,0.52890503,0.6489556
2010-03-22 18:00:00,0.7655666666666666,0.5179666666666667,1.2884052323718413,0.6485921,1.0406078,0.59719276,0.8189003
2010-03-22 19:00:00,1.4284,2.5237666666666665,1.531776159290883,1.3410459,1.5594572,1.0576464,1.3085518
2010-03-22 20:00:00,2.133666666666667,2.4922,2.45468482410793,1.8715223,1.8906001,1.7171304,1.8038652
2010-03-22 21:00:00,1.9000666666666668,2.499,2.7150604028758254,2.1689355,1.916876,1.9277048,1.9222903
2010-03-22 22:00:00,1.1565,0.693,2.5660275958586056,1.414734,1.417631,1.4038717,1.4107513
2010-03-22 23:00:00,0.3006666666666666,0.8506666666666667,2.1709266609970572,0.43928587,1.0168021,0.6986761,0.8577391
2010-03-23 00:00:00,0.336,0.5723333333333334,2.1154616807468547,0.3423817,0.7246179,0.44665563,0.58563673
2010-03-23 01:00:00,1.0460666666666667,0.3132333333333333,2.073121268944207,0.41762027,0.52462894,0.4188764,0.47175267
2010-03-23 02:00:00,0.3766,0.9101333333333332,1.9697499697040473,0.29649335,0.64239216,0.40086985,0.521631
2010-03-23 03:00:00,0.3726333333333333,0.3066,1.905976063404548,0.40331605,0.46751007,0.33808154,0.4027958
2010-03-23 04:00:00,0.3324,0.3762333333333333,1.956034062102899,0.36306265,0.87701046,0.27705026,0.57703036
2010-03-23 05:00:00,0.2896333333333333,0.3719666666666666,1.9170592965238928,0.505567,0.77186096,0.35098696,0.56142396
2010-03-23 06:00:00,0.4881666666666666,1.4194666666666664,2.2314370548852662,0.9328458,1.2878499,0.98750126,1.1376755
2010-03-23 07:00:00,1.2795333333333334,1.8172,2.558592583855215,1.478322,1.8345643,1.7438735,1.7892189
2010-03-23 08:00:00,2.2160333333333333,1.4144666666666663,2.824013599152229,1.1765176,1.4235348,1.6960195,1.5597771
2010-03-23 09:00:00,1.9458666666666664,1.3724333333333334,2.7575989215660703,1.7196237,1.3350645,1.5012264,1.4181454
2010-03-23 10:00:00,1.6406666666666667,1.4026666666666665,2.6075649851342684,1.6661667,1.1627582,1.3937974,1.2782779
2010-03-23 11:00:00,1.4788,1.3682666666666667,2.025794710249007,1.5142987,1.0594182,1.3605778,1.209998
2010-03-23 12:00:00,1.4708333333333334,1.6665,1.4856554455208464,1.3129094,1.1003224,1.3749334,1.2376279
2010-03-23 13:00:00,1.3836666666666666,1.5623,1.1650680976761416,1.3198054,1.0149175,1.334051,1.1744843
2010-03-23 14:00:00,1.6086666666666667,1.4723333333333335,1.144699465613009,1.1803851,0.9153631,1.2261152,1.0707392
2010-03-23 15:00:00,2.227,1.3941666666666668,1.1395291918239316,1.443156,0.95386094,1.052764,1.0033125
2010-03-23 16:00:00,1.0178333333333334,1.2397333333333334,1.1341571678055795,1.7419553,1.1928585,0.8247312,1.0087948
2010-03-23 17:00:00,0.5794333333333334,0.3116,1.1476726212278767,0.79497,1.1375222,0.70825887,0.92289054
2010-03-23 18:00:00,0.5272666666666667,0.7655666666666666,1.286325499276748,0.99671924,1.231601,0.7438369,0.98771894
2010-03-23 19:00:00,2.4463,1.4284,1.5296964261957897,1.1062487,1.6654452,0.9782863,1.3218658
2010-03-23 20:00:00,2.495966666666667,2.133666666666667,2.4526050910128374,2.6842544,2.227034,1.5708547,1.8989444
2010-03-23 21:00:00,2.5015,1.9000666666666668,2.712980669780732,2.5589871,2.0131006,2.0191455,2.016123
2010-03-23 22:00:00,1.8261,1.1565,2.5639478627635124,1.0253935,1.3803531,1.6982722,1.5393126
2010-03-23 23:00:00,0.4824,0.3006666666666666,2.168846927901964,0.7327038,1.0488979,0.96346736,1.0061827
2010-03-24 00:00:00,0.3018333333333333,0.336,2.1133819476517615,0.4442667,0.4972902,0.57487386,0.536082
2010-03-24 01:00:00,0.3469,1.0460666666666667,2.0710415358491137,0.35146493,0.6762754,0.4807511,0.57851326
2010-03-24 02:00:00,0.3137666666666667,0.3766,1.9676702366089542,0.41171443,0.55214375,0.43685275,0.49449825
2010-03-24 03:00:00,0.7480333333333333,0.3726333333333333,1.903896330309455,0.41993654,0.5402521,0.40543962,0.47284585
2010-03-24 04:00:00,0.6702666666666667,0.3324,1.9539543290078059,0.31445676,0.63137794,0.41476458,0.5230713
2010-03-24 05:00:00,0.3399,0.2896333333333333,1.9149795634287996,0.5808545,0.42832798,0.5450885,0.48670825
2010-03-24 06:00:00,1.3865,0.4881666666666666,2.2293573217901734,0.97693557,0.9800948,1.0953591,1.0377269
2010-03-24 07:00:00,1.7335,1.2795333333333334,2.5565128507601216,1.8979392,1.7264192,1.7621189,1.7442691
2010-03-24 08:00:00,1.7883666666666664,2.2160333333333333,2.821933866057136,1.5435611,1.5916405,1.7024863,1.6470634
2010-03-24 09:00:00,1.748,1.9458666666666664,2.7555191884709775,1.5709441,1.4016122,1.4660529,1.4338325
2010-03-24 10:00:00,1.8031333333333337,1.6406666666666667,2.605485252039175,1.5125406,1.313497,1.3095845,1.3115407
2010-03-24 11:00:00,3.1818666666666666,1.4788,2.023714977153914,1.6006081,1.1384969,1.1958182,1.1671575
2010-03-24 12:00:00,2.1743666666666663,1.4708333333333334,1.4835757124257534,2.04587,0.9761334,1.0892719,1.0327027
2010-03-24 13:00:00,2.5836333333333332,1.3836666666666666,1.1629883645810486,1.8836231,0.969792,0.9775889,0.97369045
2010-03-24 14:00:00,3.0535666666666668,1.6086666666666667,1.1426197325179157,1.5054331,0.94364464,0.8362277,0.8899362
2010-03-24 15:00:00,1.5098666666666667,2.227,1.1374494587288384,1.8245498,1.1288512,0.6757271,0.90228915
2010-03-24 16:00:00,0.6813,1.0178333333333334,1.1320774347104863,1.1225919,1.1719528,0.5408909,0.8564218
2010-03-24 17:00:00,0.7332,0.5794333333333334,1.145592888132784,0.90816194,1.2300786,0.5064313,0.8682549
2010-03-24 18:00:00,0.639,0.5272666666666667,1.2842457661816553,0.9628249,1.3585182,0.6258209,0.99216956
2010-03-24 19:00:00,1.3214666666666666,2.4463,1.527616693100697,1.3646137,1.8121725,1.1013407,1.4567566
2010-03-24 20:00:00,2.0775333333333332,2.495966666666667,2.450525357917744,1.676218,2.1191442,1.7163115,1.9177278
2010-03-24 21:00:00,2.395966666666667,2.5015,2.7109009366856394,2.455779,2.208076,1.9148089,2.0614424
2010-03-24 22:00:00,1.2585000000000002,1.8261,2.5618681296684196,1.3932053,1.5921893,1.4278468,1.5100181
2010-03-24 23:00:00,0.4553999999999999,0.4824,2.166767194806871,0.50033647,0.89260244,0.78977203,0.84118724
2010-03-25 00:00:00,0.4555333333333333,0.3018333333333333,2.111302214556668,0.47018343,0.5020375,0.49563587,0.4988367
2010-03-25 01:00:00,0.4805666666666666,0.3469,2.0689618027540204,0.46043488,0.5759722,0.40506774,0.49051997
2010-03-25 02:00:00,0.4720333333333333,0.3137666666666667,1.965590503513861,0.440312,0.41008422,0.38996136,0.4000228
2010-03-25 03:00:00,0.5093,0.7480333333333333,1.901816597214362,0.4801599,0.63017976,0.34778225,0.488981
2010-03-25 04:00:00,0.4585333333333333,0.6702666666666667,1.9518745959127128,0.48230165,0.6411352,0.31117886,0.47615704
2010-03-25 05:00:00,0.9827333333333332,0.3399,1.9128998303337066,0.5633995,0.5466943,0.39668328,0.47168878
2010-03-25 06:00:00,1.2152666666666667,1.3865,2.22727758869508,1.1234772,1.0253502,0.9410268,0.9831885
2010-03-25 07:00:00,1.9532333333333336,1.7335,2.554433117665029,1.8309695,1.7259998,1.6258844,1.6759422
2010-03-25 08:00:00,2.0081333333333333,1.7883666666666664,2.819854132962043,1.539268,1.4121689,1.5667889,1.4894788
2010-03-25 09:00:00,1.7284666666666666,1.748,2.7534394553758843,1.6886104,1.3053901,1.3093026,1.3073463
2010-03-25 10:00:00,1.7499,1.8031333333333337,2.603405518944082,1.4861046,1.1819602,1.1380436,1.160002
2010-03-25 11:00:00,1.7058666666666666,3.1818666666666666,2.0216352440588206,1.5745075,0.97499806,0.98373705,0.97936755
2010-03-25 12:00:00,1.8108,2.1743666666666663,1.4814959793306601,1.4329836,0.88077766,0.8891572,0.88496745
2010-03-25 13:00:00,1.5268666666666666,2.5836333333333332,1.1609086314859556,1.5322819,0.82491314,0.7870791,0.8059961
2010-03-25 14:00:00,0.4686,3.0535666666666668,1.1405399994228227,1.2685014,0.8060394,0.693471,0.7497552
2010-03-25 15:00:00,0.3382333333333333,1.5098666666666667,1.1353697256337454,0.6205195,0.8596556,0.6083523,0.73400396
2010-03-25 16:00:00,0.3402,0.6813,1.1299977016153933,0.43548524,1.0357472,0.5852675,0.8105073
2010-03-25 17:00:00,0.385,0.7332,1.1435131550376907,0.5887786,1.2220993,0.43923694,0.8306681
2010-03-25 18:00:00,0.7995333333333333,0.639,1.282166033086562,0.86266685,1.2317375,0.6501386,0.94093806
2010-03-25 19:00:00,1.5967333333333331,1.3214666666666666,1.5255369600056037,1.5136412,1.6394188,1.0546664,1.3470426
2010-03-25 20:00:00,2.431766666666667,2.0775333333333332,2.448445624822651,2.0506039,2.245711,1.8437229,2.044717
2010-03-25 21:00:00,2.1216333333333335,2.395966666666667,2.708821203590546,2.1889856,2.3796554,2.112885,2.2462702
2010-03-25 22:00:00,1.5938666666666668,1.2585000000000002,2.5597883965733264,1.2999475,1.545913,1.502841,1.524377
2010-03-25 23:00:00,0.8652666666666666,0.4553999999999999,2.164687461711778,0.8456034,1.0405402,0.7717409,0.90614057
2010-03-26 00:00:00,0.3375666666666667,0.4555333333333333,2.1092224814615754,0.43201667,0.5333999,0.50060356,0.51700175
2010-03-26 01:00:00,0.4082,0.4805666666666666,2.066882069658927,0.3443318,0.54922575,0.45034552,0.49978563
2010-03-26 02:00:00,0.3740333333333333,0.4720333333333333,1.963510770418768,0.35562828,0.53292817,0.42073303,0.4768306
2010-03-26 03:00:00,0.3037,0.5093,1.8997368641192687,0.36256936,0.57910836,0.36676145,0.4729349
2010-03-26 04:00:00,0.3336,0.4585333333333333,1.9497948628176198,0.3788691,0.61761314,0.32673454,0.47217384
2010-03-26 05:00:00,0.2946666666666667,0.9827333333333332,1.9108200972386136,0.4904215,0.70528674,0.42591095,0.56559885
2010-03-26 06:00:00,1.181366666666667,1.2152666666666667,2.225197855599987,1.0354525,1.3254668,0.9386204,1.1320436
2010-03-26 07:00:00,2.2969999999999997,1.9532333333333336,2.5523533845699355,1.9250969,1.774892,1.6598109,1.7173514
2010-03-26 08:00:00,1.8259333333333332,2.0081333333333333,2.8177743998669498,1.7938745,1.4900491,1.7380831,1.6140661
2010-03-26 09:00:00,1.9139666666666664,1.7284666666666666,2.751359722280791,1.7886411,1.3327825,1.5739956,1.453389
2010-03-26 10:00:00,1.3893666666666666,1.7499,2.601325785848989,1.4681181,1.179939,1.4518192,1.3158791
2010-03-26 11:00:00,1.2097,1.7058666666666666,2.0195555109637278,1.269322,1.087744,1.327354,1.207549
2010-03-26 12:00:00,0.7708333333333334,1.8108,1.4794162462355671,0.91183907,1.0702422,1.1674712,1.1188567
2010-03-26 13:00:00,0.4882,1.5268666666666666,1.1588288983908623,0.94002926,1.0712005,1.031122,1.0511613
2010-03-26 14:00:00,0.588,0.4686,1.1384602663277297,0.69881815,1.0462242,0.960553,1.0033886
2010-03-26 15:00:00,1.0513666666666668,0.3382333333333333,1.1332899925386524,0.86018497,1.2368848,0.74921227,0.99304855
2010-03-26 16:00:00,1.4985666666666666,0.3402,1.1279179685203002,0.6056525,1.3236042,0.5949646,0.9592844
2010-03-26 17:00:00,1.4938,0.385,1.1414334219425974,1.463939,1.5056484,0.5632705,1.0344595
2010-03-26 18:00:00,0.9232666666666668,0.7995333333333333,1.2800862999914688,1.4787973,1.4400355,0.8025328,1.1212841
2010-03-26 19:00:00,1.1280666666666666,1.5967333333333331,1.5234572269105104,1.1894244,2.0748234,1.3857037,1.7302635
2010-03-26 20:00:00,2.1902,2.431766666666667,2.4463658917275577,1.7291489,2.0582812,2.0959277,2.0771046
2010-03-26 21:00:00,2.8192000000000004,2.1216333333333335,2.7067414704954533,1.7708585,1.9312712,2.3450618,2.1381664
2010-03-26 22:00:00,1.5934,1.5938666666666668,2.557708663478233,1.5220777,1.4892497,1.7964414,1.6428456
2010-03-26 23:00:00,1.1074,0.8652666666666666,2.1626077286166847,0.7951523,0.85010403,0.99306613,0.9215851
2010-03-27 00:00:00,0.5011666666666666,0.3375666666666667,2.107142748366482,0.8245077,0.6917902,0.66475886,0.6782745
2010-03-27 01:00:00,0.3685333333333334,0.4082,2.0648023365638344,0.47755522,0.63164407,0.61541563,0.62352985
2010-03-27 02:00:00,0.3234,0.3740333333333333,1.961431037323675,0.42602587,0.5977142,0.5575939,0.577654
2010-03-27 03:00:00,0.3461,0.3037,1.8976571310241757,0.3986032,0.6784191,0.46926445,0.5738418
2010-03-27 04:00:00,0.3788666666666666,0.3336,1.9477151297225266,0.4663186,0.65923315,0.40995854,0.53459585
2010-03-27 05:00:00,0.9640666666666668,0.2946666666666667,1.9087403641435203,0.45106906,0.6739854,0.41028845,0.5421369
2010-03-27 06:00:00,0.4577333333333333,1.181366666666667,2.223118122504894,0.9790996,1.1950313,0.53609914,0.8655652
2010-03-27 07:00:00,0.4446666666666666,2.2969999999999997,2.5502736514748423,1.1295313,1.4161047,0.8572206,1.1366626
2010-03-27 08:00:00,0.6477666666666667,1.8259333333333332,2.815694666771857,0.93797493,1.3579519,1.3231518,1.3405519
2010-03-27 09:00:00,1.9255,1.9139666666666664,2.7492799891856983,1.0608506,1.4131207,1.6167686,1.5149447
2010-03-27 10:00:00,2.4765,1.3893666666666666,2.599246052753896,2.0672417,1.4908617,1.6893761,1.5901189
2010-03-27 11:00:00,1.9903,1.2097,2.0174757778686345,2.1764264,1.5610297,1.7059163,1.6334729
2010-03-27 12:00:00,1.4098333333333335,0.7708333333333334,1.477336513140474,1.651349,1.5819418,1.6594224,1.6206821
2010-03-27 13:00:00,1.4331,0.4882,1.1567491652957693,1.398858,1.5511042,1.6347694,1.5929368
2010-03-27 14:00:00,1.3928,0.588,1.1363805332326364,1.3895849,1.536185,1.5913408,1.5637629
2010-03-27 15:00:00,1.3572333333333333,1.0513666666666668,1.1312102594435591,1.3673313,1.5206807,1.5928483,1.5567645
2010-03-27 16:00:00,1.7536999999999998,1.4985666666666666,1.125838235425207,1.1579695,1.5556815,1.5375915,1.5466365
2010-03-27 17:00:00,2.780066666666667,1.4938,1.1393536888475047,1.8923312,1.6231992,1.5480242,1.5856117
2010-03-27 18:00:00,3.4924666666666666,0.9232666666666668,1.278006566896376,2.7787752,1.7661684,1.6919931,1.7290807
2010-03-27 19:00:00,1.2546333333333335,1.1280666666666666,1.5213774938154176,2.4511955,2.093887,2.1894598,2.1416736
2010-03-27 20:00:00,1.0604333333333331,2.1902,2.4442861586324645,1.8914614,2.3729796,2.593828,2.4834037
2010-03-27 21:00:00,1.2675333333333332,2.8192000000000004,2.70466173740036,1.4656861,2.3102694,2.4742866,2.392278
2010-03-27 22:00:00,1.4627666666666668,1.5934,2.5556289303831403,1.2949808,2.022089,1.780366,1.9012275
2010-03-27 23:00:00,1.3103333333333331,1.1074,2.160527995521592,1.2213856,1.5452907,1.1600531,1.3526719
2010-03-28 00:00:00,1.0249333333333337,0.5011666666666666,2.105063015271389,1.0091977,1.0513096,0.940987,0.9961483
2010-03-28 01:00:00,0.4747,0.3685333333333334,2.062722603468741,0.87038267,0.82834065,0.88226587,0.8553033
2010-03-28 02:00:00,1.2585000000000002,0.3234,1.9593513042285817,0.48188978,0.7942289,0.847531,0.82087994
2010-03-28 03:00:00,1.2407,0.3461,1.8955773979290826,0.4349028,0.7573151,0.78061044,0.76896274
2010-03-28 04:00:00,0.3775,0.3788666666666666,1.9456353966274336,0.43757924,0.71310836,0.7358409,0.72447467
2010-03-28 05:00:00,0.4032666666666666,0.9640666666666668,1.9066606310484273,0.4542591,0.93319094,0.70388716,0.818539
2010-03-28 06:00:00,0.3094,0.4577333333333333,2.221038389409801,0.7714287,0.82861966,0.69726646,0.762943
2010-03-28 07:00:00,0.3426,0.4446666666666666,2.548193918379749,0.6345105,1.4579605,0.778739,1.1183498
2010-03-28 08:00:00,0.4832333333333333,0.6477666666666667,2.8136149336767637,0.7989556,1.1574124,0.99930316,1.0783578
2010-03-28 09:00:00,0.4952666666666667,1.9255,2.747200256090605,1.065312,1.3542901,1.285583,1.3199365
2010-03-28 10:00:00,2.0171,2.4765,2.5971663196588026,0.8570404,1.3710381,1.4532402,1.4121392
2010-03-28 11:00:00,2.1303666666666667,1.9903,2.0153960447735413,1.8418615,1.4665011,1.5001434,1.4833223
2010-03-28 12:00:00,0.9101,1.4098333333333335,1.4752567800453809,1.452572,1.502523,1.5981543,1.5503386
2010-03-28 13:00:00,1.12,1.4331,1.1546694322006763,1.2784511,1.6445206,1.6697584,1.6571395
2010-03-28 14:00:00,2.519366666666667,1.3928,1.1343008001375434,0.76136094,1.6695449,1.7229505,1.6962477
2010-03-28 15:00:00,0.6231666666666666,1.3572333333333333,1.1291305263484661,1.2821269,1.5224091,1.77975,1.6510795
2010-03-28 16:00:00,0.7922333333333333,1.7536999999999998,1.123758502330114,1.0348899,1.6105728,1.8578539,1.7342134
2010-03-28 17:00:00,0.7676333333333333,2.780066666666667,1.1372739557524114,1.1760855,1.3763137,1.9192979,1.6478058
2010-03-28 18:00:00,0.8931666666666666,3.4924666666666666,1.2759268338012828,1.3661215,1.7007973,2.0968628,1.89883
2010-03-28 19:00:00,2.7665,1.2546333333333335,1.5192977607203244,1.7486203,2.1882799,2.5227528,2.3555164
2010-03-28 20:00:00,3.0071999999999997,1.0604333333333331,2.4422064255373717,2.6865928,2.5959387,2.7200737,2.6580062
2010-03-28 21:00:00,2.5727,1.2675333333333332,2.702582004305267,2.8900905,2.6761734,2.4050484,2.5406108
2010-03-28 22:00:00,2.6212,1.4627666666666668,2.553549197288047,1.5630153,1.8966964,1.6334668,1.7650816
2010-03-28 23:00:00,0.8194,1.3103333333333331,2.1584482624264987,1.011852,1.1893936,1.1188766,1.1541351
2010-03-29 00:00:00,0.3636999999999999,1.0249333333333337,2.102983282176296,0.65183926,0.6565766,0.9489538,0.8027652
2010-03-29 01:00:00,0.3675333333333333,0.4747,2.0606428703736483,0.39385682,0.5453794,0.5179374,0.5316584
2010-03-29 02:00:00,0.3510333333333333,1.2585000000000002,1.9572715711334887,0.3959223,0.55034375,0.5340233,0.5421835
2010-03-29 03:00:00,0.3949666666666667,1.2407,1.8934976648339894,0.42139754,0.49913144,0.52987576,0.5145036
2010-03-29 04:00:00,0.4739666666666666,0.3775,1.9435556635323405,0.3970073,0.455218,0.4700507,0.46263433
2010-03-29 05:00:00,0.8832,0.4032666666666666,1.9045808979533343,0.6019477,0.46227384,0.46870577,0.4654898
2010-03-29 06:00:00,0.6057666666666667,0.3094,2.2189586563147077,0.86339045,0.903774,0.8626907,0.88323236
2010-03-29 07:00:00,2.251633333333333,0.3426,2.5461141852846563,1.8496737,1.5550727,1.5938861,1.5744793
2010-03-29 08:00:00,1.4074666666666666,0.4832333333333333,2.8115352005816705,1.7559288,1.4708008,1.7032461,1.5870235
2010-03-29 09:00:00,1.4613,0.4952666666666667,2.745120522995512,1.3157835,1.57793,1.4201407,1.4990354
2010-03-29 10:00:00,1.4277000000000002,2.0171,2.59508658656371,1.2644827,1.2263383,1.2161499,1.2212441
2010-03-29 11:00:00,1.4784333333333337,2.1303666666666667,2.0133163116784485,1.276324,0.99509346,1.0770735,1.0360835
2010-03-29 12:00:00,1.4699666666666666,0.9101,1.4731770469502878,1.2888906,1.1672459,0.9459409,1.0565934
2010-03-29 13:00:00,1.5208000000000002,1.12,1.152589699105583,1.2355188,1.1963044,0.84713775,1.0217211
2010-03-29 14:00:00,1.4192666666666665,2.519366666666667,1.1322210670424502,1.3169525,0.75842524,0.6405202,0.6994727
2010-03-29 15:00:00,1.4636,0.6231666666666666,1.127050793253373,1.1354035,1.0268755,0.4376461,0.7322608
2010-03-29 16:00:00,1.4545,0.7922333333333333,1.121678769235021,1.2111669,0.9470532,0.29560882,0.621331
2010-03-29 17:00:00,1.4808333333333332,0.7676333333333333,1.1351942226573182,1.2412777,0.68428135,0.2947682,0.48952478
2010-03-29 18:00:00,0.8935333333333334,0.8931666666666666,1.2738471007061896,1.2727882,0.87195003,0.63171816,0.7518341
2010-03-29 19:00:00,0.8447,2.7665,1.5172180276252312,1.4351424,1.7871232,1.0973845,1.4422538
2010-03-29 20:00:00,1.5333666666666663,3.0071999999999997,2.440126692442279,1.6439166,2.1588957,1.7009385,1.9299171
2010-03-29 21:00:00,2.0416333333333334,2.5727,2.7005022712101736,2.1555934,2.2981014,1.8765211,2.0873113
2010-03-29 22:00:00,0.8729333333333333,2.6212,2.551469464192954,1.1380556,1.6319981,1.3396345,1.4858162
2010-03-29 23:00:00,0.5838,0.8194,2.1563685293314054,0.6872613,0.86471295,0.720212,0.79246247
2010-03-30 00:00:00,0.4821999999999999,0.3636999999999999,2.100903549081203,0.5446408,0.6012367,0.4586069,0.52992177
2010-03-30 01:00:00,0.4452333333333333,0.3675333333333333,2.058563137278555,0.47789744,0.52399474,0.40750086,0.4657478
2010-03-30 02:00:00,0.4122666666666666,0.3510333333333333,1.9551918380383957,0.4973105,0.53813136,0.37121654,0.45467395
2010-03-30 03:00:00,0.4487666666666666,0.3949666666666667,1.8914179317388964,0.46799105,0.5937102,0.31043828,0.45207423
2010-03-30 04:00:00,0.5238666666666666,0.4739666666666666,1.9414759304372473,0.526226,0.51230997,0.2934487,0.40287933
2010-03-30 05:00:00,1.208,0.8832,1.902501164858241,0.5161862,0.51117605,0.4058491,0.45851257
2010-03-30 06:00:00,0.5168666666666667,0.6057666666666667,2.2168789232196144,0.78624564,0.83496237,0.912618,0.87379014
2010-03-30 07:00:00,2.5761333333333334,2.251633333333333,2.544034452189563,1.424567,1.6464055,1.6650953,1.6557504
2010-03-30 08:00:00,2.6258,1.4074666666666666,2.8094554674865773,2.202849,1.9067779,1.6924121,1.799595
2010-03-30 09:00:00,2.0130666666666666,1.4613,2.743040789900419,1.840647,1.5779274,1.4813123,1.5296198
2010-03-30 10:00:00,1.7614333333333332,1.4277000000000002,2.5930068534686166,1.4616858,1.5359054,1.3780975,1.4570014
2010-03-30 11:00:00,1.4778,1.4784333333333337,2.0112365785833553,1.6062682,1.382082,1.2952743,1.3386781
2010-03-30 12:00:00,1.4474333333333331,1.4699666666666666,1.4710973138551948,1.3294678,1.2233808,1.1820195,1.2027001
2010-03-30 13:00:00,2.2496666666666667,1.5208000000000002,1.15050996601049,1.2893505,1.2830162,1.0864894,1.1847528
2010-03-30 14:00:00,1.5428,1.4192666666666665,1.1301413339473572,1.7893664,1.224266,0.9911152,1.1076906
2010-03-30 15:00:00,1.1431666666666669,1.4636,1.1249710601582799,1.7563688,1.2371556,0.7844464,1.010801
2010-03-30 16:00:00,0.885,1.4545,1.1195990361399277,0.73364913,0.9779088,0.70085657,0.83938265
2010-03-30 17:00:00,0.8992666666666665,1.4808333333333332,1.1331144895622254,1.1258596,1.0182412,0.721748,0.8699946
2010-03-30 18:00:00,0.678,0.8935333333333334,1.2717673676110968,1.2830937,1.2119002,0.97937524,1.0956378
2010-03-30 19:00:00,0.9486666666666668,0.8447,1.5151382945301384,1.3653628,1.6905417,1.5432036,1.6168727
2010-03-30 20:00:00,1.7603,1.5333666666666663,2.4380469593471856,1.5925347,2.0482173,2.01135,2.0297837
2010-03-30 21:00:00,2.9702333333333333,2.0416333333333334,2.698422538115081,1.6999147,2.3640606,1.9453702,2.1547155
2010-03-30 22:00:00,2.272766666666667,0.8729333333333333,2.549389731097861,1.5988903,1.469425,1.1776261,1.3235255
2010-03-30 23:00:00,0.4855,0.5838,2.1542887962363126,0.9781453,0.849514,0.5737636,0.7116388
2010-03-31 00:00:00,0.4668,0.4821999999999999,2.0988238159861097,0.42861372,0.561499,0.43370718,0.4976031
2010-03-31 01:00:00,0.3245333333333333,0.4452333333333333,2.056483404183462,0.4244961,0.52546847,0.40831316,0.4668908
2010-03-31 02:00:00,0.3330666666666667,0.4122666666666666,1.9531121049433025,0.42529896,0.5179642,0.41133738,0.46465078
2010-03-31 03:00:00,0.2973666666666666,0.4487666666666666,1.8893381986438034,0.42302302,0.51005733,0.37717974,0.44361854
2010-03-31 04:00:00,0.2953,0.5238666666666666,1.9393961973421543,0.39466786,0.5124923,0.36684507,0.4396687
2010-03-31 05:00:00,0.6300333333333333,1.208,1.900421431763148,0.4050305,0.52390283,0.39284772,0.45837528
2010-03-31 06:00:00,1.0479,0.5168666666666667,2.2147991901245216,0.94888717,0.95999885,0.77364004,0.86681944
2010-03-31 07:00:00,1.8445333333333336,2.5761333333333334,2.54195471909447,2.0544972,1.9753593,1.5814449,1.7784021
2010-03-31 08:00:00,2.2009666666666665,2.6258,2.8073757343914845,2.0247939,1.9887304,1.7405739,1.8646522
2010-03-31 09:00:00,2.2570333333333332,2.0130666666666666,2.7409610568053258,1.6669143,1.6884818,1.4773979,1.5829399
2010-03-31 10:00:00,1.406,1.7614333333333332,2.5909271203735234,1.6964959,1.5882219,1.3105545,1.4493883
2010-03-31 11:00:00,1.9393,1.4778,2.009156845488262,1.6315244,1.5438656,1.1474191,1.3456423
2010-03-31 12:00:00,2.007166666666667,1.4474333333333331,1.4690175807601016,2.1494653,1.5759977,0.95362055,1.2648091
2010-03-31 13:00:00,3.1350333333333333,2.2496666666666667,1.1484302329153968,2.4771607,1.4377048,0.77499527,1.1063501
2010-03-31 14:00:00,0.4915333333333333,1.5428,1.1280616008522641,2.2877538,1.5142756,0.6401639,1.0772197
2010-03-31 15:00:00,0.973,1.1431666666666669,1.1228913270631868,1.0469083,1.4164265,0.6339342,1.0251803
2010-03-31 16:00:00,2.0605333333333333,0.885,1.1175193030448347,1.4163444,1.0741343,0.7299597,0.90204704
2010-03-31 17:00:00,0.8503000000000001,0.8992666666666665,1.1310347564671321,1.032519,1.0859559,0.863019,0.9744874
2010-03-31 18:00:00,1.1096333333333337,0.678,1.2696876345160035,1.0272667,1.1452435,1.1470046,1.1461241
2010-03-31 19:00:00,1.9378,0.9486666666666668,1.5130585614350451,1.4172312,1.579515,1.5333403,1.5564277
2010-03-31 20:00:00,2.1674333333333333,1.7603,2.4359672262520924,1.8813345,2.131837,1.901055,2.0164459
2010-03-31 21:00:00,2.6199,2.9702333333333333,2.6963428050199876,1.9768319,2.3207142,1.9523839,2.136549
2010-03-31 22:00:00,1.2260666666666669,2.272766666666667,2.547309998002768,1.5695097,1.4499276,1.373065,1.4114963
2010-03-31 23:00:00,0.4421333333333333,0.4855,2.1522090631412194,0.593791,0.85914093,0.59450614,0.72682357
2010-04-01 00:00:00,0.368,0.4668,2.096744082891017,0.39734167,0.53125435,0.2925418,0.41189808
2010-04-01 01:00:00,0.3743666666666667,0.3245333333333333,2.0544036710883686,0.35322464,0.49304843,0.3088377,0.40094307
2010-04-01 02:00:00,0.3086666666666666,0.3330666666666667,1.9510323718482094,0.43020198,0.46674088,0.31107414,0.3889075
2010-04-01 03:00:00,0.3152999999999999,0.2973666666666666,1.8872584655487101,0.4088493,0.4862317,0.2746309,0.3804313
2010-04-01 04:00:00,0.4120666666666667,0.2953,1.9373164642470613,0.4536423,0.4415663,0.28842002,0.36499316
2010-04-01 05:00:00,0.956,0.6300333333333333,1.898341698668055,0.45078042,0.6495807,0.38250536,0.51604307
2010-04-01 06:00:00,0.7114999999999999,1.0479,2.2127194570294284,0.94009435,0.9538115,0.8155545,0.884683
2010-04-01 07:00:00,1.8976333333333335,1.8445333333333336,2.539874985999377,1.8530006,2.0211592,1.6174393,1.8192992
2010-04-01 08:00:00,1.7394333333333334,2.2009666666666665,2.8052960012963912,1.6165904,2.080775,1.8069805,1.9438777
2010-04-01 09:00:00,1.4106666666666667,2.2570333333333332,2.7388813237102325,1.6369004,1.6325381,1.5354273,1.5839827
2010-04-01 10:00:00,1.4278333333333333,1.406,2.5888473872784306,1.3318228,1.4538484,1.2850467,1.3694475
2010-04-01 11:00:00,1.3922333333333334,1.9393,2.007077112393169,1.3366305,1.3048996,1.0913345,1.198117
2010-04-01 12:00:00,1.4118,2.007166666666667,1.4669378476650086,1.2753522,1.2585603,0.9373144,1.0979373
2010-04-01 13:00:00,1.3622333333333332,3.1350333333333333,1.1463504998203038,1.2449479,1.1290926,0.80703616,0.96806437
2010-04-01 14:00:00,1.1203,0.4915333333333333,1.125981867757171,1.1800662,0.84758466,0.6938548,0.77071977
2010-04-01 15:00:00,0.3688,0.973,1.1208115939680938,1.0939697,0.712418,0.6266154,0.6695167
2010-04-01 16:00:00,0.4373333333333333,2.0605333333333333,1.1154395699497417,0.9396678,0.68551034,0.61242104,0.6489657
2010-04-01 17:00:00,0.3408333333333333,0.8503000000000001,1.128955023372039,0.5297394,0.61429733,0.68605053,0.6501739
2010-04-01 18:00:00,0.6947,1.1096333333333337,1.2676079014209103,0.8306211,0.947566,0.8306614,0.88911366
2010-04-01 19:00:00,1.9912,1.9378,1.510978828339952,1.4686524,1.5550607,1.2687945,1.4119277
2010-04-01 20:00:00,2.8487333333333336,2.1674333333333333,2.433887493156999,2.0747156,2.05274,1.9243041,1.988522
2010-04-01 21:00:00,2.4881666666666664,2.6199,2.694263071924895,2.3645096,2.2642906,2.1072752,2.185783
2010-04-01 22:00:00,2.3312666666666666,1.2260666666666669,2.5452302649076746,1.8205426,1.5659442,1.6214793,1.5937117
2010-04-01 23:00:00,1.4149333333333334,0.4421333333333333,2.150129330046126,1.1902033,0.98847145,0.7672315,0.8778515
2010-04-02 00:00:00,0.7278333333333333,0.368,2.0946643497959236,1.058494,0.5471204,0.42045403,0.4837872
2010-04-02 01:00:00,0.2971,0.3743666666666667,2.052323937993276,0.37859026,0.51839024,0.42835563,0.47337294
2010-04-02 02:00:00,0.3693666666666667,0.3086666666666666,1.9489526387531164,0.38783872,0.4921771,0.4027261,0.4474516
2010-04-02 03:00:00,0.3519666666666666,0.3152999999999999,1.8851787324536171,0.3640404,0.4734076,0.33554786,0.40447772
2010-04-02 04:00:00,0.2988,0.4120666666666667,1.935236731151968,0.37486738,0.4739842,0.2995348,0.38675952
2010-04-02 05:00:00,0.2916999999999999,0.956,1.8962619655729618,0.41746676,0.4487103,0.448479,0.44859463
2010-04-02 06:00:00,1.0766,0.7114999999999999,2.210639723934335,1.0153462,1.0901376,1.0339341,1.0620358
2010-04-02 07:00:00,1.9195666666666669,1.8976333333333335,2.5377952529042838,2.031799,2.0479913,1.7684594,1.9082253
2010-04-02 08:00:00,1.7476333333333334,1.7394333333333334,2.8032162682012984,1.6506037,1.8896976,1.8483245,1.869011
2010-04-02 09:00:00,1.9030333333333336,1.4106666666666667,2.7368015906151397,1.668269,1.6999413,1.6765372,1.6882392
2010-04-02 10:00:00,1.5308,1.4278333333333333,2.5867676541833373,1.5478505,1.5411029,1.5023067,1.5217048
2010-04-02 11:00:00,1.4902333333333333,1.3922333333333334,2.004997379298076,1.4322424,1.3633206,1.3141011,1.3387108
2010-04-02 12:00:00,1.8298333333333336,1.4118,1.4648581145699155,1.3301291,1.1627824,1.1641071,1.1634448
2010-04-02 13:00:00,0.4873,1.3622333333333332,1.1442707667252108,1.5810516,1.0762832,1.0654947,1.070889
2010-04-02 14:00:00,0.7337666666666667,1.1203,1.123902134662078,0.64319795,1.1132817,0.9696518,1.0414667
2010-04-02 15:00:00,1.5366,0.3688,1.1187318608730006,1.0700821,1.2524768,0.90043604,1.0764564
2010-04-02 16:00:00,1.5783333333333334,0.4373333333333333,1.1133598368546485,1.395727,1.4053528,0.9907116,1.1980323
2010-04-02 17:00:00,1.5146333333333333,0.3408333333333333,1.126875290276946,1.4969546,1.468969,1.274789,1.371879
2010-04-02 18:00:00,0.8758333333333332,0.6947,1.2655281683258175,1.4761863,1.2240305,1.7548723,1.4894514
2010-04-02 19:00:00,1.5252666666666668,1.9912,1.508899095244859,1.6609977,1.7379051,1.9401937,1.8390493
2010-04-02 20:00:00,2.2630666666666666,2.8487333333333336,2.431807760061906,2.239863,2.0828793,2.2459576,2.1644185
2010-04-02 21:00:00,1.546533333333333,2.4881666666666664,2.6921833388298015,2.1066642,2.3652725,2.1479144,2.2565935
2010-04-02 22:00:00,1.1645666666666663,2.3312666666666666,2.5431505318125818,1.2565262,1.5903739,1.5245165,1.5574452
2010-04-02 23:00:00,0.4166666666666667,1.4149333333333334,2.1480495969510334,0.63686556,0.86985666,0.80856895,0.8392128
2010-04-03 00:00:00,0.7587666666666667,0.7278333333333333,2.0925846167008304,0.466152,0.6475142,0.4901383,0.56882626
2010-04-03 01:00:00,0.5699666666666666,0.2971,2.0502442048981826,0.32823834,0.56460387,0.4992333,0.5319186
2010-04-03 02:00:00,0.3001333333333333,0.3693666666666667,1.9468729056580232,0.53620344,0.5415308,0.47734106,0.5094359
2010-04-03 03:00:00,0.3378666666666666,0.3519666666666666,1.883098999358524,0.37836036,0.5331782,0.39607716,0.46462768
2010-04-03 04:00:00,0.3004,0.2988,1.933156998056875,0.44500744,0.49115768,0.32951105,0.41033435
2010-04-03 05:00:00,0.2859333333333333,0.2916999999999999,1.8941822324778688,0.42210934,0.6172929,0.3463422,0.48181754
2010-04-03 06:00:00,0.6555333333333333,1.0766,2.2085599908392424,0.55725676,0.8233047,0.5685111,0.69590795
2010-04-03 07:00:00,2.519433333333333,1.9195666666666669,2.5357155198091905,1.3801366,1.4058013,1.1315091,1.2686552
2010-04-03 08:00:00,1.9786,1.7476333333333334,2.801136535106205,1.9766815,1.3803091,1.7556028,1.567956
2010-04-03 09:00:00,1.6327333333333334,1.9030333333333336,2.7347218575200465,1.9148018,1.7281784,1.8596835,1.793931
2010-04-03 10:00:00,2.1151,1.5308,2.584687921088244,1.9480811,1.8292816,1.8317138,1.8304977
2010-04-03 11:00:00,2.3114666666666666,1.4902333333333333,2.0029176462029827,1.8650979,1.6912355,1.8106257,1.7509305
2010-04-03 12:00:00,1.7215333333333334,1.8298333333333336,1.4627783814748223,1.9355929,1.6671816,1.6991992,1.6831903
2010-04-03 13:00:00,1.6617666666666666,0.4873,1.1421910336301175,1.8942645,1.7296754,1.6422806,1.6859779
2010-04-03 14:00:00,1.5761666666666667,0.7337666666666667,1.1218224015669849,1.6164721,1.6763964,1.6080282,1.6422123
2010-04-03 15:00:00,1.490033333333333,1.5366,1.1166521277779076,1.390127,1.6257005,1.6332247,1.6294626
2010-04-03 16:00:00,1.5566666666666669,1.5783333333333334,1.1112801037595554,1.402966,1.649425,1.7289349,1.6891799
2010-04-03 17:00:00,1.5175666666666667,1.5146333333333333,1.1247955571818529,1.5579286,1.720938,1.7440617,1.7324998
2010-04-03 18:00:00,1.5235666666666667,0.8758333333333332,1.2634484352307243,1.6035128,1.8049309,1.8571117,1.8310213
2010-04-03 19:00:00,1.5149333333333332,1.5252666666666668,1.5068193621497659,1.742396,2.1024702,2.283772,2.193121
2010-04-03 20:00:00,1.5903333333333334,2.2630666666666666,2.429728026966813,1.6110868,2.3288355,2.6592023,2.494019
2010-04-03 21:00:00,1.1560666666666668,1.546533333333333,2.6901036057347083,1.4774338,2.4831653,2.5828996,2.5330324
2010-04-03 22:00:00,0.4448333333333333,1.1645666666666663,2.5410707987174885,0.74754614,2.0579085,1.876228,1.9670682
2010-04-03 23:00:00,0.5685666666666667,0.4166666666666667,2.14596986385594,0.6433905,1.6369733,1.2321587,1.434566
2010-04-04 00:00:00,0.5558666666666667,0.7587666666666667,2.0905048836057376,0.52395874,1.1064965,1.0096179,1.0580572
2010-04-04 01:00:00,0.3390666666666667,0.5699666666666666,2.04816447180309,0.5194381,0.81123745,0.9510137,0.88112557
2010-04-04 02:00:00,0.9610666666666668,0.3001333333333333,1.9447931725629302,0.3963258,0.7307539,0.9387821,0.834768
2010-04-04 03:00:00,0.5775,0.3378666666666666,1.8810192662634309,0.3328262,0.7038642,0.88238966,0.79312694
2010-04-04 04:00:00,0.4123333333333333,0.3004,1.9310772649617818,0.5448214,0.61824125,0.83183396,0.7250376
2010-04-04 05:00:00,0.2939333333333333,0.2859333333333333,1.8921024993827757,0.42368203,0.62372905,0.7984425,0.7110858
2010-04-04 06:00:00,0.3075666666666666,0.6555333333333333,2.206480257744149,0.4575327,0.70988834,0.79483956,0.7523639
2010-04-04 07:00:00,0.5575,2.519433333333333,2.5336357867140977,0.6018853,1.2392392,0.84153557,1.0403874
2010-04-04 08:00:00,0.5632666666666667,1.9786,2.799056802011112,1.012735,1.0917606,0.9586499,1.0252053
2010-04-04 09:00:00,1.3287,1.6327333333333334,2.7326421244249532,1.0332034,1.3633499,1.1581975,1.2607737
2010-04-04 10:00:00,1.6264666666666665,2.1151,2.5826081879931513,1.3663217,1.7342476,1.3686866,1.5514671
2010-04-04 11:00:00,1.0288333333333337,2.3114666666666666,2.00083791310789,1.8447007,2.0834343,1.4948456,1.78914
2010-04-04 12:00:00,2.0579,1.7215333333333334,1.4606986483797293,1.5621433,1.710864,1.5677204,1.6392922
2010-04-04 13:00:00,1.5517333333333334,1.6617666666666666,1.1401113005350245,1.857503,1.4936088,1.5773535,1.5354812
2010-04-04 14:00:00,1.4949333333333332,1.5761666666666667,1.1197426684718916,1.5642136,1.6082424,1.5582917,1.583267
2010-04-04 15:00:00,2.7866,1.490033333333333,1.1145723946828145,1.4528465,1.4358191,1.5132018,1.4745104
2010-04-04 16:00:00,2.3451666666666666,1.5566666666666669,1.1092003706644624,2.1927614,1.48743,1.5507245,1.5190773
2010-04-04 17:00:00,2.7621333333333333,1.5175666666666667,1.1227158240867596,2.2290518,1.4786115,1.5980836,1.5383475
2010-04-04 18:00:00,2.0107,1.5235666666666667,1.261368702135631,2.9644134,1.5621116,1.7292786,1.6456951
2010-04-04 19:00:00,2.0158,1.5149333333333332,1.5047396290546726,2.5570054,1.9941123,2.0119624,2.0030375
2010-04-04 20:00:00,1.1565666666666667,1.5903333333333334,2.42764829387172,2.0897822,2.283679,2.2734127,2.2785459
2010-04-04 21:00:00,0.4290666666666666,1.1560666666666668,2.688023872639615,0.9426158,2.4199607,2.1817238,2.3008423
2010-04-04 22:00:00,0.5060666666666667,0.4448333333333333,2.5389910656223953,0.57826436,1.6627759,1.6938977,1.6783369
2010-04-04 23:00:00,0.5043666666666666,0.5685666666666667,2.143890130760847,0.5901572,1.0100988,1.1893998,1.0997493
2010-04-05 00:00:00,0.3623666666666666,0.5558666666666667,2.0884251505106444,0.45772108,0.5596034,0.9630694,0.7613364
2010-04-05 01:00:00,0.2888666666666666,0.3390666666666667,2.0460847387079966,0.348211,0.48981452,0.54492843,0.5173715
2010-04-05 02:00:00,0.4473333333333333,0.9610666666666668,1.9427134394678371,0.36161578,0.53699297,0.50016123,0.5185771
2010-04-05 03:00:00,0.8313333333333334,0.5775,1.8789395331683378,0.5358055,0.5347239,0.37070793,0.4527159
2010-04-05 04:00:00,0.3,0.4123333333333333,1.9289975318666888,0.3509254,0.5146054,0.3229921,0.41879874
2010-04-05 05:00:00,0.3066,0.2939333333333333,1.8900227662876825,0.44653878,0.5105862,0.39787292,0.45422956
2010-04-05 06:00:00,0.3575333333333333,0.3075666666666666,2.204400524649056,0.5961068,0.9274212,0.82787454,0.8776479
2010-04-05 07:00:00,0.8573999999999999,0.5575,2.5315560536190045,0.84120154,1.7350427,1.6453635,1.6902031
2010-04-05 08:00:00,0.4175333333333333,0.5632666666666667,2.7969770689160187,1.1410724,1.6319737,1.8464968,1.7392353
2010-04-05 09:00:00,1.1238666666666668,1.3287,2.7305623913298604,0.89774877,1.5660359,1.5398378,1.5529368
2010-04-05 10:00:00,2.7682,1.6264666666666665,2.580528454898058,0.6382193,1.5414604,1.3488837,1.4451721
2010-04-05 11:00:00,1.3233666666666666,1.0288333333333337,1.9987581800127967,2.1561985,1.4162599,1.282281,1.3492705
2010-04-05 12:00:00,0.8510000000000001,2.0579,1.4586189152846363,1.2025012,1.136682,1.1486205,1.1426513
2010-04-05 13:00:00,0.3488333333333333,1.5517333333333334,1.1380315674399315,0.9036186,1.1746569,1.0003986,1.0875278
2010-04-05 14:00:00,0.2985,1.4949333333333332,1.1176629353767986,0.4383679,1.1438648,0.8713753,1.0076201
2010-04-05 15:00:00,0.5606000000000001,2.7866,1.1124926615877213,0.44343853,1.2519268,0.77389574,1.0129113
2010-04-05 16:00:00,0.5683,2.3451666666666666,1.1071206375693692,0.82886344,1.171403,0.69237274,0.93188787
2010-04-05 17:00:00,0.4446666666666666,2.7621333333333333,1.1206360909916668,0.93361545,1.0787917,0.7154728,0.8971323
2010-04-05 18:00:00,1.3840666666666666,2.0107,1.2592889690405382,1.0780478,1.3138788,0.8885808,1.1012298
2010-04-05 19:00:00,0.6501666666666667,2.0158,1.5026598959595798,1.4465224,1.6964895,1.4379954,1.5672424
2010-04-05 20:00:00,1.2091999999999998,1.1565666666666667,2.425568560776627,1.3401982,1.959544,2.0939243,2.026734
2010-04-05 21:00:00,2.0313,0.4290666666666666,2.685944139544522,1.7028853,1.7895613,2.0606623,1.9251118
2010-04-05 22:00:00,0.6023,0.5060666666666667,2.5369113325273025,1.2652211,1.1969756,1.2954957,1.2462356
2010-04-05 23:00:00,0.3136666666666666,0.5043666666666666,2.141810397665754,0.5016851,1.176363,0.6773685,0.92686576
2010-04-06 00:00:00,0.3152333333333333,0.3623666666666666,2.086345417415551,0.41316268,0.5419554,0.4482646,0.49511
2010-04-06 01:00:00,0.3900333333333333,0.2888666666666666,2.0440050056129033,0.43826702,0.4725231,0.42221648,0.44736978
2010-04-06 02:00:00,0.3535333333333333,0.4473333333333333,1.940633706372744,0.47560248,0.48826456,0.39995486,0.4441097
2010-04-06 03:00:00,0.2965333333333333,0.8313333333333334,1.8768598000732446,0.36468872,0.4724091,0.36747366,0.41994137
2010-04-06 04:00:00,0.3238,0.3,1.9269177987715957,0.4090741,0.44776163,0.33080268,0.38928217
2010-04-06 05:00:00,0.9582666666666668,0.3066,1.8879430331925895,0.49410298,0.46525276,0.40492153,0.43508714
2010-04-06 06:00:00,0.4987666666666666,0.3575333333333333,2.202320791553963,0.6725273,0.9113053,0.9883951,0.9498502
2010-04-06 07:00:00,0.935,0.8573999999999999,2.5294763205239112,1.1991049,1.6407968,1.69105,1.6659234
2010-04-06 08:00:00,1.728,0.4175333333333333,2.794897335820926,1.3106706,1.5790752,1.5496546,1.5643649
2010-04-06 09:00:00,1.8342,1.1238666666666668,2.728482658234767,1.6170447,1.4998615,1.3961526,1.4480071
2010-04-06 10:00:00,2.0517666666666665,2.7682,2.578448721802965,1.6552893,1.1641966,1.304512,1.2343543
2010-04-06 11:00:00,1.9221333333333337,1.3233666666666666,1.9966784469177037,1.7264227,1.1819586,1.232873,1.2074158
2010-04-06 12:00:00,1.5462,0.8510000000000001,1.456539182189543,1.6718895,1.3291069,1.1289954,1.2290511
2010-04-06 13:00:00,1.5704333333333331,0.3488333333333333,1.1359518343448383,1.4220402,1.4163957,0.99101675,1.2037063
2010-04-06 14:00:00,1.9942666666666664,0.2985,1.1155832022817056,1.3981372,1.3458554,0.8569218,1.1013886
2010-04-06 15:00:00,1.9803,0.5606000000000001,1.1104129284926283,1.7207958,1.0391083,0.7786268,0.90886754
2010-04-06 16:00:00,0.7770333333333334,0.5683,1.1050409044742762,1.6588634,0.8669691,0.73632514,0.8016471
2010-04-06 17:00:00,0.7379666666666667,0.4446666666666666,1.1185563578965736,0.92271346,0.8353505,0.72426844,0.7798095
2010-04-06 18:00:00,0.7172999999999999,1.3840666666666666,1.257209235945445,1.1153038,0.97938937,0.8031783,0.89128387
2010-04-06 19:00:00,0.8582,0.6501666666666667,1.5005801628644866,1.2154408,1.2512038,1.0911542,1.171179
2010-04-06 20:00:00,3.1991,1.2091999999999998,2.423488827681534,1.5356447,1.569718,1.5668802,1.568299
2010-04-06 21:00:00,2.5128666666666666,2.0313,2.683864406449429,2.420923,1.9148432,1.8438983,1.8793707
2010-04-06 22:00:00,2.0876,0.6023,2.5348315994322093,1.8441403,1.2805381,1.4925958,1.3865669
2010-04-06 23:00:00,0.8423333333333333,0.3136666666666666,2.139730664570661,1.6748551,0.826365,0.71467817,0.7705216
2010-04-07 00:00:00,0.3444333333333333,0.3152333333333333,2.0842656843204583,0.57718,0.5082921,0.36683798,0.43756503
2010-04-07 01:00:00,0.3646666666666666,0.3900333333333333,2.04192527251781,0.39819542,0.46115008,0.3628887,0.41201937
2010-04-07 02:00:00,0.9345333333333332,0.3535333333333333,1.9385539732776509,0.4278226,0.50831103,0.33681947,0.42256525
2010-04-07 03:00:00,0.4786666666666666,0.2965333333333333,1.8747800669781516,0.328861,0.47720468,0.3007021,0.3889534
2010-04-07 04:00:00,0.3989333333333333,0.3238,1.9248380656765025,0.5689751,0.4535964,0.33244836,0.3930224
2010-04-07 05:00:00,0.4297333333333333,0.9582666666666668,1.8858633000974965,0.4758985,0.5104647,0.5888204,0.54964256
2010-04-07 06:00:00,0.9964333333333334,0.4987666666666666,2.20024105845887,1.0387276,0.8841316,1.3122087,1.0981702
2010-04-07 07:00:00,2.464066666666666,0.935,2.5273965874288185,2.0292177,1.621749,1.7384447,1.6800969
2010-04-07 08:00:00,1.4139000000000002,1.728,2.7928176027258327,1.842316,1.8417857,1.5265393,1.6841625
2010-04-07 09:00:00,1.3653666666666666,1.8342,2.726402925139674,1.3903186,1.5494543,1.3089066,1.4291804
2010-04-07 10:00:00,1.4227999999999998,2.0517666666666665,2.5763689887078716,1.2456894,1.2334652,1.1635246,1.1984949
2010-04-07 11:00:00,1.9333333333333331,1.9221333333333337,1.9945987138226107,1.3623888,1.3156068,1.0542083,1.1849076
2010-04-07 12:00:00,1.6007333333333331,1.5462,1.45445944909445,1.9529585,1.2154268,0.982386,1.0989064
2010-04-07 13:00:00,1.6148,1.5704333333333331,1.1338721012497452,1.5646907,1.1616664,0.8840126,1.0228395
2010-04-07 14:00:00,2.0127333333333333,1.9942666666666664,1.1135034691866124,1.3966535,0.8247125,0.8171126,0.8209126
2010-04-07 15:00:00,0.6387666666666667,1.9803,1.1083331953975353,0.9485657,0.7874658,0.7089404,0.7482031
2010-04-07 16:00:00,0.4307666666666667,0.7770333333333334,1.1029611713791831,0.7325351,1.128903,0.57030004,0.8496015
2010-04-07 17:00:00,0.3765,0.7379666666666667,1.1164766248014804,0.81000686,0.9656996,0.52446365,0.74508166
2010-04-07 18:00:00,0.4363333333333333,0.7172999999999999,1.2551295028503517,0.9115439,1.2238164,0.6698055,0.94681096
2010-04-07 19:00:00,0.7996,0.8582,1.4985004297693933,1.1968971,1.5549719,1.18726,1.3711159
2010-04-07 20:00:00,2.7102999999999997,3.1991,2.4214090945864406,1.8038659,2.2777033,1.7560017,2.0168524
2010-04-07 21:00:00,1.7610333333333337,2.5128666666666666,2.6817846733543362,2.7014592,2.5672688,1.9791987,2.273234
2010-04-07 22:00:00,1.3279666666666663,2.0876,2.532751866337116,1.6765944,1.5250504,1.4884053,1.5067279
2010-04-07 23:00:00,0.3599666666666666,0.8423333333333333,2.1376509314755676,0.52541363,0.91062194,0.8124195,0.8615207
2010-04-08 00:00:00,0.4013333333333334,0.3444333333333333,2.082185951225365,0.4427073,0.5684451,0.52794147,0.5481933
2010-04-08 01:00:00,0.9679666666666666,0.3646666666666666,2.0398455394227173,0.42434984,0.43213534,0.46000862,0.44607198
2010-04-08 02:00:00,0.5177333333333334,0.9345333333333332,1.9364742401825579,0.3615902,0.45281002,0.42623132,0.43952066
2010-04-08 03:00:00,0.3442666666666666,0.4786666666666666,1.8727003338830586,0.56818306,0.47049117,0.37710893,0.42380005
2010-04-08 04:00:00,0.3056333333333333,0.3989333333333333,1.9227583325814095,0.45636514,0.4883592,0.37089157,0.4296254
2010-04-08 05:00:00,0.3631333333333333,0.4297333333333333,1.8837835670024032,0.4532127,0.54304504,0.5300859,0.5365655
2010-04-08 06:00:00,0.6800333333333334,0.9964333333333334,2.1981613253637766,1.0996408,0.91652167,1.1797433,1.0481324
2010-04-08 07:00:00,2.0141,2.464066666666666,2.525316854333725,1.8711896,1.7162699,1.8214741,1.768872
2010-04-08 08:00:00,1.864866666666667,1.4139000000000002,2.79073786963074,1.7930726,1.7663431,1.6940731,1.7302082
2010-04-08 09:00:00,1.4587333333333334,1.3653666666666666,2.724323192044581,1.5750147,1.5952058,1.425306,1.5102558
2010-04-08 10:00:00,1.4527666666666663,1.4227999999999998,2.5742892556127788,1.3343664,1.4463786,1.2484912,1.3474349
2010-04-08 11:00:00,1.4484333333333332,1.9333333333333331,1.9925189807275174,1.2884096,1.1870563,1.1271222,1.1570892
2010-04-08 12:00:00,1.5700666666666665,1.6007333333333331,1.452379715999357,1.2572255,1.2668478,0.97364014,1.120244
2010-04-08 13:00:00,1.5657,1.6148,1.1317923681546522,1.455179,1.1978811,0.87175196,1.0348165
2010-04-08 14:00:00,1.2318666666666669,2.0127333333333333,1.1114237360915193,1.3785045,0.79351705,0.69358385,0.7435504
2010-04-08 15:00:00,0.4037666666666666,0.6387666666666667,1.106253462302442,0.7395606,0.7670158,0.57604057,0.6715282
2010-04-08 16:00:00,0.3568333333333333,0.4307666666666667,1.10088143828409,0.46380234,0.83528453,0.4908945,0.6630895
2010-04-08 17:00:00,0.5580666666666667,0.3765,1.1143968917063876,0.5035662,0.9038557,0.557002,0.7304288
2010-04-08 18:00:00,0.8494666666666667,0.4363333333333333,1.253049769755259,0.98543334,1.097871,0.78309673,0.9404838
2010-04-08 19:00:00,1.5706,0.7996,1.4964206966743006,1.4515672,1.567732,1.2715979,1.4196649
2010-04-08 20:00:00,2.6542666666666666,2.7102999999999997,2.4193293614913474,2.7027895,2.0296142,1.8547064,1.9421604
2010-04-08 21:00:00,2.519433333333333,1.7610333333333337,2.679704940259243,2.5760417,2.277405,2.084174,2.1807895
2010-04-08 22:00:00,1.9635,1.3279666666666663,2.5306721332420232,1.5039802,1.5748837,1.5617936,1.5683386
2010-04-08 23:00:00,0.4244333333333333,0.3599666666666666,2.135571198380475,0.9653033,1.0318239,0.83704174,0.9344328
2010-04-09 00:00:00,0.3154333333333333,0.4013333333333334,2.080106218130272,0.4129198,0.5460511,0.5386952,0.5423732
2010-04-09 01:00:00,0.3314666666666667,0.9679666666666666,2.037765806327624,0.3901789,0.50555843,0.4972515,0.501405
2010-04-09 02:00:00,0.2853666666666666,0.5177333333333334,1.9343945070874646,0.4112382,0.47684816,0.48768908,0.48226863
2010-04-09 03:00:00,0.3654,0.3442666666666666,1.8706206007879653,0.38313922,0.47796628,0.4358524,0.45690936
2010-04-09 04:00:00,0.3559666666666666,0.3056333333333333,1.9206785994863165,0.4357647,0.436721,0.3626833,0.39970213
2010-04-09 05:00:00,0.3725,0.3631333333333333,1.8817038339073102,0.41734186,0.44738317,0.38924307,0.41831312
2010-04-09 06:00:00,0.8643333333333333,0.6800333333333334,2.196081592268684,1.048785,1.0661572,0.81028867,0.93822294
2010-04-09 07:00:00,2.0195333333333334,2.0141,2.523237121238632,2.0235903,1.9190269,1.5821161,1.7505715
2010-04-09 08:00:00,2.094133333333333,1.864866666666667,2.7886581365356466,1.8885709,1.8430812,1.7371466,1.7901139
2010-04-09 09:00:00,1.9298333333333333,1.4587333333333334,2.722243458949488,1.9534191,1.5636052,1.6016465,1.5826259
2010-04-09 10:00:00,1.4441666666666668,1.4527666666666663,2.5722095225176855,1.4905051,1.4559695,1.4573233,1.4566464
2010-04-09 11:00:00,1.4656999999999998,1.4484333333333332,1.9904392476324244,1.2665184,1.165805,1.2815633,1.2236841
2010-04-09 12:00:00,1.2059666666666666,1.5700666666666665,1.4502999829042638,1.3754153,1.2660455,1.081078,1.1735618
2010-04-09 13:00:00,0.3365333333333333,1.5657,1.129712635059559,0.8613674,0.89089525,0.9019938,0.89644456
2010-04-09 14:00:00,0.4758,1.2318666666666669,1.1093440029964263,0.57179344,0.8793964,0.7560346,0.8177155
2010-04-09 15:00:00,0.4388333333333333,0.4037666666666666,1.104173729207349,0.6631986,1.0952301,0.6484305,0.87183034
2010-04-09 16:00:00,1.399066666666667,0.3568333333333333,1.098801705188997,0.6554191,1.1342355,0.58650166,0.8603686
2010-04-09 17:00:00,1.2937666666666667,0.5580666666666667,1.1123171586112943,1.1666515,1.1048806,0.5792693,0.84207493
2010-04-09 18:00:00,0.4564333333333333,0.8494666666666667,1.2509700366601657,0.97132045,0.87656695,0.6583073,0.7674371
2010-04-09 19:00:00,0.5301333333333333,1.5706,1.4943409635792073,1.1504649,1.5177716,1.0060465,1.261909
2010-04-09 20:00:00,0.4002,2.6542666666666666,2.4172496283962546,1.3919652,1.8470733,1.5453672,1.6962203
2010-04-09 21:00:00,0.5481999999999999,2.519433333333333,2.6776252071641498,0.9555436,2.1779969,1.7510548,1.9645258
2010-04-09 22:00:00,1.1739666666666666,1.9635,2.52859240014693,1.1398284,1.6433113,1.394525,1.5189182
2010-04-09 23:00:00,0.4531,0.4244333333333333,2.1334914652853816,0.463768,0.86647457,0.7516837,0.8090792
2010-04-10 00:00:00,0.4239,0.3154333333333333,2.078026485035179,0.46063995,0.5981332,0.43163776,0.5148855
2010-04-10 01:00:00,0.3226333333333333,0.3314666666666667,2.0356860732325313,0.40922952,0.5202423,0.4334373,0.47683978
2010-04-10 02:00:00,0.3367333333333333,0.2853666666666666,1.9323147739923716,0.43346763,0.45962825,0.4480222,0.45382524
2010-04-10 03:00:00,0.2903666666666666,0.3654,1.8685408676928723,0.43939388,0.46875826,0.4273637,0.448061
2010-04-10 04:00:00,0.3520333333333333,0.3559666666666666,1.9185988663912232,0.39030045,0.46512714,0.41393852,0.43953282
2010-04-10 05:00:00,0.8264333333333334,0.3725,1.8796241008122172,0.41069156,0.4640104,0.4768821,0.47044623
2010-04-10 06:00:00,0.7959333333333334,0.8643333333333333,2.1940018591735906,0.67173296,0.804878,0.7463069,0.77559245
2010-04-10 07:00:00,2.013666666666667,2.0195333333333334,2.521157388143539,1.7934006,1.9820563,1.1570839,1.5695701
2010-04-10 08:00:00,1.4761333333333333,2.094133333333333,2.7865784034405534,1.8628403,1.8760089,1.4676522,1.6718305
2010-04-10 09:00:00,1.3856,1.9298333333333333,2.7201637258543947,1.4769465,1.5245266,1.6243737,1.5744501
2010-04-10 10:00:00,1.5903333333333334,1.4441666666666668,2.5701297894225923,1.4458555,1.6108245,1.6717381,1.6412814
2010-04-10 11:00:00,0.5234666666666666,1.4656999999999998,1.9883595145373314,1.626066,1.5877758,1.6517459,1.6197609
2010-04-10 12:00:00,0.5199,1.2059666666666666,1.4482202498091707,1.0734218,1.5877819,1.5982778,1.5930299
2010-04-10 13:00:00,0.3998666666666667,0.3365333333333333,1.127632901964466,0.8395907,1.4590585,1.5276953,1.493377
2010-04-10 14:00:00,0.2967666666666667,0.4758,1.107264269901333,0.69963115,1.4949979,1.442122,1.46856
2010-04-10 15:00:00,0.3648,0.4388333333333333,1.102093996112256,0.50762814,1.4457438,1.387956,1.4168499
2010-04-10 16:00:00,0.5153333333333333,1.399066666666667,1.0967219720939039,0.5949374,1.3903713,1.3887206,1.3895459
2010-04-10 17:00:00,1.342566666666667,1.2937666666666667,1.110237425516201,0.9607872,1.5226543,1.373995,1.4483247
2010-04-10 18:00:00,2.154233333333333,0.4564333333333333,1.2488903035650725,1.6923298,1.5810885,1.4617395,1.521414
2010-04-10 19:00:00,1.3529666666666669,0.5301333333333333,1.492261230484114,2.3653507,1.7316641,1.7413046,1.7364843
2010-04-10 20:00:00,0.7757000000000001,0.4002,2.4151698953011613,1.5641497,1.847781,2.2546933,2.051237
2010-04-10 21:00:00,0.3561333333333333,0.5481999999999999,2.6755454740690565,1.3080667,1.9105223,2.4122994,2.1614108
2010-04-10 22:00:00,0.8430666666666667,1.1739666666666666,2.5265126670518367,0.56415737,1.8107713,1.9569955,1.8838835
2010-04-10 23:00:00,0.5782333333333334,0.4531,2.1314117321902883,0.6157093,1.6086972,1.3140984,1.4613978
2010-04-11 00:00:00,1.3165,0.4239,2.075946751940086,0.4978978,0.9812941,0.9804018,0.98084795
2010-04-11 01:00:00,0.3274666666666667,0.3226333333333333,2.033606340137438,0.52690583,0.70688534,0.84868443,0.7777849
2010-04-11 02:00:00,0.3193666666666666,0.3367333333333333,1.9302350408972786,0.35834864,0.6984578,0.8055211,0.7519894
2010-04-11 03:00:00,0.3242333333333333,0.2903666666666666,1.8664611345977793,0.41484067,0.64221704,0.7473294,0.6947732
2010-04-11 04:00:00,0.2939666666666667,0.3520333333333333,1.9165191332961302,0.4317019,0.5186115,0.7155242,0.6170678
2010-04-11 05:00:00,0.3772,0.8264333333333334,1.877544367717124,0.38082057,0.53670514,0.6979908,0.61734796
2010-04-11 06:00:00,0.3535,0.7959333333333334,2.1919221260784973,0.55700076,0.7346046,0.7114657,0.72303516
2010-04-11 07:00:00,0.3981333333333333,2.013666666666667,2.519077655048446,0.7310537,1.0633597,0.781324,0.9223419
2010-04-11 08:00:00,0.6519999999999999,1.4761333333333333,2.78449867034546,0.77581275,0.9786491,0.91809237,0.9483707
2010-04-11 09:00:00,2.0326,1.3856,2.718083992759302,1.1094058,1.4046998,1.0712591,1.2379794
2010-04-11 10:00:00,1.159266666666667,1.5903333333333334,2.5680500563274995,1.8597863,1.4000666,1.225756,1.3129113
2010-04-11 11:00:00,1.2858666666666667,0.5234666666666666,1.9862797814422382,0.9773054,1.5054609,1.3580124,1.4317367
2010-04-11 12:00:00,1.6204,0.5199,1.4461405167140777,1.0531081,1.4062918,1.4463669,1.4263294
2010-04-11 13:00:00,1.5185333333333333,0.3998666666666667,1.125553168869373,1.6533158,1.4460837,1.5085146,1.4772992
2010-04-11 14:00:00,0.3952333333333333,0.2967666666666667,1.10518453680624,1.5150765,1.3862904,1.4971766,1.4417336
2010-04-11 15:00:00,0.3291,0.3648,1.1000142630171628,0.8343432,1.5204173,1.5764072,1.5484123
2010-04-11 16:00:00,0.5385084745762712,0.5153333333333333,1.0946422389988106,0.62653005,1.2168945,1.6410725,1.4289834
2010-04-11 17:00:00,0.4254666666666666,1.342566666666667,1.1081576924211078,0.9575875,1.3160245,1.8220625,1.5690435
2010-04-11 18:00:00,1.7712666666666663,2.154233333333333,1.2468105704699797,0.8196181,1.6625288,2.1064687,1.8844987
2010-04-11 19:00:00,1.6739666666666666,1.3529666666666669,1.4901814973890213,1.9638819,1.7330114,2.443996,2.0885036
2010-04-11 20:00:00,3.816133333333333,0.7757000000000001,2.4130901622060685,2.2451286,1.7218548,2.7415905,2.2317226
2010-04-11 21:00:00,3.8831333333333338,0.3561333333333333,2.6734657409739633,2.8943958,1.6596324,2.7113538,2.185493
2010-04-11 22:00:00,1.5665666666666669,0.8430666666666667,2.524432933956744,2.430568,1.6576104,2.1707025,1.9141564
2010-04-11 23:00:00,0.3440666666666667,0.5782333333333334,2.1293319990951955,0.90494907,1.0620501,1.4370148,1.2495325
2010-04-12 00:00:00,0.3896666666666666,1.3165,2.0738670188449926,0.41115466,0.5847225,1.0834405,0.83408153
2010-04-12 01:00:00,0.3616333333333333,0.3274666666666667,2.031526607042345,0.39314348,0.51138306,0.6136142,0.5624986
2010-04-12 02:00:00,0.3747666666666667,0.3193666666666666,1.9281553078021854,0.35844994,0.4892918,0.57215023,0.530721
2010-04-12 03:00:00,0.7748,0.3242333333333333,1.864381401502686,0.4049178,0.4677692,0.52603835,0.49690378
2010-04-12 04:00:00,0.3863666666666666,0.2939666666666667,1.9144394002010372,0.40749687,0.48361084,0.4969709,0.49029088
2010-04-12 05:00:00,0.3044,0.3772,1.875464634622031,0.586317,0.46678293,0.584217,0.52549994
2010-04-12 06:00:00,0.8105666666666667,0.3535,2.1898423929834046,0.6799685,0.81331116,0.9697307,0.8915209
2010-04-12 07:00:00,1.997,0.3981333333333333,2.5169979219533527,1.4549409,1.38024,1.7106793,1.5454596
2010-04-12 08:00:00,1.4841,0.6519999999999999,2.7824189372503674,1.6573195,1.2143009,1.8844917,1.5493963
2010-04-12 09:00:00,1.405066666666667,2.0326,2.7160042596642087,1.3826975,1.4695827,1.5490627,1.5093226
2010-04-12 10:00:00,1.4629,1.159266666666667,2.5659703232324063,1.5240936,1.2431912,1.2685434,1.2558672
2010-04-12 11:00:00,1.7349,1.2858666666666667,1.9842000483471451,1.3184786,1.1582234,1.1133168,1.1357701
2010-04-12 12:00:00,1.7339666666666669,1.6204,1.4440607836189845,1.7573422,0.9391099,1.0033029,0.9712064
2010-04-12 13:00:00,1.4684333333333333,1.5185333333333333,1.1234734357742797,1.7120458,0.8907904,0.89041436,0.89060235
2010-04-12 14:00:00,1.3401333333333334,0.3952333333333333,1.103104803711147,1.2697899,0.8608349,0.7495686,0.80520177
2010-04-12 15:00:00,0.3314,0.3291,1.0979345299220697,0.9238528,0.9240409,0.65975195,0.79189646
2010-04-12 16:00:00,0.2936666666666667,0.5385084745762712,1.0925625059037176,0.45324418,0.9359978,0.6750393,0.8055185
2010-04-12 17:00:00,0.5500333333333334,0.4254666666666666,1.106077959326015,0.48121935,0.73604435,0.8304179,0.78323114
2010-04-12 18:00:00,0.7302,1.7712666666666663,1.2447308373748864,1.0530026,1.1970099,1.1303301,1.1636701
2010-04-12 19:00:00,1.4279333333333333,1.6739666666666666,1.488101764293928,1.3454561,1.5939447,1.6667497,1.6303473
2010-04-12 20:00:00,2.2655000000000003,3.816133333333333,2.4110104291109753,1.8324839,1.5306463,2.176452,1.8535491
2010-04-12 21:00:00,1.3588999999999998,3.8831333333333338,2.6713860078788705,2.2544887,1.9148681,1.9603813,1.9376247
2010-04-12 22:00:00,0.6724,1.5665666666666669,2.5223532008616507,1.2162584,1.3855928,1.0682243,1.2269086
2010-04-12 23:00:00,0.3317,0.3440666666666667,2.1272522660001023,0.51134384,0.84855074,0.47310334,0.66082704
2010-04-13 00:00:00,0.9997666666666666,0.3896666666666666,2.0717872857498993,0.42370075,0.57735807,0.32704037,0.45219922
2010-04-13 01:00:00,0.3071666666666666,0.3616333333333333,2.0294468739472515,0.29627088,0.480826,0.35655642,0.41869122
2010-04-13 02:00:00,0.4012333333333334,0.3747666666666667,1.9260755747070923,0.37044084,0.48486757,0.37933296,0.43210027
2010-04-13 03:00:00,0.3488666666666666,0.7748,1.862301668407593,0.45118183,0.4964593,0.37685537,0.43665734
2010-04-13 04:00:00,0.3176666666666667,0.3863666666666666,1.912359667105944,0.37181494,0.4613879,0.36463982,0.41301388
2010-04-13 05:00:00,0.2788,0.3044,1.873384901526938,0.5197219,0.43776068,0.46354008,0.4506504
2010-04-13 06:00:00,1.0050666666666668,0.8105666666666667,2.1877626598883113,0.7703543,0.83150536,1.1537806,0.992643
2010-04-13 07:00:00,2.116,1.997,2.51491818885826,1.6837626,1.4826186,1.8021823,1.6424005
2010-04-13 08:00:00,2.0842666666666667,1.4841,2.780339204155274,1.6886586,1.6267982,1.6829479,1.654873
2010-04-13 09:00:00,1.4886666666666666,1.405066666666667,2.7139245265691154,1.7520121,1.5449055,1.5292364,1.537071
2010-04-13 10:00:00,1.5477666666666667,1.4629,2.563890590137313,1.4762288,1.4212275,1.4113268,1.4162772
2010-04-13 11:00:00,1.7817666666666667,1.7349,1.9821203152520521,1.4527601,1.3063232,1.3346845,1.3205038
2010-04-13 12:00:00,1.449633333333333,1.7339666666666669,1.4419810505238915,1.6292539,1.2492949,1.3339318,1.2916133
2010-04-13 13:00:00,1.5696,1.4684333333333333,1.1213937026791867,1.344255,1.1851215,1.2933048,1.2392132
2010-04-13 14:00:00,0.8865999999999999,1.3401333333333334,1.1010250706160538,1.4868891,1.3169478,1.1312683,1.224108
2010-04-13 15:00:00,0.4253666666666666,0.3314,1.0958547968269767,0.85001785,1.1628671,0.9017398,1.0323035
2010-04-13 16:00:00,1.0045,0.2936666666666667,1.0904827728086246,1.237597,0.7623079,0.745243,0.7537755
2010-04-13 17:00:00,0.9540333333333334,0.5500333333333334,1.1039982262309218,0.88419497,0.8678013,0.64400804,0.7559047
2010-04-13 18:00:00,0.6030333333333334,0.7302,1.2426511042797932,1.2023286,1.02913,0.7116483,0.8703891
2010-04-13 19:00:00,1.5782,1.4279333333333333,1.4860220311988348,1.2485765,1.6230062,1.110888,1.3669472
2010-04-13 20:00:00,1.3364666666666667,2.2655000000000003,2.408930696015882,1.4142948,1.9721049,1.7329905,1.8525476
2010-04-13 21:00:00,1.7043666666666666,1.3588999999999998,2.6693062747837777,1.177053,2.22165,2.1081395,2.1648946
2010-04-13 22:00:00,0.6781333333333334,0.6724,2.5202734677665575,1.1931248,1.3903687,1.6216996,1.5060341
2010-04-13 23:00:00,0.3447666666666666,0.3317,2.125172532905009,0.5647694,0.84561104,0.62956727,0.7375891
2010-04-14 00:00:00,0.3592666666666667,0.9997666666666666,2.0697075526548065,0.40848133,0.52181226,0.3564611,0.43913668
2010-04-14 01:00:00,0.3298333333333333,0.3071666666666666,2.0273671408521583,0.44805315,0.4389275,0.39732724,0.41812736
2010-04-14 02:00:00,0.2924333333333333,0.4012333333333334,1.9239958416119993,0.40953967,0.45138124,0.38560003,0.41849065
2010-04-14 03:00:00,0.3695333333333333,0.3488666666666666,1.8602219353125,0.38171652,0.46198225,0.35447818,0.40823022
2010-04-14 04:00:00,0.3865666666666666,0.3176666666666667,1.910279934010851,0.38282278,0.45379555,0.33883554,0.39631554
2010-04-14 05:00:00,1.0016666666666667,0.2788,1.8713051684318447,0.45926493,0.445131,0.4992265,0.47217876
2010-04-14 06:00:00,0.8946666666666666,1.0050666666666668,2.185682926793218,0.9500641,0.9986269,1.2140324,1.1063297
2010-04-14 07:00:00,2.4942,2.116,2.5128384557631667,2.307423,2.1072752,1.7867821,1.9470286
2010-04-14 08:00:00,1.4331333333333334,2.0842666666666667,2.7782594710601813,1.8540033,1.7660351,1.5800445,1.6730398
2010-04-14 09:00:00,1.4665666666666666,1.4886666666666666,2.7118447934740226,1.3251734,1.5247109,1.3783582,1.4515345
2010-04-14 10:00:00,1.5498666666666667,1.5477666666666667,2.5618108570422202,1.3096188,1.4414254,1.2538404,1.3476329
2010-04-14 11:00:00,2.185,1.7817666666666667,1.9800405821569589,1.5452086,1.3264439,1.1766794,1.2515616
2010-04-14 12:00:00,0.4440666666666666,1.449633333333333,1.4399013174287985,1.9661313,1.2770576,1.1170038,1.1970308
2010-04-14 13:00:00,2.3072999999999997,1.5696,1.1193139695840937,0.57623494,1.223758,1.0336336,1.1286957
2010-04-14 14:00:00,2.3629666666666664,0.8865999999999999,1.0989453375209608,1.0003998,1.1654557,0.8859594,1.0257075
2010-04-14 15:00:00,1.5040333333333331,0.4253666666666666,1.0937750637318835,1.2148287,0.85979,0.79542613,0.8276081
2010-04-14 16:00:00,0.4085666666666666,1.0045,1.0884030397135314,1.1892382,0.78753954,0.6580391,0.7227893
2010-04-14 17:00:00,0.3639,0.9540333333333334,1.1019184931358286,0.60287863,0.8127317,0.6355581,0.72414494
2010-04-14 18:00:00,0.3764666666666666,0.6030333333333334,1.2405713711847004,0.7155649,0.88569725,0.6643076,0.7750024
2010-04-14 19:00:00,1.1309333333333331,1.5782,1.483942298103742,0.94886327,1.6040069,0.9602999,1.2821534
2010-04-14 20:00:00,2.422433333333333,1.3364666666666667,2.406850962920789,1.1494093,1.4766169,1.6315461,1.5540814
2010-04-14 21:00:00,1.7586000000000002,1.7043666666666666,2.6672265416886844,2.4555776,1.9304425,1.9420052,1.9362237
2010-04-14 22:00:00,1.4196,0.6781333333333334,2.5181937346714647,2.1739151,1.3553132,1.5106992,1.4330062
2010-04-14 23:00:00,0.4111333333333333,0.3447666666666666,2.1230927998099163,0.58507603,0.8653639,0.7097645,0.78756416
2010-04-15 00:00:00,0.3945999999999999,0.3592666666666667,2.0676278195597133,0.376508,0.5638645,0.3853938,0.47462916
2010-04-15 01:00:00,0.3522,0.3298333333333333,2.0252874077570655,0.34096354,0.49193233,0.37840188,0.4351671
2010-04-15 02:00:00,0.8861000000000001,0.2924333333333333,1.921916108516906,0.36405316,0.4259209,0.3935846,0.40975276
2010-04-15 03:00:00,0.4234666666666667,0.3695333333333333,1.8581422022174068,0.32562122,0.44690403,0.37606663,0.4114853
2010-04-15 04:00:00,0.2987666666666667,0.3865666666666666,1.908200200915758,0.50810957,0.47223064,0.34756732,0.409899
2010-04-15 05:00:00,0.3627333333333333,1.0016666666666667,1.8692254353367517,0.40986544,0.47053447,0.43960255,0.45506853
2010-04-15 06:00:00,1.0069666666666666,0.8946666666666666,2.1836031936981253,1.0224444,0.92928284,1.0354242,0.98235357
2010-04-15 07:00:00,1.9865,2.4942,2.5107587226680734,2.1975796,2.0742853,1.690232,1.8822587
2010-04-15 08:00:00,1.8532,1.4331333333333334,2.776179737965088,1.5902,1.6763256,1.5429807,1.6096531
2010-04-15 09:00:00,1.3820333333333332,1.4665666666666666,2.7097650603789294,1.5291809,1.374714,1.2546256,1.3146698
2010-04-15 10:00:00,1.378,1.5498666666666667,2.559731123947127,1.1972115,1.2503281,1.0411258,1.1457269
2010-04-15 11:00:00,1.3643666666666665,2.185,1.9779608490618659,1.0965291,0.9563813,0.9080967,0.932239
2010-04-15 12:00:00,1.5094,0.4440666666666666,1.4378215843337052,1.2273707,1.2581993,0.80982447,1.0340118
2010-04-15 13:00:00,1.7104,2.3072999999999997,1.1172342364890004,1.3038576,0.82920146,0.7325163,0.7808589
2010-04-15 14:00:00,1.6801666666666668,2.3629666666666664,1.0968656044258678,1.4042568,0.7139573,0.65351486,0.6837361
2010-04-15 15:00:00,1.4267666666666663,1.5040333333333331,1.0916953306367905,1.4362967,0.56427187,0.5756473,0.5699596
2010-04-15 16:00:00,1.2857666666666667,0.4085666666666666,1.0863233066184383,1.1764944,0.67376155,0.52887756,0.60131955
2010-04-15 17:00:00,0.9111,0.3639,1.0998387600407358,0.9522254,0.8148935,0.5650961,0.6899948
2010-04-15 18:00:00,1.1346333333333334,0.3764666666666666,1.2384916380896072,1.0570774,0.97111505,0.73460543,0.8528602
2010-04-15 19:00:00,1.7718333333333334,1.1309333333333331,1.4818625650086488,2.140998,1.4596957,1.3280226,1.3938591
2010-04-15 20:00:00,2.0857666666666668,2.422433333333333,2.404771229825696,2.1102774,1.8008626,1.7834342,1.7921484
2010-04-15 21:00:00,3.0281666666666665,1.7586000000000002,2.665146808593591,2.4606752,1.9911373,1.8674985,1.929318
2010-04-15 22:00:00,2.2937999999999996,1.4196,2.5161140015763714,1.7461547,1.380539,1.2888434,1.3346912
2010-04-15 23:00:00,0.6762333333333334,0.4111333333333333,2.121013066714823,1.0114466,0.82173294,0.55967283,0.6907029
2010-04-16 00:00:00,0.3933333333333333,0.3945999999999999,2.06554808646462,0.45784682,0.5622169,0.27323407,0.41772547
2010-04-16 01:00:00,0.3726333333333333,0.3522,2.0232076746619727,0.44653052,0.46580538,0.34094912,0.40337723
2010-04-16 02:00:00,0.3928666666666666,0.8861000000000001,1.919836375421813,0.42861578,0.45938882,0.34740037,0.40339458
2010-04-16 03:00:00,0.4246666666666667,0.4234666666666667,1.8560624691223138,0.40744284,0.4564819,0.34707648,0.40177917
2010-04-16 04:00:00,0.3111666666666667,0.2987666666666667,1.9061204678206647,0.40676695,0.42470634,0.34327424,0.3839903
2010-04-16 05:00:00,0.3560666666666667,0.3627333333333333,1.8671457022416587,0.444244,0.44648674,0.42926192,0.43787432
2010-04-16 06:00:00,1.2841,1.0069666666666666,2.181523460603032,1.074291,0.9526837,0.830164,0.8914238
2010-04-16 07:00:00,2.0726333333333335,1.9865,2.5086789895729806,1.809748,2.0266988,1.4158357,1.7212672
2010-04-16 08:00:00,1.8254,1.8532,2.774100004869995,1.8784441,1.91234,1.6494899,1.780915
2010-04-16 09:00:00,2.3511666666666664,1.3820333333333332,2.707685327283836,1.9255717,1.4403956,1.597964,1.5191798
2010-04-16 10:00:00,1.1840000000000002,1.378,2.5576513908520337,1.7396742,1.3103185,1.438555,1.3744367
2010-04-16 11:00:00,0.3980666666666667,1.3643666666666665,1.9758811159667728,0.8524557,1.2075689,1.212894,1.2102314
2010-04-16 12:00:00,2.0859666666666667,1.5094,1.4357418512386122,0.47021964,1.1240487,0.963797,1.0439229
2010-04-16 13:00:00,1.4597666666666669,1.7104,1.1151545033939074,1.5726023,0.94301814,0.7393118,0.84116495
2010-04-16 14:00:00,0.81,1.6801666666666668,1.0947858713307745,1.5821362,0.8580269,0.5888866,0.72345674
2010-04-16 15:00:00,1.0939333333333332,1.4267666666666663,1.0896155975416972,1.0078408,0.83588535,0.52101666,0.678451
2010-04-16 16:00:00,1.5556333333333332,1.2857666666666667,1.0842435735233453,0.7448273,1.0509789,0.53145236,0.79121566
2010-04-16 17:00:00,1.4293,0.9111,1.0977590269456425,1.4184597,1.0677645,0.57219434,0.8199794
2010-04-16 18:00:00,1.5908666666666669,1.1346333333333334,1.236411904994514,1.3577226,0.97861505,0.6786519,0.8286335
2010-04-16 19:00:00,2.0770666666666666,1.7718333333333334,1.4797828319135555,1.6223518,1.5761974,1.0134742,1.2948358
2010-04-16 20:00:00,0.6919333333333333,2.0857666666666668,2.402691496730603,2.277147,1.748046,1.4819515,1.6149988
2010-04-16 21:00:00,0.9129,3.0281666666666665,2.663067075498498,1.2477715,1.925323,1.6334319,1.7793775
2010-04-16 22:00:00,0.3702,2.2937999999999996,2.514034268481278,0.93333006,1.5728568,1.2694901,1.4211735
2010-04-16 23:00:00,0.5907,0.6762333333333334,2.11893333361973,0.42064896,0.78596544,0.6891072,0.7375363
2010-04-17 00:00:00,0.3913666666666666,0.3933333333333333,2.0634683533695273,0.57034725,0.56026155,0.38000578,0.47013366
2010-04-17 01:00:00,0.3883,0.3726333333333333,2.0211279415668795,0.47464463,0.52582794,0.4101885,0.46800822
2010-04-17 02:00:00,0.8707666666666666,0.3928666666666666,1.91775664232672,0.40100768,0.52160066,0.41117096,0.4663858
2010-04-17 03:00:00,0.5308666666666667,0.4246666666666667,1.8539827360272207,0.39752755,0.48962742,0.39862776,0.4441276
2010-04-17 04:00:00,0.3529666666666667,0.3111666666666667,1.9040407347255717,0.5322811,0.47218388,0.40721637,0.43970013
2010-04-17 05:00:00,0.3010666666666666,0.3560666666666667,1.8650659691465654,0.46616852,0.4900371,0.47473228,0.48238468
2010-04-17 06:00:00,0.6469666666666666,1.2841,2.179443727507939,0.7968874,0.84081453,0.6840723,0.7624434
2010-04-17 07:00:00,2.0411333333333332,2.0726333333333335,2.5065992564778874,2.1319163,1.776009,1.0207632,1.398386
2010-04-17 08:00:00,1.7394333333333334,1.8254,2.7720202717749016,1.7116085,1.576118,1.34833,1.462224
2010-04-17 09:00:00,1.8058,2.3511666666666664,2.7056055941887434,1.8131578,1.530657,1.6079133,1.5692852
2010-04-17 10:00:00,3.5854666666666666,1.1840000000000002,2.555571657756941,1.8836902,1.569024,1.7107152,1.6398696
2010-04-17 11:00:00,1.221666666666667,0.3980666666666667,1.9738013828716796,2.2479796,1.4671446,1.7042279,1.5856862
2010-04-17 12:00:00,1.2541,2.0859666666666667,1.4336621181435192,0.9375452,1.4464273,1.6741085,1.5602679
2010-04-17 13:00:00,0.6005333333333333,1.4597666666666669,1.1130747702988144,1.3630878,1.3590205,1.6187581,1.4888892
2010-04-17 14:00:00,1.6070666666666669,0.81,1.0927061382356815,0.90738714,1.2092502,1.5389657,1.374108
2010-04-17 15:00:00,1.6395000000000002,1.0939333333333332,1.0875358644466042,1.5608395,1.2632895,1.4471424,1.3552159
2010-04-17 16:00:00,1.5345,1.5556333333333332,1.082163840428252,1.5929741,1.2221848,1.388895,1.3055398
2010-04-17 17:00:00,1.4811,1.4293,1.0956792938505493,1.4536936,1.406468,1.3628204,1.3846443
2010-04-17 18:00:00,1.4724,1.5908666666666669,1.2343321718994211,1.4376003,1.5768226,1.3896072,1.4832149
2010-04-17 19:00:00,0.7461333333333333,2.0770666666666666,1.4777030988184627,1.573025,1.7669729,1.5682497,1.6676114
2010-04-17 20:00:00,0.3707333333333333,0.6919333333333333,2.40061176363551,0.8872935,1.6877897,1.9386944,1.813242
2010-04-17 21:00:00,0.3261,0.9129,2.6609873424034047,0.7278603,1.9305439,2.1007118,2.0156279
2010-04-17 22:00:00,0.3832,0.3702,2.511954535386185,0.53311646,1.6151316,1.7430661,1.6790988
2010-04-17 23:00:00,0.6707,0.5907,2.116853600524637,0.58147377,1.5719748,1.208576,1.3902754
2010-04-18 00:00:00,0.6803333333333333,0.3913666666666666,2.061388620274434,0.54299283,0.9070068,0.92021745,0.9136121
2010-04-18 01:00:00,0.3280333333333333,0.3883,2.0190482084717862,0.5235591,0.67559206,0.7629558,0.7192739
2010-04-18 02:00:00,0.7702666666666667,0.8707666666666666,1.9156769092316268,0.41087404,0.5935649,0.6966939,0.64512944
2010-04-18 03:00:00,0.8058,0.5308666666666667,1.8519030029321275,0.35153824,0.54323983,0.6317848,0.5875123
2010-04-18 04:00:00,0.3649333333333333,0.3529666666666667,1.9019610016304787,0.37195584,0.55113083,0.6006985,0.5759146
2010-04-18 05:00:00,0.4153333333333334,0.3010666666666666,1.8629862360514724,0.36660844,0.53855854,0.6115961,0.5750773
2010-04-18 06:00:00,0.3182666666666666,0.6469666666666666,2.177363994412846,0.61469024,0.6096028,0.7252555,0.66742915
2010-04-18 07:00:00,0.5133666666666666,2.0411333333333332,2.504519523382794,0.62253314,1.0346562,0.9817314,1.0081937
2010-04-18 08:00:00,0.4019333333333333,1.7394333333333334,2.7699405386798084,1.0845565,0.9343345,1.2664498,1.1003921
2010-04-18 09:00:00,0.4087333333333333,1.8058,2.70352586109365,0.90461177,1.3869107,1.5205761,1.4537435
2010-04-18 10:00:00,2.0007666666666664,3.5854666666666666,2.5534919246618477,0.650543,1.2516896,1.6901741,1.4709318
2010-04-18 11:00:00,1.9001,1.221666666666667,1.9717216497765866,1.754534,1.5155466,1.7582016,1.6368741
2010-04-18 12:00:00,2.2806333333333333,1.2541,1.431582385048426,1.8508557,1.4039671,1.7449957,1.5744815
2010-04-18 13:00:00,1.4932,0.6005333333333333,1.1109950372037212,1.8001682,1.4254656,1.6748886,1.5501771
2010-04-18 14:00:00,1.4144666666666663,1.6070666666666669,1.0906264051405883,1.5035839,1.2330276,1.5929853,1.4130064
2010-04-18 15:00:00,1.1437,1.6395000000000002,1.0854561313515112,1.3124264,1.1321244,1.5144621,1.3232932
2010-04-18 16:00:00,0.4060333333333333,1.5345,1.080084107333159,0.83469605,1.2854601,1.4711125,1.3782864
2010-04-18 17:00:00,0.3947666666666666,1.4811,1.0935995607554565,0.6708461,1.2174568,1.4621972,1.3398271
2010-04-18 18:00:00,1.2476333333333334,1.4724,1.2322524388043279,0.8934329,1.6453958,1.4652665,1.5553311
2010-04-18 19:00:00,1.6654000000000002,0.7461333333333333,1.4756233657233695,1.1192663,1.7718381,1.6083117,1.6900749
2010-04-18 20:00:00,1.822566666666667,0.3707333333333333,2.3985320305404167,1.8542749,1.794507,1.9149258,1.8547164
2010-04-18 21:00:00,2.1953,0.3261,2.658907609308312,1.9580241,1.8784924,2.0385292,1.9585108
2010-04-18 22:00:00,1.1287999999999998,0.3832,2.509874802291092,1.4227496,1.5091839,1.7144282,1.611806
2010-04-18 23:00:00,0.5014,0.6707,2.1147738674295438,0.5392991,0.94459385,1.2136202,1.079107
2010-04-19 00:00:00,0.3788,0.6803333333333333,2.059308887179341,0.5017079,0.5626607,0.9530202,0.75784045
2010-04-19 01:00:00,0.3616333333333333,0.3280333333333333,2.016968475376693,0.44225708,0.4618044,0.4983176,0.480061
2010-04-19 02:00:00,0.4412666666666666,0.7702666666666667,1.9135971761365338,0.36185288,0.47235656,0.4452561,0.45880634
2010-04-19 03:00:00,0.3892,0.8058,1.8498232698370345,0.4565159,0.4692283,0.4150188,0.44212353
2010-04-19 04:00:00,0.3544333333333333,0.3649333333333333,1.8998812685353854,0.44219708,0.4686668,0.39691675,0.43279177
2010-04-19 05:00:00,0.3192666666666666,0.4153333333333334,1.8609065029563794,0.48193383,0.46246734,0.4760576,0.46926248
2010-04-19 06:00:00,1.0650666666666666,0.3182666666666666,2.1752842613177528,0.8095435,0.86872077,0.9462975,0.90750915
2010-04-19 07:00:00,0.5800333333333333,0.5133666666666666,2.5024397902877014,1.4308045,1.7976354,1.4524156,1.6250255
2010-04-19 08:00:00,0.3746333333333334,0.4019333333333333,2.7678608055847156,1.0924633,1.4954551,1.3920827,1.443769
2010-04-19 09:00:00,1.0736,0.4087333333333333,2.701446127998557,0.6171659,1.3399543,1.2066097,1.273282
2010-04-19 10:00:00,2.2938,2.0007666666666664,2.5514121915667545,0.64267963,1.1097982,1.0677382,1.0887682
2010-04-19 11:00:00,1.798266666666667,1.9001,1.9696419166814936,2.106055,1.0874592,0.96778595,1.0276226
2010-04-19 12:00:00,1.699733333333333,2.2806333333333333,1.429502651953333,1.6347336,0.91824126,0.8411459,0.87969357
2010-04-19 13:00:00,1.5137,1.4932,1.1089153041086282,1.385421,0.80183697,0.7199684,0.76090264
2010-04-19 14:00:00,1.4145333333333334,1.4144666666666663,1.0885466720454953,1.299926,0.9595939,0.6551843,0.80738914
2010-04-19 15:00:00,1.4509666666666667,1.1437,1.083376398256418,1.207489,0.7492289,0.65221786,0.7007234
2010-04-19 16:00:00,1.473666666666667,0.4060333333333333,1.078004374238066,1.298018,0.6583989,0.66380954,0.6611042
2010-04-19 17:00:00,2.682733333333333,0.3947666666666666,1.0915198276603633,1.3300196,0.7189872,0.6689184,0.6939528
2010-04-19 18:00:00,2.1485333333333334,1.2476333333333334,1.2301727057092346,1.9230131,0.8978572,0.7918419,0.8448496
2010-04-19 19:00:00,2.1934666666666667,1.6654000000000002,1.4735436326282763,2.0032544,1.107331,1.0860802,1.0967057
2010-04-19 20:00:00,1.8416333333333337,1.822566666666667,2.3964522974453235,2.2558534,1.4311346,1.5034508,1.4672927
2010-04-19 21:00:00,1.6705,2.1953,2.6568278762132187,1.8405951,1.5353065,1.6482749,1.5917907
2010-04-19 22:00:00,0.6129333333333332,1.1287999999999998,2.507795069195999,1.1998614,1.2914438,1.348242,1.3198429
2010-04-19 23:00:00,0.3441666666666666,0.5014,2.1126941343344505,0.5128128,0.8461605,0.78608835,0.81612444
2010-04-20 00:00:00,1.0682666666666667,0.3788,2.057229154084248,0.39311817,0.56563336,0.46404928,0.5148413
2010-04-20 01:00:00,0.4288666666666667,0.3616333333333333,2.0148887422815998,0.23177749,0.48024747,0.42176533,0.4510064
2010-04-20 02:00:00,0.4137,0.4412666666666666,1.9115174430414408,0.39561066,0.4737179,0.38335985,0.42853886
2010-04-20 03:00:00,0.3510333333333333,0.3892,1.8477435367419415,0.3917546,0.46726438,0.3214739,0.39436913
2010-04-20 04:00:00,0.3545,0.3544333333333333,1.8978015354402924,0.46505517,0.46174827,0.2828846,0.37231642
2010-04-20 05:00:00,0.3012666666666667,0.3192666666666666,1.8588267698612861,0.47901317,0.45361802,0.45505917,0.4543386
2010-04-20 06:00:00,0.4444333333333333,1.0650666666666666,2.1732045282226595,1.0599015,0.9872738,1.1476868,1.0674803
2010-04-20 07:00:00,1.7821,0.5800333333333333,2.500360057192608,1.4078679,1.4999989,1.5629398,1.5314693
2010-04-20 08:00:00,1.5909000000000002,0.3746333333333334,2.765781072489623,1.6429923,1.4555118,1.3778011,1.4166565
2010-04-20 09:00:00,1.8861333333333332,1.0736,2.699366394903464,1.4055966,1.1655103,1.2133672,1.1894388
2010-04-20 10:00:00,1.8644666666666665,2.2938,2.5493324584716617,1.5354481,1.0219308,1.1106286,1.0662796
2010-04-20 11:00:00,1.5847666666666669,1.798266666666667,1.9675621835864003,1.6428103,1.2904313,1.0282111,1.1593212
2010-04-20 12:00:00,1.5754666666666668,1.699733333333333,1.42742291885824,1.3243587,1.1722444,0.93463486,1.0534396
2010-04-20 13:00:00,1.6598666666666666,1.5137,1.1068355710135351,1.3180922,1.2252666,0.83887994,1.0320733
2010-04-20 14:00:00,1.4857333333333334,1.4145333333333334,1.0864669389504023,1.3876544,1.0435888,0.7659558,0.9047723
2010-04-20 15:00:00,1.4511333333333334,1.4509666666666667,1.081296665161325,1.2076012,0.8563133,0.7397454,0.7980293
2010-04-20 16:00:00,1.5280333333333334,1.473666666666667,1.0759246411429728,1.1952276,0.8717306,0.7150271,0.79337883
2010-04-20 17:00:00,1.562533333333333,2.682733333333333,1.08944009456527,1.1773419,0.6064584,0.7385773,0.6725179
2010-04-20 18:00:00,1.2556333333333332,2.1485333333333334,1.2280929726141419,1.3920792,0.929991,0.95078593,0.94038844
2010-04-20 19:00:00,1.406,2.1934666666666667,1.4714638995331835,1.5543439,1.4673542,1.3781238,1.422739
2010-04-20 20:00:00,2.4154,1.8416333333333337,2.3943725643502303,1.9136142,1.7530923,1.7588391,1.7559657
2010-04-20 21:00:00,2.270566666666667,1.6705,2.654748143118126,2.4161932,2.1983283,1.8815315,2.0399299
2010-04-20 22:00:00,1.4235333333333335,0.6129333333333332,2.5057153361009057,1.5470908,1.3229933,1.3438646,1.3334289
2010-04-20 23:00:00,0.4561333333333334,0.3441666666666666,2.1106144012393577,0.5357413,0.889506,0.62145144,0.75547874
2010-04-21 00:00:00,0.9508333333333332,1.0682666666666667,2.0551494209891548,0.4351869,0.5735952,0.3603,0.46694762
2010-04-21 01:00:00,0.7458333333333333,0.4288666666666667,2.012809009186507,0.69657123,0.47994772,0.3882538,0.43410075
2010-04-21 02:00:00,0.3594666666666667,0.4137,1.9094377099463475,0.37280574,0.46586877,0.41105008,0.43845943
2010-04-21 03:00:00,0.3177,0.3510333333333333,1.8456638036468482,0.45241117,0.4849125,0.3896774,0.43729496
2010-04-21 04:00:00,0.4173333333333333,0.3545,1.8957218023451992,0.4473853,0.4892802,0.33605152,0.41266584
2010-04-21 05:00:00,0.4200666666666667,0.3012666666666667,1.8567470367661931,0.45955053,0.47399983,0.45809293,0.4660464
2010-04-21 06:00:00,0.4727666666666666,0.4444333333333333,2.1711247951275667,0.92888016,0.9573436,1.1976546,1.0774992
2010-04-21 07:00:00,1.1233333333333335,1.7821,2.498280324097515,1.6256531,1.8797449,1.7056496,1.7926972
2010-04-21 08:00:00,1.4977333333333334,1.5909000000000002,2.7637013393945296,1.0056165,1.4580244,1.4725194,1.465272
2010-04-21 09:00:00,1.2514333333333334,1.8861333333333332,2.697286661808371,1.4345914,1.3979483,1.2369566,1.3174524
2010-04-21 10:00:00,1.7870333333333333,1.8644666666666665,2.5472527253765684,1.1310757,1.3066527,1.1046623,1.2056575
2010-04-21 11:00:00,1.7057,1.5847666666666669,1.9654824504913073,1.8194941,1.5288132,1.0474803,1.2881467
2010-04-21 12:00:00,1.4616333333333331,1.5754666666666668,1.4253431857631467,1.4075049,1.0306768,1.0121354,1.0214062
2010-04-21 13:00:00,1.4520666666666666,1.6598666666666666,1.104755837918442,1.3106405,1.3320912,0.9603787,1.146235
2010-04-21 14:00:00,1.5217999999999998,1.4857333333333334,1.084387205855309,1.281056,1.2468829,0.8882017,1.0675423
2010-04-21 15:00:00,0.9395,1.4511333333333334,1.079216932066232,1.211335,1.1405045,0.8360703,0.9882874
2010-04-21 16:00:00,0.4578333333333333,1.5280333333333334,1.0738449080478798,0.653308,0.92346114,0.80151665,0.86248887
2010-04-21 17:00:00,1.2767333333333333,1.562533333333333,1.0873603614701772,0.529693,0.8771149,0.7932662,0.83519053
2010-04-21 18:00:00,1.3145666666666669,1.2556333333333332,1.2260132395190486,1.0201966,0.9981006,0.8202189,0.9091598
2010-04-21 19:00:00,0.5893333333333334,1.406,1.4693841664380902,1.1542782,1.4580705,1.0813608,1.2697157
2010-04-21 20:00:00,1.2491,2.4154,2.3922928312551375,1.4429232,1.9651985,1.61794,1.7915692
2010-04-21 21:00:00,1.6814666666666669,2.270566666666667,2.6526684100230327,1.9702485,2.1775112,2.0295537,2.1035323
2010-04-21 22:00:00,1.5153333333333334,1.4235333333333335,2.503635603005813,1.5387952,1.2927787,1.8176863,1.5552325
2010-04-21 23:00:00,1.8233,0.4561333333333334,2.1085346681442645,0.9918666,0.8408522,1.0486473,0.9447497
2010-04-22 00:00:00,0.6506000000000001,0.9508333333333332,2.0530696878940615,1.1165129,0.63229287,0.5513089,0.59180087
2010-04-22 01:00:00,0.3697999999999999,0.7458333333333333,2.010729276091414,0.5633354,0.4776539,0.46086413,0.46925902
2010-04-22 02:00:00,0.4421,0.3594666666666667,1.9073579768512545,0.3818555,0.44431683,0.42135715,0.432837
2010-04-22 03:00:00,0.4169666666666666,0.3177,1.8435840705517552,0.45254478,0.47514138,0.3506058,0.41287357
2010-04-22 04:00:00,0.9284333333333332,0.4173333333333333,1.8936420692501061,0.4501552,0.5106503,0.29627347,0.40346187
2010-04-22 05:00:00,0.4116666666666667,0.4200666666666667,1.8546673036710999,0.38249964,0.50393474,0.429767,0.46685088
2010-04-22 06:00:00,0.3484,0.4727666666666666,2.1690450620324735,1.0486397,0.93976563,1.1065071,1.0231364
2010-04-22 07:00:00,0.4622,1.1233333333333335,2.496200591002422,1.0918584,1.8069249,1.7768935,1.7919092
2010-04-22 08:00:00,0.8830666666666667,1.4977333333333334,2.7616216062994363,1.0885459,1.780641,1.6674027,1.7240219
2010-04-22 09:00:00,1.7109666666666667,1.2514333333333334,2.6952069287132776,1.087293,1.4566851,1.3909816,1.4238334
2010-04-22 10:00:00,1.8938,1.7870333333333333,2.545172992281475,1.4498259,1.3491597,1.2030966,1.2761282
2010-04-22 11:00:00,2.0479333333333334,1.7057,1.9634027173962143,1.6194452,1.2514818,1.0955116,1.1734967
2010-04-22 12:00:00,2.2072999999999996,1.4616333333333331,1.4232634526680537,1.7284815,1.216534,0.99788827,1.1072111
2010-04-22 13:00:00,1.9411,1.4520666666666666,1.1026761048233489,1.8268124,1.1640188,0.8809128,1.0224657
2010-04-22 14:00:00,1.5782333333333334,1.5217999999999998,1.082307472760216,1.7241317,1.1861593,0.74892515,0.9675422
2010-04-22 15:00:00,1.4151333333333334,0.9395,1.0771371989711387,1.5639836,1.1601436,0.6503016,0.9052226
2010-04-22 16:00:00,1.465,0.4578333333333333,1.0717651749527868,1.2486323,1.1360217,0.6056463,0.870834
2010-04-22 17:00:00,1.0300333333333334,1.2767333333333333,1.085280628375084,1.3578321,0.87929773,0.6123378,0.7458178
2010-04-22 18:00:00,0.4885333333333334,1.3145666666666669,1.2239335064239554,0.73541856,1.157003,0.7124003,0.9347017
2010-04-22 19:00:00,0.5151,0.5893333333333334,1.467304433342997,1.0984727,1.5861964,0.9422585,1.2642274
2010-04-22 20:00:00,0.8746333333333334,1.2491,2.3902130981600442,1.0586628,1.671253,1.4261638,1.5487084
2010-04-22 21:00:00,1.4799,1.6814666666666669,2.6505886769279394,1.6064186,2.1881847,1.8395722,2.0138783
2010-04-22 22:00:00,0.3690333333333333,1.5153333333333334,2.5015558699107197,1.1685625,1.5902257,1.6869118,1.6385688
2010-04-22 23:00:00,0.4184666666666666,1.8233,2.1064549350491713,0.5898067,0.96032244,1.0202929,0.9903077
2010-04-23 00:00:00,0.3996,0.6506000000000001,2.0509899547989687,0.44422543,0.6541082,0.61768425,0.6358962
2010-04-23 01:00:00,0.3092333333333333,0.3697999999999999,2.008649542996321,0.38601202,0.60729265,0.5285428,0.5679177
2010-04-23 02:00:00,0.3478,0.4421,1.9052782437561615,0.41268575,0.5517983,0.48299086,0.51739454
2010-04-23 03:00:00,0.3451666666666667,0.4169666666666666,1.8415043374566622,0.43847948,0.5533348,0.4219253,0.48763004
2010-04-23 04:00:00,0.369,0.9284333333333332,1.8915623361550131,0.46991515,0.5523015,0.3747244,0.46351296
2010-04-23 05:00:00,0.3976,0.4116666666666667,1.8525875705760069,0.4343028,0.5325305,0.41356874,0.4730496
2010-04-23 06:00:00,1.3673333333333335,0.3484,2.1669653289373803,0.88793194,0.966947,0.924003,0.945475
2010-04-23 07:00:00,0.8757333333333333,0.4622,2.494120857907329,1.5254729,1.5511686,1.5815718,1.5663702
2010-04-23 08:00:00,1.7224333333333337,0.8830666666666667,2.759541873204343,1.5803488,1.6238427,1.7014885,1.6626656
2010-04-23 09:00:00,1.5311666666666668,1.7109666666666667,2.693127195618185,1.5849534,1.383106,1.572936,1.478021
2010-04-23 10:00:00,1.5628,1.8938,2.5430932591863824,1.3891883,1.3543893,1.4048138,1.3796015
2010-04-23 11:00:00,1.4343333333333337,2.0479333333333334,1.961322984301121,1.391552,1.1309497,1.2578001,1.1943749
2010-04-23 12:00:00,1.4431666666666667,2.2072999999999996,1.4211837195729604,1.2733355,1.3026216,1.0718753,1.1872485
2010-04-23 13:00:00,1.4595,1.9411,1.1005963717282559,1.2274973,1.2494413,0.85848933,1.0539653
2010-04-23 14:00:00,1.5598666666666667,1.5782333333333334,1.080227739665123,1.239192,1.0114018,0.7183399,0.86487085
2010-04-23 15:00:00,0.7483333333333333,1.4151333333333334,1.0750574658760457,1.2687925,0.87750626,0.6259698,0.7517381
2010-04-23 16:00:00,0.4193,1.465,1.0696854418576935,0.6480284,0.9993972,0.59624285,0.79782003
2010-04-23 17:00:00,0.4064333333333333,1.0300333333333334,1.0832008952799907,0.5359561,1.0616457,0.59795856,0.82980216
2010-04-23 18:00:00,0.3511666666666667,0.4885333333333334,1.2218537733288626,0.7568793,1.2708772,0.6417101,0.9562937
2010-04-23 19:00:00,0.8642000000000001,0.5151,1.4652247002479042,0.8260699,1.4336253,0.868635,1.1511302
2010-04-23 20:00:00,0.6341,0.8746333333333334,2.3881333650649514,0.7128552,1.4023743,1.33724,1.3698071
2010-04-23 21:00:00,0.4115999999999999,1.4799,2.648508943832846,1.2642494,1.8663211,1.6477314,1.7570262
2010-04-23 22:00:00,0.3639333333333333,0.3690333333333333,2.4994761368156264,0.4592516,1.1899123,1.5166794,1.3532958
2010-04-23 23:00:00,0.3518,0.4184666666666666,2.1043752019540785,0.51737034,0.8558265,0.97994375,0.9178851
2010-04-24 00:00:00,0.3025333333333334,0.3996,2.0489102217038755,0.43491077,0.58013403,0.57939816,0.5797661
2010-04-24 01:00:00,0.3926333333333333,0.3092333333333333,2.0065698099012277,0.39434978,0.5801694,0.52452266,0.552346
2010-04-24 02:00:00,0.4345666666666667,0.3478,1.9031985106610683,0.36931935,0.5011769,0.5155722,0.5083746
2010-04-24 03:00:00,0.3771,0.3451666666666667,1.839424604361569,0.4464553,0.50963205,0.48399794,0.496815
2010-04-24 04:00:00,0.3519,0.369,1.8894826030599199,0.42240027,0.50764704,0.46767718,0.4876621
2010-04-24 05:00:00,1.0910333333333333,0.3976,1.8505078374809139,0.45777747,0.49394345,0.52826977,0.5111066
2010-04-24 06:00:00,0.3794666666666667,1.3673333333333335,2.1648855958422875,0.7282059,0.8966231,0.7872844,0.84195375
2010-04-24 07:00:00,0.4129666666666666,0.8757333333333333,2.4920411248122356,1.1145557,1.3509245,1.2168627,1.2838936
2010-04-24 08:00:00,0.3447666666666666,1.7224333333333337,2.75746214010925,0.82585585,1.5018555,1.5460479,1.5239518
2010-04-24 09:00:00,0.3543333333333333,1.5311666666666668,2.6910474625230916,0.5734632,1.3105811,1.6486828,1.4796319
2010-04-24 10:00:00,0.3441,1.5628,2.541013526091289,0.6749062,1.4466072,1.6304257,1.5385165
2010-04-24 11:00:00,0.3547666666666667,1.4343333333333337,1.959243251206028,0.61545795,1.3932437,1.60286,1.4980519
2010-04-24 12:00:00,0.5296333333333333,1.4431666666666667,1.4191039864778674,0.46553004,1.3462684,1.5766171,1.4614427
2010-04-24 13:00:00,0.6028,1.4595,1.0985166386331626,0.7428604,1.2644085,1.5334386,1.3989235
2010-04-24 14:00:00,0.5429999999999999,1.5598666666666667,1.0781480065700297,0.8051337,1.2728432,1.4486874,1.3607653
2010-04-24 15:00:00,1.2421333333333335,0.7483333333333333,1.0729777327809527,0.72105455,1.2251599,1.3391194,1.2821397
2010-04-24 16:00:00,0.6988,0.4193,1.0676057087626005,0.5701564,1.1976889,1.2595389,1.2286139
2010-04-24 17:00:00,1.6808333333333332,0.4064333333333333,1.081121162184898,1.044364,1.1560752,1.2179354,1.1870053
2010-04-24 18:00:00,2.4453,0.3511666666666667,1.2197740402337693,1.6872236,1.2957795,1.2234465,1.259613
2010-04-24 19:00:00,2.4780666666666664,0.8642000000000001,1.463144967152811,2.1534507,1.4842149,1.3726822,1.4284486
2010-04-24 20:00:00,2.0275000000000003,0.6341,2.386053631969858,2.0980759,1.2555139,1.7000294,1.4777716
2010-04-24 21:00:00,3.143333333333333,0.4115999999999999,2.6464292107377534,2.1139734,1.5559715,1.8888646,1.7224181
2010-04-24 22:00:00,3.0311999999999997,0.3639333333333333,2.4973964037205336,2.1856434,1.2649659,1.7289925,1.4969792
2010-04-24 23:00:00,1.7442,0.3518,2.102295468858985,1.653457,1.178853,1.2726277,1.2257404
2010-04-25 00:00:00,1.6366333333333334,0.3025333333333334,2.0468304886087823,1.701732,0.77811724,0.9074886,0.8428029
2010-04-25 01:00:00,2.7611333333333334,0.3926333333333333,2.0044900768061344,1.5404226,0.59734195,0.70657015,0.6519561
2010-04-25 02:00:00,1.933533333333333,0.4345666666666667,1.9011187775659752,2.0561655,0.61452574,0.6028393,0.6086825
2010-04-25 03:00:00,1.6507333333333334,0.3771,1.837344871266476,1.5659151,0.58265936,0.49660015,0.53962976
2010-04-25 04:00:00,1.866,0.3519,1.8874028699648269,1.6453522,0.50323296,0.4313686,0.46730077
2010-04-25 05:00:00,1.7733666666666668,1.0910333333333333,1.8484281043858206,1.7287208,0.5216733,0.42212266,0.471898
2010-04-25 06:00:00,0.4262666666666667,0.3794666666666667,2.162805862747194,1.5012367,0.61277896,0.5261583,0.5694686
2010-04-25 07:00:00,0.4166333333333333,0.4129666666666666,2.489961391717143,0.58911055,1.0578821,0.7883671,0.92312455
2010-04-25 08:00:00,0.4210666666666666,0.3447666666666666,2.755382407014157,0.706629,0.9001906,1.095133,0.99766177
2010-04-25 09:00:00,0.4200333333333333,0.3543333333333333,2.6889677294279983,0.691138,0.9979389,1.2477589,1.1228489
2010-04-25 10:00:00,1.9056666666666664,0.3441,2.538933792996196,0.84759974,1.1051228,1.3119348,1.2085288
2010-04-25 11:00:00,1.8239333333333336,0.3547666666666667,1.9571635181109348,1.4333094,1.3422977,1.322727,1.3325124
2010-04-25 12:00:00,1.9839666666666669,0.5296333333333333,1.4170242533827744,1.7372898,1.208173,1.3063643,1.2572687
2010-04-25 13:00:00,1.9141333333333332,0.6028,1.0964369055380696,1.6198756,1.254388,1.2887555,1.2715718
2010-04-25 14:00:00,0.7066,0.5429999999999999,1.0760682734749367,1.6564094,1.2088113,1.2312615,1.2200364
2010-04-25 15:00:00,0.4285333333333333,1.2421333333333335,1.0708979996858594,1.0803474,1.1926755,1.1895847,1.1911302
2010-04-25 16:00:00,0.4439333333333333,0.6988,1.0655259756675075,0.6172526,1.1414509,1.1591812,1.150316
2010-04-25 17:00:00,0.3283,1.6808333333333332,1.0790414290898047,0.68435085,1.3132893,1.1281905,1.2207398
2010-04-25 18:00:00,0.3827666666666667,2.4453,1.217694307138676,0.6883632,1.3075626,1.1463876,1.2269751
2010-04-25 19:00:00,0.4353666666666667,2.4780666666666664,1.4610652340577177,0.93256426,1.4627081,1.3067745,1.3847413
2010-04-25 20:00:00,0.3683333333333333,2.0275000000000003,2.383973898874765,0.9528621,1.4566432,1.5577557,1.5071995
2010-04-25 21:00:00,0.3678333333333333,3.143333333333333,2.64434947764266,0.6372076,1.9810553,1.574334,1.7776947
2010-04-25 22:00:00,0.9214333333333332,3.0311999999999997,2.4953166706254404,0.63601,1.5626435,1.2847463,1.4236948
2010-04-25 23:00:00,0.3961666666666666,1.7442,2.100215735763892,0.41918722,1.1926136,0.8909136,1.0417635
2010-04-26 00:00:00,0.4195,1.6366333333333334,2.0447507555136895,0.41610104,0.5590321,0.6665224,0.61277723
2010-04-26 01:00:00,0.3576,2.7611333333333334,2.002410343711041,0.38191956,0.4573772,0.30334353,0.38036036
2010-04-26 02:00:00,0.3525,1.933533333333333,1.8990390444708822,0.42136887,0.42825124,0.28062373,0.35443747
2010-04-26 03:00:00,0.3614666666666666,1.6507333333333334,1.835265138171383,0.4369925,0.44902587,0.27533555,0.3621807
2010-04-26 04:00:00,0.3989333333333333,1.866,1.8853231368697339,0.4614592,0.44638667,0.3001541,0.3732704
2010-04-26 05:00:00,0.3567,1.7733666666666668,1.8463483712907276,0.50489026,0.4712684,0.45262754,0.46194798
2010-04-26 06:00:00,0.3558333333333333,0.4262666666666667,2.160726129652101,0.8918557,0.9327905,0.9421462,0.93746835
2010-04-26 07:00:00,0.3583333333333333,0.4166333333333333,2.4878816586220496,0.8621043,1.2530761,1.4574946,1.3552854
2010-04-26 08:00:00,1.1722333333333337,0.4210666666666666,2.7533026739190642,0.7016325,1.1109484,1.4166081,1.2637782
2010-04-26 09:00:00,0.5755666666666667,0.4200333333333333,2.6868879963329055,0.8116802,1.1725731,1.1841681,1.1783706
2010-04-26 10:00:00,0.399,1.9056666666666664,2.536854059901103,0.82348925,1.1810629,1.0348439,1.1079534
2010-04-26 11:00:00,0.5157666666666667,1.8239333333333336,1.9550837850158418,0.5951126,0.9956241,0.95819134,0.97690773
2010-04-26 12:00:00,0.4146666666666666,1.9839666666666669,1.4149445202876811,0.7223575,1.0207995,0.869272,0.94503576
2010-04-26 13:00:00,0.5905666666666666,1.9141333333333332,1.0943571724429766,0.49079254,0.84348947,0.7516321,0.7975608
2010-04-26 14:00:00,0.4247666666666667,0.7066,1.0739885403798437,0.7933966,0.7630791,0.61317486,0.688127
2010-04-26 15:00:00,1.7113666666666667,0.4285333333333333,1.0688182665907664,1.0037886,0.84180105,0.5085393,0.6751702
2010-04-26 16:00:00,0.9776,0.4439333333333333,1.0634462425724143,1.1991317,0.83079123,0.44729924,0.63904524
2010-04-26 17:00:00,0.376,0.3283,1.0769616959947115,1.2410989,0.94327277,0.48172438,0.71249855
2010-04-26 18:00:00,0.4851333333333333,0.3827666666666667,1.2156145740435829,0.5415947,0.8959552,0.65676546,0.77636033
2010-04-26 19:00:00,1.4830333333333334,0.4353666666666667,1.458985500962625,0.8475987,1.2534803,1.0246446,1.1390624
2010-04-26 20:00:00,1.4643000000000002,0.3683333333333333,2.3818941657796717,1.3222094,1.3020518,1.5367991,1.4194255
2010-04-26 21:00:00,1.4257666666666668,0.3678333333333333,2.6422697445475674,1.453025,1.6044768,1.7821295,1.6933031
2010-04-26 22:00:00,2.1843333333333335,0.9214333333333332,2.493236937530347,1.1457385,1.3817024,1.3930125,1.3873575
2010-04-26 23:00:00,0.8843,0.3961666666666666,2.098136002668799,1.1691117,0.78894746,0.726343,0.75764525
2010-04-27 00:00:00,0.9056666666666668,0.4195,2.042671022418596,0.6125138,0.70741206,0.44795698,0.5776845
2010-04-27 01:00:00,0.8449333333333333,0.3576,2.0003306106159484,0.6189299,0.5472772,0.41014844,0.47871283
2010-04-27 02:00:00,0.8372666666666666,0.3525,1.896959311375789,0.60785145,0.5008492,0.39028603,0.4455676
2010-04-27 03:00:00,0.7849333333333333,0.3614666666666666,1.8331854050762897,0.6760089,0.4944798,0.33066726,0.41257352
2010-04-27 04:00:00,0.8844333333333334,0.3989333333333333,1.8832434037746406,0.66781276,0.49449834,0.26355582,0.37902707
2010-04-27 05:00:00,0.8394999999999999,0.3567,1.8442686381956346,0.71779937,0.5343508,0.31625116,0.425301
2010-04-27 06:00:00,0.8296666666666667,0.3558333333333333,2.158646396557008,1.0346023,0.7581844,0.88109326,0.81963885
2010-04-27 07:00:00,0.8049999999999999,0.3583333333333333,2.4858019255269563,1.6795918,1.1539612,1.5563205,1.3551409
2010-04-27 08:00:00,2.2631666666666663,1.1722333333333337,2.751222940823971,1.3589041,1.1489601,1.4619474,1.3054538
2010-04-27 09:00:00,1.5056666666666667,0.5755666666666667,2.6848082632378123,1.9903476,1.059796,1.2724259,1.166111
2010-04-27 10:00:00,1.4813,0.399,2.53477432680601,1.4339772,0.9739429,1.1608592,1.067401
2010-04-27 11:00:00,1.4488666666666667,0.5157666666666667,1.9530040519207488,1.370767,0.9556013,1.12017,1.0378857
2010-04-27 12:00:00,1.5308333333333333,0.4146666666666666,1.4128647871925881,1.3677399,0.9771899,1.0606457,1.0189178
2010-04-27 13:00:00,1.0180333333333331,0.5905666666666666,1.0922774393478833,1.3467294,0.921614,0.98067075,0.9511424
2010-04-27 14:00:00,0.5066,0.4247666666666667,1.0719088072847505,0.6631272,0.89290494,0.9315717,0.91223836
2010-04-27 15:00:00,0.4452333333333333,1.7113666666666667,1.0667385334956734,0.6502819,0.88233334,0.86816895,0.8752512
2010-04-27 16:00:00,0.4316,0.9776,1.0613665094773213,0.543509,0.8635604,0.8107512,0.8371558
2010-04-27 17:00:00,0.3381666666666666,0.376,1.0748819628996187,0.58614975,0.8115486,0.77997184,0.7957602
2010-04-27 18:00:00,0.4135333333333333,0.4851333333333333,1.21353484094849,0.6619196,0.79862267,0.7609644,0.7797935
2010-04-27 19:00:00,0.3387,1.4830333333333334,1.4569057678675317,0.9634744,1.1388359,0.882361,1.0105984
2010-04-27 20:00:00,0.4153,1.4643000000000002,2.379814432684579,0.67889374,1.3064125,1.2509336,1.278673
2010-04-27 21:00:00,0.3497,1.4257666666666668,2.640190011452474,0.7927345,1.4591621,1.6507213,1.5549417
2010-04-27 22:00:00,0.4431333333333333,2.1843333333333335,2.4911572044352543,0.595464,1.2457688,1.5823348,1.4140518
2010-04-27 23:00:00,1.1877666666666669,0.8843,2.096056269573706,0.62064826,0.87809306,1.0356632,0.9568782
2010-04-28 00:00:00,0.4158333333333333,0.9056666666666668,2.040591289323503,0.2951782,0.5160096,0.6066066,0.56130815
2010-04-28 01:00:00,0.3376666666666666,0.8449333333333333,1.9982508775208554,0.41572252,0.4829465,0.47183782,0.47739214
2010-04-28 02:00:00,0.351,0.8372666666666666,1.894879578280696,0.4360071,0.48630232,0.41347247,0.4498874
2010-04-28 03:00:00,0.3227666666666666,0.7849333333333333,1.8311056719811967,0.44128808,0.48459306,0.35474426,0.41966867
2010-04-28 04:00:00,0.4040666666666667,0.8844333333333334,1.8811636706795476,0.39906874,0.47425565,0.32386315,0.3990594
2010-04-28 05:00:00,0.3438,0.8394999999999999,1.8421889051005413,0.47181746,0.49760824,0.44062763,0.46911794
2010-04-28 06:00:00,0.3529333333333333,0.8296666666666667,2.156566663461915,0.8589099,0.83231837,1.0415807,0.9369495
2010-04-28 07:00:00,0.3698333333333333,0.8049999999999999,2.4837221924318635,1.0723897,1.2757903,1.5933332,1.4345617
2010-04-28 08:00:00,0.381,2.2631666666666663,2.7491432077288778,0.88820624,1.6054599,1.4566362,1.531048
2010-04-28 09:00:00,0.7454333333333333,1.5056666666666667,2.682728530142719,0.644184,1.1523976,1.2314568,1.1919272
2010-04-28 10:00:00,1.4462000000000002,1.4813,2.5326945937109167,0.5759112,1.0741156,1.0779744,1.076045
2010-04-28 11:00:00,1.0110333333333332,1.4488666666666667,1.9509243188256555,1.1781497,1.0371093,0.99362093,1.0153651
2010-04-28 12:00:00,0.4606666666666666,1.5308333333333333,1.410785054097495,0.708258,0.9172193,0.92861426,0.92291677
2010-04-28 13:00:00,0.3248666666666667,1.0180333333333331,1.0901977062527903,0.6096958,0.99348205,0.83155924,0.91252065
2010-04-28 14:00:00,0.3882333333333333,0.5066,1.0698290741896574,0.457576,1.0646175,0.68797386,0.8762957
2010-04-28 15:00:00,0.3867333333333333,0.4452333333333333,1.0646588004005801,0.58312446,0.82490003,0.58760965,0.70625484
2010-04-28 16:00:00,0.4402333333333333,0.4316,1.0592867763822282,0.47154388,0.69248044,0.6166725,0.6545765
2010-04-28 17:00:00,0.3794333333333333,0.3381666666666666,1.0728022298045254,0.64966744,0.99814546,0.6289213,0.81353337
2010-04-28 18:00:00,0.4744666666666666,0.4135333333333333,1.2114551078533968,0.6016027,1.0517911,0.6230824,0.83743674
2010-04-28 19:00:00,1.3490333333333335,0.3387,1.4548260347724384,0.80600035,1.0790141,0.7098257,0.8944199
2010-04-28 20:00:00,1.8294666666666664,0.4153,2.3777346995894857,0.73719513,1.2454147,0.9955051,1.1204599
2010-04-28 21:00:00,1.0706,0.3497,2.638110278357381,1.5873784,1.5671393,1.2781829,1.4226611
2010-04-28 22:00:00,0.3947,0.4431333333333333,2.489077471340161,0.94289184,1.2841413,1.3187114,1.3014264
2010-04-28 23:00:00,0.4843,1.1877666666666669,2.0939765364786127,0.666313,0.8702876,0.96624607,0.91826683
2010-04-29 00:00:00,1.5426,0.4158333333333333,2.03851155622841,0.51302564,0.53019136,0.58948565,0.55983853
2010-04-29 01:00:00,0.7933666666666668,0.3376666666666666,1.9961711444257622,0.78236985,0.46951586,0.4470483,0.45828208
2010-04-29 02:00:00,0.7035666666666667,0.351,1.8927998451856027,0.5451932,0.48022497,0.3973943,0.43880963
2010-04-29 03:00:00,0.7016333333333333,0.3227666666666666,1.8290259388861037,0.5916306,0.42203522,0.35607702,0.38905612
2010-04-29 04:00:00,0.7249333333333333,0.4040666666666667,1.8790839375844546,0.5852394,0.47338486,0.33990902,0.40664694
2010-04-29 05:00:00,0.6062666666666666,0.3438,1.8401091720054483,0.6664179,0.51978105,0.46078426,0.49028265
2010-04-29 06:00:00,0.7924,0.3529333333333333,2.1544869303668217,0.81399405,0.8079157,0.9065125,0.8572141
2010-04-29 07:00:00,1.4452333333333334,0.3698333333333333,2.4816424593367703,1.0062841,1.106382,1.3267927,1.2165873
2010-04-29 08:00:00,1.6148333333333331,0.381,2.7470634746337845,1.3508894,1.2227877,1.3301598,1.2764738
2010-04-29 09:00:00,1.8318,0.7454333333333333,2.6806487970476263,1.4548217,1.0742427,1.1676807,1.1209617
2010-04-29 10:00:00,1.2689,1.4462000000000002,2.530614860615824,1.4155003,1.0057185,0.98423254,0.9949755
2010-04-29 11:00:00,0.3536333333333333,1.0110333333333332,1.9488445857305625,0.782757,1.052141,0.83331645,0.9427287
2010-04-29 12:00:00,0.3387,0.4606666666666666,1.4087053210024019,0.4433383,0.96943223,0.70896447,0.83919835
2010-04-29 13:00:00,0.3834,0.3248666666666667,1.0881179731576973,0.4612715,0.7241419,0.6174233,0.67078257
2010-04-29 14:00:00,0.4287,0.3882333333333333,1.0677493410945644,0.5066983,0.69094956,0.5006799,0.5958147
2010-04-29 15:00:00,0.3749333333333333,0.3867333333333333,1.0625790673054871,0.51951,0.6596384,0.433492,0.5465652
2010-04-29 16:00:00,0.3500666666666667,0.4402333333333333,1.057207043287135,0.44540018,0.60739577,0.41345578,0.5104258
2010-04-29 17:00:00,0.5626,0.3794333333333333,1.0707224967094322,0.46538448,0.6448964,0.4251994,0.5350479
2010-04-29 18:00:00,0.8042666666666667,0.4744666666666666,1.2093753747583036,0.8507805,0.7229095,0.4924277,0.60766864
2010-04-29 19:00:00,1.268333333333333,1.3490333333333335,1.4527463016773456,2.1424634,1.116989,0.7745117,0.94575036
2010-04-29 20:00:00,0.3785333333333333,1.8294666666666664,2.375654966494393,1.7014961,1.1602092,1.0926508,1.12643
2010-04-29 21:00:00,0.3472333333333333,1.0706,2.6360305452622876,0.7541658,1.0294045,1.2168207,1.1231127
2010-04-29 22:00:00,0.3579,0.3947,2.486997738245068,0.49581885,0.885232,0.9764071,0.9308195
2010-04-29 23:00:00,0.4215666666666667,0.4843,2.09189680338352,0.59503406,0.71730804,0.62425685,0.67078245
2010-04-30 00:00:00,0.4155666666666667,1.5426,2.036431823133317,0.39486414,0.5188467,0.38293707,0.45089188
2010-04-30 01:00:00,0.3475,0.7933666666666668,1.9940914113306691,0.38297683,0.47060165,0.3426928,0.4066472
2010-04-30 02:00:00,0.3644666666666666,0.7035666666666667,1.8907201120905097,0.42658636,0.45652187,0.33965605,0.39808896
2010-04-30 03:00:00,0.35,0.7016333333333333,1.8269462057910104,0.43409264,0.457492,0.30254835,0.38002017
2010-04-30 04:00:00,1.0403666666666669,0.7249333333333333,1.8770042044893613,0.44314158,0.41123897,0.29243332,0.35183614
2010-04-30 05:00:00,0.5292666666666667,0.6062666666666666,1.8380294389103553,0.38871932,0.43643364,0.37708008,0.40675688
2010-04-30 06:00:00,0.3448333333333334,0.7924,2.152407197271729,1.1018378,0.83188826,0.70204616,0.7669672
2010-04-30 07:00:00,0.3304333333333333,1.4452333333333334,2.479562726241677,0.9734825,1.3413193,1.0804485,1.2108839
2010-04-30 08:00:00,0.3597,1.6148333333333331,2.7449837415386913,0.7881572,1.1248027,1.1903837,1.1575933
2010-04-30 09:00:00,0.9388666666666666,1.8318,2.678569063952533,0.4960991,1.1175829,1.1494119,1.1334975
2010-04-30 10:00:00,1.2614333333333332,1.2689,2.5285351275207306,1.2806786,1.373796,1.0837352,1.2287656
2010-04-30 11:00:00,0.6157666666666667,0.3536333333333333,1.9467648526354695,0.7793343,1.0780433,1.0302209,1.0541321
2010-04-30 12:00:00,1.9986,0.3387,1.4066255879073088,0.93146014,0.9340375,0.97282046,0.953429
2010-04-30 13:00:00,0.977,0.3834,1.086038240062604,1.6237652,0.88871163,0.909442,0.8990768
2010-04-30 14:00:00,1.4853333333333334,0.4287,1.0656696079994712,1.0056161,0.77763104,0.8463571,0.8119941
2010-04-30 15:00:00,0.8605333333333333,0.3749333333333333,1.060499334210394,1.0061402,0.95972115,0.712649,0.8361851
2010-04-30 16:00:00,0.9906,0.3500666666666667,1.055127310192042,0.7464776,0.8259801,0.72737515,0.7766776
2010-04-30 17:00:00,2.8436333333333335,0.5626,1.0686427636143394,0.75509286,0.9164267,0.69508976,0.80575824
2010-04-30 18:00:00,0.7098333333333333,0.8042666666666667,1.2072956416632108,2.1964312,0.95885766,0.9125207,0.9356892
2010-04-30 19:00:00,0.3636333333333333,1.268333333333333,1.4506665685822524,2.1030178,1.467049,1.1923857,1.3297174
2010-04-30 20:00:00,0.3505333333333333,0.3785333333333333,2.3735752333992997,0.7014947,1.3255537,1.6604865,1.49302
2010-04-30 21:00:00,0.3513333333333333,0.3472333333333333,2.633950812167195,0.61498547,1.4955549,1.8221028,1.6588289
2010-04-30 22:00:00,0.4304666666666666,0.3579,2.484918005149975,0.4867821,1.132617,1.4172637,1.2749404
2010-04-30 23:00:00,0.3841,0.4215666666666667,2.0898170702884267,0.55209655,0.97424895,0.9461992,0.96022403
2010-05-01 00:00:00,0.3495999999999999,0.4155666666666667,2.0343520900382237,0.41682827,0.6152994,0.73115516,0.6732273
2010-05-01 01:00:00,0.4738,0.3475,1.992011678235576,0.4366759,0.4933561,0.61183894,0.5525975
2010-05-01 02:00:00,0.7753,0.3644666666666666,1.8886403789954167,0.54353803,0.48493293,0.5580271,0.52148
2010-05-01 03:00:00,0.3889333333333333,0.35,1.8248664726959174,0.3504406,0.42967913,0.4864642,0.45807165
2010-05-01 04:00:00,0.3508333333333333,1.0403666666666669,1.8749244713942683,0.39960346,0.50471944,0.43535453,0.47003698
2010-05-01 05:00:00,0.3363,0.5292666666666667,1.835949705815262,0.43786848,0.38322395,0.44235384,0.4127889
2010-05-01 06:00:00,0.3731666666666667,0.3448333333333334,2.1503274641766357,0.5619146,0.6151108,0.582176,0.5986434
2010-05-01 07:00:00,0.4157333333333333,0.3304333333333333,2.4774829931465843,0.5975656,1.0144069,0.9442865,0.97934675
2010-05-01 08:00:00,0.3113333333333333,0.3597,2.7429040084435985,0.6819536,1.0129997,1.3544872,1.1837435
2010-05-01 09:00:00,0.3417,0.9388666666666666,2.67648933085744,0.6312634,1.1390954,1.4527628,1.2959292
2010-05-01 10:00:00,1.2088,1.2614333333333332,2.5264553944256374,0.6569503,1.0935596,1.3886889,1.2411243
2010-05-01 11:00:00,2.6106,0.6157666666666667,1.9446851195403763,0.9211493,1.1066988,1.29169,1.1991944
2010-05-01 12:00:00,1.5781333333333334,1.9986,1.4045458548122158,1.7725965,1.0863398,1.2373672,1.1618536
2010-05-01 13:00:00,0.5086,0.977,1.083958506967511,2.1693575,1.141751,1.2383839,1.1900675
2010-05-01 14:00:00,2.5501,1.4853333333333334,1.0635898749043782,0.79163253,1.0322235,1.2278585,1.130041
2010-05-01 15:00:00,1.1692333333333331,0.8605333333333333,1.0584196011153009,1.5401788,1.0713364,1.2269503,1.1491433
2010-05-01 16:00:00,0.5044333333333334,0.9906,1.053047577096949,0.946457,1.0749679,1.2536292,1.1642985
2010-05-01 17:00:00,0.4150999999999999,2.8436333333333335,1.0665630305192462,0.9320738,1.0197825,1.2581918,1.1389872
2010-05-01 18:00:00,0.3371,0.7098333333333333,1.2052159085681176,0.87960416,1.1594085,1.4038777,1.2816432
2010-05-01 19:00:00,0.5240333333333334,0.3636333333333333,1.4485868354871592,0.7435654,1.485596,1.7402232,1.6129096
2010-05-01 20:00:00,0.8862333333333333,0.3505333333333333,2.3714955003042064,1.0360777,1.1708142,2.0813866,1.6261003
2010-05-01 21:00:00,1.5693666666666668,0.3513333333333333,2.6318710790721016,1.1168232,1.1568558,2.0240943,1.5904751
2010-05-01 22:00:00,2.5912333333333333,0.4304666666666666,2.482838272054882,1.3598739,1.0952846,1.5996034,1.347444
2010-05-01 23:00:00,1.4329666666666665,0.3841,2.0877373371933334,0.9195403,1.1241233,1.0814083,1.1027658
2010-05-02 00:00:00,0.3585666666666666,0.3495999999999999,2.032272356943131,0.57109016,0.77658147,0.8183021,0.7974418
2010-05-02 01:00:00,0.3565333333333333,0.4738,1.9899319451404829,0.32851312,0.47755137,0.7088002,0.59317577
2010-05-02 02:00:00,0.3908333333333333,0.7753,1.8865606459003235,0.37833634,0.67444664,0.6387923,0.6566194
2010-05-02 03:00:00,0.3836,0.3889333333333333,1.8227867396008244,0.34900185,0.5501604,0.5583098,0.5542351
2010-05-02 04:00:00,0.3640333333333333,0.3508333333333333,1.8728447382991753,0.37960052,0.7099962,0.49282598,0.6014111
2010-05-02 05:00:00,0.3622666666666667,0.3363,1.833869972720169,0.41974306,0.55692494,0.43570632,0.49631563
2010-05-02 06:00:00,0.3500333333333333,0.3731666666666667,2.1482477310815424,0.4987043,0.61530864,0.4142837,0.51479614
2010-05-02 07:00:00,1.518233333333333,0.4157333333333333,2.475403260051491,0.4976267,0.96134025,0.52720547,0.7442728
2010-05-02 08:00:00,1.5409666666666666,0.3113333333333333,2.7408242753485053,1.2904712,0.8428709,0.8401966,0.8415338
2010-05-02 09:00:00,1.636,0.3417,2.674409597762347,1.3416313,0.9158421,1.1944426,1.0551424
2010-05-02 10:00:00,0.8335333333333333,1.2088,2.5243756613305446,1.6230754,1.104921,1.417212,1.2610664
2010-05-02 11:00:00,1.6141666666666663,2.6106,1.9426053864452832,1.2095981,1.1650084,1.5556526,1.3603306
2010-05-02 12:00:00,3.5630666666666664,1.5781333333333334,1.4024661217171226,1.4977049,1.2484814,1.6089547,1.4287181
2010-05-02 13:00:00,3.5252333333333334,0.5086,1.081878773872418,1.9525963,1.1467814,1.5949314,1.3708564
2010-05-02 14:00:00,1.9146333333333336,2.5501,1.0615101418092852,1.9718965,1.150822,1.5949235,1.3728728
2010-05-02 15:00:00,2.280533333333333,1.1692333333333331,1.0563398680202079,1.8807758,1.0466889,1.5431852,1.2949371
2010-05-02 16:00:00,1.7898333333333334,0.5044333333333334,1.0509678440018557,2.047714,0.9752835,1.511313,1.2432983
2010-05-02 17:00:00,1.7991333333333333,0.4150999999999999,1.064483297424153,1.9414271,1.2046099,1.5096823,1.357146
2010-05-02 18:00:00,1.7934666666666668,0.3371,1.2031361754730243,1.941858,1.1815988,1.6217253,1.4016621
2010-05-02 19:00:00,3.7739,0.5240333333333334,1.4465071023920664,1.9957769,1.3528156,1.9163011,1.6345584
2010-05-02 20:00:00,2.5308,0.8862333333333333,2.369415767209113,3.2258635,1.4786233,2.3294878,1.9040556
2010-05-02 21:00:00,2.776,1.5693666666666668,2.629791345977009,2.5173957,1.6597446,2.3638294,2.011787
2010-05-02 22:00:00,0.6179333333333333,2.5912333333333333,2.4807585389597886,1.5401375,1.3970271,1.8575974,1.6273122
2010-05-02 23:00:00,0.3918666666666667,1.4329666666666665,2.0856576040982406,0.7690965,0.93652654,1.2424805,1.0895035
2010-05-03 00:00:00,0.4122333333333333,0.3585666666666666,2.0301926238480377,0.37927008,0.58499324,0.9347735,0.7598834
2010-05-03 01:00:00,0.3749666666666666,0.3565333333333333,1.9878522120453899,0.3788574,0.5622192,0.47382516,0.5180222
2010-05-03 02:00:00,0.3439,0.3908333333333333,1.8844809128052304,0.41427982,0.51750886,0.468993,0.49325094
2010-05-03 03:00:00,0.3406333333333333,0.3836,1.8207070065057311,0.43032402,0.51668817,0.44132155,0.47900486
2010-05-03 04:00:00,1.0999333333333332,0.3640333333333333,1.870765005204082,0.45192364,0.54288524,0.41083384,0.47685954
2010-05-03 05:00:00,0.3263,0.3622666666666667,1.831790239625076,0.33079448,0.5476123,0.47032344,0.5089679
2010-05-03 06:00:00,0.7714333333333333,0.3500333333333333,2.1461679979864496,0.6588707,0.86868113,0.87260795,0.87064457
2010-05-03 07:00:00,2.0927,1.518233333333333,2.473323526956398,1.4216201,1.5230094,1.5258644,1.524437
2010-05-03 08:00:00,1.4166999999999998,1.5409666666666666,2.7387445422534125,1.6209117,1.5490334,1.6732405,1.6111369
2010-05-03 09:00:00,1.3820333333333332,1.636,2.6723298646672538,1.1588519,1.3689812,1.4326421,1.4008117
2010-05-03 10:00:00,1.3711666666666666,0.8335333333333333,2.5222959282354513,1.1103808,1.1742585,1.1862305,1.1802444
2010-05-03 11:00:00,1.322633333333333,1.6141666666666663,1.9405256533501902,1.1819586,1.1776274,1.064657,1.1211421
2010-05-03 12:00:00,0.9827666666666668,3.5630666666666664,1.4003863886220296,1.137714,1.3371451,0.9650278,1.1510864
2010-05-03 13:00:00,0.3752,3.5252333333333334,1.0797990407773248,0.40165254,0.90019137,0.8097328,0.8549621
2010-05-03 14:00:00,0.3417666666666666,1.9146333333333336,1.059430408714192,0.33331612,0.8271649,0.6137847,0.7204748
2010-05-03 15:00:00,0.3299,2.280533333333333,1.0542601349251146,0.50079435,0.9677372,0.41967106,0.6937041
2010-05-03 16:00:00,0.3529333333333333,1.7898333333333334,1.0488881109067627,0.40551984,0.8197837,0.33527094,0.5775273
2010-05-03 17:00:00,0.37,1.7991333333333333,1.0624035643290601,0.4669963,0.7911875,0.37508148,0.58313453
2010-05-03 18:00:00,0.5388999999999999,1.7934666666666668,1.2010564423779315,0.730126,1.028291,0.61535555,0.82182324
2010-05-03 19:00:00,2.156833333333333,3.7739,1.4444273692969731,1.195276,1.1660643,1.2616326,1.2138484
2010-05-03 20:00:00,2.6444666666666667,2.5308,2.3673360341140204,2.4704072,1.3307564,1.8865641,1.6086602
2010-05-03 21:00:00,2.3928000000000003,2.776,2.6277116128819156,2.4862435,1.9164088,2.0340679,1.9752383
2010-05-03 22:00:00,1.4212,0.6179333333333333,2.478678805864696,1.3626083,1.0909305,1.407714,1.2493222
2010-05-03 23:00:00,0.3602999999999999,0.3918666666666667,2.0835778710031474,0.6477989,0.793392,0.64749235,0.7204422
2010-05-04 00:00:00,0.3779,0.4122333333333333,2.0281128907529444,0.39071923,0.53497076,0.40236318,0.46866697
2010-05-04 01:00:00,0.3335333333333333,0.3749666666666666,1.9857724789502966,0.33967903,0.47804755,0.3295251,0.40378633
2010-05-04 02:00:00,0.3046,0.3439,1.8824011797101374,0.42044055,0.43226892,0.3309906,0.38162977
2010-05-04 03:00:00,0.3792666666666667,0.3406333333333333,1.8186272734106381,0.41028658,0.43226892,0.3464449,0.3893569
2010-05-04 04:00:00,0.3393333333333333,1.0999333333333332,1.868685272108989,0.40789816,0.49266517,0.3477394,0.42020229
2010-05-04 05:00:00,0.2929333333333333,0.3263,1.8297105065299828,0.40572098,0.4605359,0.41936892,0.43995243
2010-05-04 06:00:00,0.8967666666666666,0.7714333333333333,2.1440882648913564,0.973205,0.91067445,0.8862467,0.89846057
2010-05-04 07:00:00,1.1859,2.0927,2.471243793861305,1.4507691,1.6119766,1.6907824,1.6513796
2010-05-04 08:00:00,1.9222333333333337,1.4166999999999998,2.7366648091583192,1.2134641,1.9082263,1.7077532,1.8079897
2010-05-04 09:00:00,1.937466666666667,1.3820333333333332,2.6702501315721605,1.5256189,1.5595899,1.4905545,1.5250721
2010-05-04 10:00:00,1.8925333333333336,1.3711666666666666,2.520216195140358,1.5713766,1.1856525,1.3485725,1.2671125
2010-05-04 11:00:00,1.4468333333333334,1.322633333333333,1.938445920255097,1.6381047,1.4289174,1.2309545,1.329936
2010-05-04 12:00:00,1.3913000000000002,0.9827666666666668,1.3983066555269366,1.2694514,1.317215,1.1854887,1.2513518
2010-05-04 13:00:00,1.3236333333333334,0.3752,1.0777193076822318,1.2692543,1.2292353,1.0422493,1.1357423
2010-05-04 14:00:00,1.3724,0.3417666666666666,1.057350675619099,1.1273586,1.0522709,0.9393525,0.9958117
2010-05-04 15:00:00,1.3889666666666665,0.3299,1.0521804018300216,1.2367007,0.9534668,0.82549036,0.88947856
2010-05-04 16:00:00,0.7543333333333334,0.3529333333333333,1.0468083778116695,1.1260203,0.96357304,0.7392421,0.8514075
2010-05-04 17:00:00,0.5214,0.37,1.060323831233967,0.49507466,0.9939544,0.84467757,0.919316
2010-05-04 18:00:00,0.7041000000000001,0.5388999999999999,1.1989767092828383,0.874836,1.0832499,1.007267,1.0452585
2010-05-04 19:00:00,1.3919666666666666,2.156833333333333,1.44234763620188,1.3034631,1.6337371,1.3638567,1.4987969
2010-05-04 20:00:00,1.9786333333333337,2.6444666666666667,2.365256301018927,1.9937836,1.7809141,1.8658776,1.8233958
2010-05-04 21:00:00,1.403066666666667,2.3928000000000003,2.6256318797868223,1.8038915,1.8131875,2.1875985,2.000393
2010-05-04 22:00:00,1.1828666666666665,1.4212,2.4765990727696026,1.3493996,1.3004302,1.8432655,1.5718479
2010-05-04 23:00:00,0.5607000000000001,0.3602999999999999,2.081498137908054,0.637763,0.8582181,0.8825988,0.8704084
2010-05-05 00:00:00,0.3613333333333333,0.3779,2.0260331576578516,0.49588087,0.51242375,0.49620795,0.50431585
2010-05-05 01:00:00,0.2986333333333333,0.3335333333333333,1.9836927458552036,0.45129123,0.46610448,0.44335407,0.45472926
2010-05-05 02:00:00,0.3786333333333333,0.3046,1.8803214466150442,0.40579924,0.4466332,0.37738383,0.41200852
2010-05-05 03:00:00,0.8437666666666667,0.3792666666666667,1.816547540315545,0.35869092,0.46067345,0.3270958,0.39388463
2010-05-05 04:00:00,0.5700000000000001,0.3393333333333333,1.866605539013896,0.33809882,0.47625563,0.28836465,0.38231015
2010-05-05 05:00:00,0.2920333333333333,0.2929333333333333,1.8276307734348898,0.5082661,0.4497776,0.34732497,0.3985513
2010-05-05 06:00:00,0.6113666666666667,0.8967666666666666,2.142008531796263,0.7360972,0.82625353,0.7820452,0.8041494
2010-05-05 07:00:00,1.5195333333333332,1.1859,2.4691640607662118,1.2545581,1.3270108,1.5141745,1.4205925
2010-05-05 08:00:00,1.2416333333333334,1.9222333333333337,2.734585076063226,1.4128815,1.4281793,1.6116456,1.5199125
2010-05-05 09:00:00,2.3683,1.937466666666667,2.6681703984770677,1.0087306,1.2426889,1.4049425,1.3238157
2010-05-05 10:00:00,2.1899666666666664,1.8925333333333336,2.5181364620452653,1.872393,1.3626804,1.2567704,1.3097254
2010-05-05 11:00:00,1.5189666666666668,1.4468333333333334,1.936366187160004,1.8896555,1.1696599,1.1696966,1.1696782
2010-05-05 12:00:00,1.4798666666666669,1.3913000000000002,1.3962269224318433,1.396091,0.96160036,1.0562456,1.0089229
2010-05-05 13:00:00,1.4567666666666663,1.3236333333333334,1.0756395745871388,1.3209307,0.9185402,0.885237,0.9018886
2010-05-05 14:00:00,2.4275333333333333,1.3724,1.0552709425240059,1.2646675,0.9090192,0.72113633,0.8150778
2010-05-05 15:00:00,1.9371,1.3889666666666665,1.0501006687349286,2.1296341,0.890707,0.6820745,0.7863908
2010-05-05 16:00:00,0.4544666666666667,0.7543333333333334,1.0447286447165764,1.5746558,0.82759166,0.71314925,0.7703705
2010-05-05 17:00:00,0.5845333333333333,0.5214,1.0582440981388737,0.78183705,0.92278695,0.82182944,0.8723082
2010-05-05 18:00:00,0.7685666666666666,0.7041000000000001,1.196896976187745,1.0640477,1.0754915,1.0590427,1.0672672
2010-05-05 19:00:00,1.3298333333333334,1.3919666666666666,1.440267903106787,1.4117239,1.7719972,1.4596484,1.6158228
2010-05-05 20:00:00,1.8826333333333336,1.9786333333333337,2.3631765679238343,2.0955286,1.9056869,1.9076364,1.9066616
2010-05-05 21:00:00,3.1247,1.403066666666667,2.623552146691729,1.9349157,1.9924573,2.0297904,2.011124
2010-05-05 22:00:00,1.8031666666666664,1.1828666666666665,2.4745193396745093,1.6577926,1.4791752,1.4122447,1.44571
2010-05-05 23:00:00,0.6451333333333333,0.5607000000000001,2.0794184048129614,0.90885174,0.83313936,0.6651841,0.7491617
2010-05-06 00:00:00,0.3465,0.3613333333333333,2.0239534245627584,0.5652493,0.4683136,0.3946185,0.43146604
2010-05-06 01:00:00,0.3896666666666666,0.2986333333333333,1.9816130127601106,0.39550343,0.47900128,0.39507174,0.4370365
2010-05-06 02:00:00,0.3371,0.3786333333333333,1.8782417135199512,0.3959396,0.43908808,0.34100837,0.3900482
2010-05-06 03:00:00,0.6174999999999999,0.8437666666666667,1.8144678072204519,0.42685392,0.45853353,0.27739018,0.36796185
2010-05-06 04:00:00,0.7809,0.5700000000000001,1.8645258059188028,0.46085507,0.4205255,0.23285681,0.32669115
2010-05-06 05:00:00,0.3232666666666667,0.2920333333333333,1.8255510403397965,0.36741868,0.4235043,0.3133695,0.3684369
2010-05-06 06:00:00,0.5272,0.6113666666666667,2.1399287987011704,0.93043405,0.84147185,0.7767734,0.8091226
2010-05-06 07:00:00,1.2249333333333332,1.5195333333333332,2.4670843276711185,1.2943714,1.5770619,1.4771086,1.5270853
2010-05-06 08:00:00,1.7262333333333333,1.2416333333333334,2.7325053429681327,1.1793702,1.5584366,1.6235212,1.5909789
2010-05-06 09:00:00,1.393066666666667,2.3683,2.6660906653819745,1.5658525,1.3947566,1.4200923,1.4074244
2010-05-06 10:00:00,1.316466666666667,2.1899666666666664,2.516056728950172,1.2616847,1.2179794,1.2307361,1.2243578
2010-05-06 11:00:00,1.4319666666666668,1.5189666666666668,1.934286454064911,1.1162013,0.91150284,1.0957831,1.003643
2010-05-06 12:00:00,1.4989333333333337,1.4798666666666669,1.3941471893367503,1.2205967,1.0036874,0.95467097,0.97917914
2010-05-06 13:00:00,1.2481666666666666,1.4567666666666663,1.0735598414920455,1.3331133,0.95417106,0.84105575,0.8976134
2010-05-06 14:00:00,0.4554666666666666,2.4275333333333333,1.0531912094289126,0.7244251,0.80898803,0.717915,0.7634515
2010-05-06 15:00:00,0.5316,1.9371,1.0480209356398353,0.47852817,0.7506135,0.59676814,0.6736908
2010-05-06 16:00:00,0.3471666666666666,0.4544666666666667,1.0426489116214834,0.6463245,0.84575754,0.59986484,0.7228112
2010-05-06 17:00:00,0.4518,0.5845333333333333,1.0561643650437809,0.6125752,0.96793294,0.7085235,0.8382282
2010-05-06 18:00:00,1.2337,0.7685666666666666,1.1948172430926522,0.92578316,1.1190335,0.8601871,0.9896103
2010-05-06 19:00:00,1.8178666666666667,1.3298333333333334,1.4381881700116939,1.7904625,1.6902869,1.348788,1.5195374
2010-05-06 20:00:00,1.4060666666666668,1.8826333333333336,2.361096834828741,1.7463672,1.8029563,1.9849863,1.8939713
2010-05-06 21:00:00,0.9249333333333334,3.1247,2.6214724135966363,1.267872,1.9100722,2.1020255,2.006049
2010-05-06 22:00:00,0.8786666666666666,1.8031666666666664,2.4724396065794165,1.0423608,1.492878,1.5155908,1.5042343
2010-05-06 23:00:00,0.445,0.6451333333333333,2.077338671717868,0.55891466,0.8026851,0.7993838,0.80103445
2010-05-07 00:00:00,0.3311,0.3465,2.021873691467665,0.45740762,0.5389105,0.5101967,0.5245536
2010-05-07 01:00:00,0.3266666666666667,0.3896666666666666,1.9795332796650174,0.43312445,0.45427287,0.47336066,0.46381676
2010-05-07 02:00:00,0.3429,0.3371,1.8761619804248582,0.37332726,0.43096638,0.4689029,0.44993463
2010-05-07 03:00:00,0.3604666666666666,0.6174999999999999,1.8123880741253588,0.43057835,0.44913912,0.4051848,0.42716196
2010-05-07 04:00:00,1.0356,0.7809,1.8624460728237098,0.3876631,0.5002256,0.33608067,0.41815314
2010-05-07 05:00:00,0.3617333333333333,0.3232666666666667,1.8234713072447035,0.28673616,0.42331126,0.39772463,0.41051793
2010-05-07 06:00:00,1.2250666666666667,0.5272,2.137849065606077,0.75717866,0.79169106,0.9657907,0.8787409
2010-05-07 07:00:00,2.043266666666667,1.2249333333333332,2.4650045945760257,1.6467781,1.3342918,1.6409242,1.487608
2010-05-07 08:00:00,1.717666666666667,1.7262333333333333,2.73042560987304,1.6623368,1.427095,1.68068,1.5538876
2010-05-07 09:00:00,1.863,1.393066666666667,2.6640109322868812,1.7867064,1.4727101,1.5220147,1.4973624
2010-05-07 10:00:00,1.3217666666666663,1.316466666666667,2.513976995855079,1.6501778,1.5699711,1.4115611,1.490766
2010-05-07 11:00:00,1.3786333333333334,1.4319666666666668,1.9322067209698177,1.2402642,1.2711107,1.299178,1.2851443
2010-05-07 12:00:00,1.6298333333333337,1.4989333333333337,1.392067456241657,1.2915233,1.3774208,1.1837733,1.280597
2010-05-07 13:00:00,0.6733333333333333,1.2481666666666666,1.0714801083969525,1.529429,1.1856085,1.0612135,1.1234109
2010-05-07 14:00:00,0.6678,0.4554666666666666,1.0511114763338196,0.91068435,1.1390516,0.926841,1.0329463
2010-05-07 15:00:00,1.3448666666666669,0.5316,1.0459412025447423,0.5906637,0.98973393,0.8462372,0.91798556
2010-05-07 16:00:00,0.9093666666666668,0.3471666666666666,1.0405691785263902,1.2146937,1.1489044,0.7290689,0.93898666
2010-05-07 17:00:00,0.3696333333333333,0.4518,1.0540846319486876,0.6395251,1.2310779,0.8169912,1.0240345
2010-05-07 18:00:00,0.5626,1.2337,1.192737509997559,0.87363625,1.2464345,0.9481787,1.0973066
2010-05-07 19:00:00,1.4755333333333334,1.8178666666666667,1.4361084369166006,1.2486125,1.6831732,1.3692092,1.5261912
2010-05-07 20:00:00,2.290966666666667,1.4060666666666668,2.359017101733648,1.5329,1.7889477,2.0048664,1.8969071
2010-05-07 21:00:00,2.2999666666666667,0.9249333333333334,2.619392680501543,1.9562316,1.6337595,2.1681728,1.9009662
2010-05-07 22:00:00,1.5582333333333334,0.8786666666666666,2.4703598734843233,1.3620961,1.3170358,1.6841012,1.5005685
2010-05-07 23:00:00,1.3100666666666667,0.445,2.075258938622775,0.7148434,0.84687686,1.109099,0.97798795
2010-05-08 00:00:00,1.0309333333333333,0.3311,2.0197939583725724,1.0125265,0.5767434,0.8509984,0.7138709
2010-05-08 01:00:00,2.1358333333333333,0.3266666666666667,1.9774535465699243,0.83413094,0.5153584,0.7293645,0.6223614
2010-05-08 02:00:00,1.2079,0.3429,1.874082247329765,1.4902688,0.5214667,0.67801803,0.59974235
2010-05-08 03:00:00,0.9025,0.3604666666666666,1.8103083410302658,0.6542896,0.47751534,0.5849146,0.53121495
2010-05-08 04:00:00,0.3192,1.0356,1.8603663397286168,0.41112715,0.47987106,0.5126267,0.4962489
2010-05-08 05:00:00,0.3907666666666667,0.3617333333333333,1.8213915741496105,0.4527937,0.46832085,0.5111543,0.48973757
2010-05-08 06:00:00,0.3336666666666666,1.2250666666666667,2.135769332510984,0.7040532,0.72927785,0.7215492,0.72541356
2010-05-08 07:00:00,0.3592,2.043266666666667,2.4629248614809325,0.73060286,1.1826019,1.2536273,1.2181146
2010-05-08 08:00:00,0.5013333333333333,1.717666666666667,2.7283458767779467,0.7131786,1.2363508,1.5290198,1.3826853
2010-05-08 09:00:00,2.4222333333333332,1.863,2.6619311991917884,0.8234994,1.2344381,1.4991424,1.3667903
2010-05-08 10:00:00,2.693766666666667,1.3217666666666663,2.511897262759986,1.703437,1.4015417,1.4699142,1.435728
2010-05-08 11:00:00,2.1389,1.3786333333333334,1.9301269878747247,2.0738251,1.390811,1.4836075,1.4372092
2010-05-08 12:00:00,1.4613,1.6298333333333337,1.389987723146564,2.2400846,1.5141346,1.4959192,1.5050269
2010-05-08 13:00:00,1.4432666666666667,0.6733333333333333,1.0694003753018595,1.3333545,1.3634436,1.454246,1.4088448
2010-05-08 14:00:00,1.4543,0.6678,1.0490317432387266,1.3904028,1.4820415,1.4437337,1.4628875
2010-05-08 15:00:00,0.6082333333333333,1.3448666666666669,1.0438614694496493,1.2933499,1.3157473,1.4493288,1.3825381
2010-05-08 16:00:00,0.3537333333333333,0.9093666666666668,1.0384894454312972,0.6946126,1.3736928,1.4626969,1.4181948
2010-05-08 17:00:00,0.3550666666666667,0.3696333333333333,1.0520048988535944,0.5956744,1.2078061,1.4862174,1.3470118
2010-05-08 18:00:00,0.3776,0.5626,1.1906577769024658,0.740761,1.3061594,1.5974984,1.451829
2010-05-08 19:00:00,0.3263666666666667,1.4755333333333334,1.4340287038215074,1.0710496,1.865969,1.9170839,1.8915265
2010-05-08 20:00:00,0.4219,2.290966666666667,2.3569373686385546,0.939367,1.8311037,2.4030528,2.1170783
2010-05-08 21:00:00,3.2730333333333332,2.2999666666666667,2.6173129474064503,0.9276291,1.7882103,2.4307952,2.1095028
2010-05-08 22:00:00,0.5932999999999999,1.5582333333333334,2.46828014038923,1.1827016,1.7783878,1.9362116,1.8572997
2010-05-08 23:00:00,0.4527,1.3100666666666667,2.073179205527682,0.62154675,1.345915,1.3061271,1.326021
2010-05-09 00:00:00,0.4184333333333333,1.0309333333333333,2.017714225277479,0.44995898,0.88107276,0.9831753,0.932124
2010-05-09 01:00:00,0.5043333333333333,2.1358333333333333,1.9753738134748313,0.43713364,0.68646973,0.8478451,0.76715744
2010-05-09 02:00:00,0.4051333333333333,1.2079,1.872002514234672,0.47044438,0.550069,0.7671384,0.65860367
2010-05-09 03:00:00,0.4043,0.9025,1.8082286079351726,0.46965432,0.58780277,0.6824543,0.6351285
2010-05-09 04:00:00,0.3339,0.3192,1.8582866066335235,0.43177813,0.56517524,0.5952578,0.5802165
2010-05-09 05:00:00,0.3413666666666666,0.3907666666666667,1.8193118410545173,0.39129862,0.57108665,0.5112648,0.5411757
2010-05-09 06:00:00,0.9118666666666668,0.3336666666666666,2.133689599415891,0.5422579,0.58569485,0.47135645,0.52852565
2010-05-09 07:00:00,0.5787,0.3592,2.4608451283858392,1.0855217,1.4727778,0.5881233,1.0304506
2010-05-09 08:00:00,0.4759,0.5013333333333333,2.726266143682854,1.1101756,1.4753189,0.94881445,1.2120667
2010-05-09 09:00:00,0.7206333333333333,2.4222333333333332,2.659851466096695,0.96899617,1.4371152,1.3137242,1.3754196
2010-05-09 10:00:00,2.589,2.693766666666667,2.509817529664893,1.1023188,1.2258828,1.4258016,1.3258421
2010-05-09 11:00:00,2.0800666666666667,2.1389,1.9280472547796317,2.2554436,1.4182404,1.4598153,1.4390278
2010-05-09 12:00:00,1.5217,1.4613,1.387907990051471,2.044377,1.4945362,1.4998174,1.4971768
2010-05-09 13:00:00,1.5006,1.4432666666666667,1.0673206422067663,1.782222,1.5409663,1.5026569,1.5218116
2010-05-09 14:00:00,1.6730333333333334,1.4543,1.0469520101436334,1.9390452,1.5083512,1.5185422,1.5134467
2010-05-09 15:00:00,0.9791,0.6082333333333333,1.041781736354556,1.6865239,1.4591202,1.4476348,1.4533775
2010-05-09 16:00:00,0.5596666666666666,0.3537333333333333,1.0364097123362042,1.2195023,1.4679596,1.4072986,1.4376291
2010-05-09 17:00:00,1.0072,0.3550666666666667,1.0499251657585016,1.1851919,1.5840529,1.3735563,1.4788046
2010-05-09 18:00:00,0.9243666666666668,0.3776,1.188578043807373,0.82473963,1.6885471,1.44242,1.5654836
2010-05-09 19:00:00,1.8075,0.3263666666666667,1.4319489707264146,2.0375497,1.8499533,1.6935015,1.7717273
2010-05-09 20:00:00,2.4892,0.4219,2.354857635543462,1.779992,2.1020808,1.9847825,2.0434318
2010-05-09 21:00:00,2.359266666666667,3.2730333333333332,2.615233214311357,2.8915498,2.599057,2.1544213,2.376739
2010-05-09 22:00:00,1.1152333333333333,0.5932999999999999,2.4662004072941373,1.6562184,1.6026604,1.8534651,1.7280627
2010-05-09 23:00:00,0.408,0.4527,2.071099472432589,0.39906368,0.9499691,1.3048066,1.1273879
2010-05-10 00:00:00,0.4233,0.4184333333333333,2.015634492182386,0.41538718,0.5673096,0.9680706,0.7676901
2010-05-10 01:00:00,0.3498666666666666,0.5043333333333333,1.973294080379738,0.3862648,0.5032884,0.4902435,0.49676594
2010-05-10 02:00:00,0.4104333333333333,0.4051333333333333,1.8699227811395787,0.43463555,0.50074625,0.45013028,0.47543827
2010-05-10 03:00:00,0.3747,0.4043,1.8061488748400796,0.4011773,0.45968333,0.43009216,0.44488776
2010-05-10 04:00:00,0.359,0.3339,1.8562068735384305,0.4355987,0.42001522,0.4204808,0.420248
2010-05-10 05:00:00,0.8361999999999999,0.3413666666666666,1.8172321079594242,0.40555054,0.46459338,0.5062587,0.48542607
2010-05-10 06:00:00,0.6329999999999999,0.9118666666666668,2.131609866320798,0.8551062,0.89408785,0.9042218,0.8991548
2010-05-10 07:00:00,1.8666666666666667,0.5787,2.4587653952907464,1.9683553,1.5734679,1.4452271,1.5093474
2010-05-10 08:00:00,1.4740666666666666,0.4759,2.7241864105877607,1.5408105,1.4576303,1.5090717,1.483351
2010-05-10 09:00:00,1.3697,0.7206333333333333,2.657771733001602,1.3177618,1.2275716,1.2616317,1.2446017
2010-05-10 10:00:00,1.4806,2.589,2.5077377965697996,1.1866592,1.2106347,1.0869956,1.1488152
2010-05-10 11:00:00,1.4476,2.0800666666666667,1.9259675216845384,1.2871234,1.1243705,0.9336542,1.0290123
2010-05-10 12:00:00,1.1581333333333332,1.5217,1.3858282569563778,1.2780375,1.0836507,0.8182887,0.9509697
2010-05-10 13:00:00,0.3968333333333333,1.5006,1.0652409091116732,0.7059115,0.8535142,0.68992436,0.7717193
2010-05-10 14:00:00,0.6421666666666667,1.6730333333333334,1.0448722770485404,0.5028981,0.8256676,0.5706265,0.69814706
2010-05-10 15:00:00,0.4062,0.9791,1.039702003259463,0.6917865,0.7954948,0.48712707,0.64131093
2010-05-10 16:00:00,0.4270333333333333,0.5596666666666666,1.034329979241111,0.5867213,0.7439505,0.4886585,0.6163045
2010-05-10 17:00:00,0.4197333333333333,1.0072,1.0478454326634083,0.5308728,0.7618321,0.53482676,0.64832944
2010-05-10 18:00:00,0.4310666666666666,0.9243666666666668,1.1864983107122797,0.88229215,0.950445,0.688606,0.8195255
2010-05-10 19:00:00,1.1695,1.8075,1.4298692376313213,1.2040328,1.8120878,1.2645422,1.538315
2010-05-10 20:00:00,2.4106666666666663,2.4892,2.3527779024483686,1.968541,1.8330244,1.8326552,1.8328397
2010-05-10 21:00:00,2.9157,2.359266666666667,2.613153481216264,2.3048594,2.212124,1.9371314,2.0746279
2010-05-10 22:00:00,1.6507,1.1152333333333333,2.464120674199044,1.6615762,1.4054335,1.3613338,1.3833838
2010-05-10 23:00:00,1.412,0.408,2.0690197393374956,0.77284986,0.8722617,0.76731855,0.8197901
2010-05-11 00:00:00,1.4787666666666666,0.4233,2.013554759087293,1.0423589,0.5979818,0.54061687,0.56929934
2010-05-11 01:00:00,1.447633333333333,0.3498666666666666,1.971214347284645,0.9887311,0.51787466,0.4863603,0.5021175
2010-05-11 02:00:00,1.4576666666666669,0.4104333333333333,1.8678430480444856,1.151363,0.5087926,0.43650872,0.47265065
2010-05-11 03:00:00,0.3954,0.3747,1.8040691417449866,1.078857,0.5076854,0.37494332,0.44131437
2010-05-11 04:00:00,0.4070333333333333,0.359,1.8541271404433375,0.5270943,0.50680584,0.36183423,0.43432003
2010-05-11 05:00:00,0.3084,0.8361999999999999,1.8151523748643312,0.4695408,0.5272141,0.48378187,0.505498
2010-05-11 06:00:00,0.7299333333333333,0.6329999999999999,2.1295301332257046,0.98273474,0.9413829,1.0255948,0.98348886
2010-05-11 07:00:00,2.1199,1.8666666666666667,2.456685662195653,1.5797201,1.5533744,1.7775109,1.6654427
2010-05-11 08:00:00,2.2432,1.4740666666666666,2.7221066774926674,1.6676637,1.6973704,1.7408342,1.7191024
2010-05-11 09:00:00,1.5963666666666667,1.3697,2.655691999906509,2.017551,1.4834176,1.5369331,1.5101753
2010-05-11 10:00:00,1.6475,1.4806,2.5056580634747068,1.7659203,1.6615512,1.4564185,1.5589849
2010-05-11 11:00:00,1.6040666666666668,1.4476,1.9238877885894454,1.5550233,1.5151246,1.4275517,1.4713382
2010-05-11 12:00:00,1.2644,1.1581333333333332,1.3837485238612848,1.5042503,1.4726137,1.3867288,1.4296713
2010-05-11 13:00:00,1.0311,0.3968333333333333,1.0631611760165802,0.9560833,1.4361773,1.3210672,1.3786223
2010-05-11 14:00:00,0.4691333333333333,0.6421666666666667,1.0427925439534473,1.1485733,1.4289813,1.2558904,1.3424358
2010-05-11 15:00:00,0.4855,0.4062,1.03762227016437,0.7410658,1.3319114,1.1919171,1.2619143
2010-05-11 16:00:00,0.7601666666666667,0.4270333333333333,1.032250246146018,0.72699714,1.13576,1.1226401,1.1292
2010-05-11 17:00:00,0.8795000000000001,0.4197333333333333,1.045765699568315,0.9051987,1.1665268,1.1552683,1.1608975
2010-05-11 18:00:00,1.1376333333333333,0.4310666666666666,1.1844185776171865,1.2291744,1.2812235,1.3226756,1.3019495
2010-05-11 19:00:00,2.0624333333333333,1.1695,1.427789504536228,1.7719866,1.9725825,1.806072,1.8893273
2010-05-11 20:00:00,1.0880666666666667,2.4106666666666663,2.350698169353276,2.0469737,2.2412636,2.247772,2.2445178
2010-05-11 21:00:00,0.5558666666666666,2.9157,2.6110737481211705,1.7140069,2.1416864,2.0704548,2.1060705
2010-05-11 22:00:00,0.4442,1.6507,2.4620409411039508,0.7691915,1.4900272,1.2717384,1.3808827
2010-05-11 23:00:00,0.5756,1.412,2.0669400062424024,0.5075319,0.90180194,0.60351145,0.7526567
2010-05-12 00:00:00,0.3263999999999999,1.4787666666666666,2.0114750259922,0.57846373,0.56486267,0.46706647,0.51596457
2010-05-12 01:00:00,0.9861666666666667,1.447633333333333,1.969134614189552,0.3745499,0.50329053,0.45807558,0.48068306
2010-05-12 02:00:00,0.5014666666666667,1.4576666666666669,1.8657633149493926,0.44976076,0.4868338,0.4386614,0.4627476
2010-05-12 03:00:00,0.3509,0.3954,1.8019894086498933,0.5244446,0.50477606,0.41694456,0.4608603
2010-05-12 04:00:00,0.3148999999999999,0.4070333333333333,1.8520474073482442,0.46381405,0.5156529,0.43557656,0.47561473
2010-05-12 05:00:00,0.3197666666666666,0.3084,1.813072641769238,0.46177518,0.51421595,0.58151376,0.54786485
2010-05-12 06:00:00,0.9449666666666666,0.7299333333333333,2.127450400130612,0.9459085,0.9715697,1.1414993,1.0565345
2010-05-12 07:00:00,2.4613333333333336,2.1199,2.45460592910056,1.8801808,1.7870914,1.9487936,1.8679426
2010-05-12 08:00:00,2.1047,2.2432,2.720026944397574,2.0537949,1.7996192,1.8548084,1.8272138
2010-05-12 09:00:00,1.6658000000000002,1.5963666666666667,2.653612266811416,1.720997,1.7360362,1.5687444,1.6523902
2010-05-12 10:00:00,1.5169666666666666,1.6475,2.5035783303796135,1.5924134,1.5315822,1.4425275,1.4870548
2010-05-12 11:00:00,1.9225666666666668,1.6040666666666668,1.9218080554943524,1.4385294,1.5129061,1.3924232,1.4526646
2010-05-12 12:00:00,1.8470333333333333,1.2644,1.3816687907661918,1.951829,1.3301687,1.3420905,1.3361297
2010-05-12 13:00:00,1.4408333333333334,1.0311,1.061081442921487,1.6241975,1.1316,1.2512965,1.1914482
2010-05-12 14:00:00,2.9855333333333336,0.4691333333333333,1.040712810858354,1.2661444,1.2709986,1.161845,1.2164218
2010-05-12 15:00:00,1.8542,0.4855,1.0355425370692768,2.0084066,1.1812335,1.023289,1.1022613
2010-05-12 16:00:00,1.4608666666666668,0.7601666666666667,1.0301705130509249,1.7604846,0.92134506,0.868202,0.8947735
2010-05-12 17:00:00,3.0760666666666667,0.8795000000000001,1.0436859664732223,1.3349812,1.0346696,0.916348,0.9755088
2010-05-12 18:00:00,0.6869333333333334,1.1376333333333333,1.1823388445220937,2.167644,1.1122308,1.0172031,1.0647169
2010-05-12 19:00:00,0.5411666666666667,2.0624333333333333,1.4257097714411353,1.3947849,1.5418495,1.354864,1.4483567
2010-05-12 20:00:00,1.7231333333333334,1.0880666666666667,2.3486184362581826,1.2113606,1.6309168,1.8784082,1.7546625
2010-05-12 21:00:00,1.7869,0.5558666666666666,2.6089940150260778,1.6198102,1.7681661,2.0261831,1.8971746
2010-05-12 22:00:00,1.561,0.4442,2.459961208008858,1.3027551,1.3854274,1.4471248,1.4162761
2010-05-12 23:00:00,1.5440333333333334,0.5756,2.0648602731473096,1.1396564,0.9122719,0.7227039,0.8174879
2010-05-13 00:00:00,0.3472,0.3263999999999999,2.0093952928971066,0.8279922,0.6653325,0.46880597,0.56706923
2010-05-13 01:00:00,0.3643,0.9861666666666667,1.9670548810944588,0.33908698,0.67876774,0.4168834,0.5478256
2010-05-13 02:00:00,0.3389,0.5014666666666667,1.8636835818542994,0.4090383,0.56295764,0.39035535,0.4766565
2010-05-13 03:00:00,0.3558,0.3509,1.7999096755548003,0.36470583,0.4708814,0.34799677,0.4094391
2010-05-13 04:00:00,0.3498666666666666,0.3148999999999999,1.8499676742531512,0.45641088,0.4580154,0.3083645,0.38318998
2010-05-13 05:00:00,0.3187,0.3197666666666666,1.810992908674145,0.39688653,0.45932686,0.38040143,0.41986415
2010-05-13 06:00:00,0.3694666666666666,0.9449666666666666,2.1253706670355186,0.8248966,0.9026813,1.0046003,0.9536408
2010-05-13 07:00:00,0.3028666666666667,2.4613333333333336,2.452526196005467,0.8674159,1.632303,1.7939832,1.7131431
2010-05-13 08:00:00,1.4711333333333334,2.1047,2.7179472113024814,0.8133799,1.5933267,1.5879982,1.5906625
2010-05-13 09:00:00,0.3661666666666666,1.6658000000000002,2.6515325337163227,1.1748803,1.360928,1.2309023,1.2959151
2010-05-13 10:00:00,1.4741,1.5169666666666666,2.5014985972845203,0.5020447,1.3618526,1.0355103,1.1986815
2010-05-13 11:00:00,1.9577666666666669,1.9225666666666668,1.9197283223992592,1.1753571,1.2388071,0.95082486,1.094816
2010-05-13 12:00:00,1.9802,1.8470333333333333,1.3795890576710985,1.6708184,1.2151804,0.9397439,1.0774622
2010-05-13 13:00:00,1.4075666666666666,1.4408333333333334,1.059001709826394,1.5690795,1.1755146,0.8823486,1.0289316
2010-05-13 14:00:00,1.4837333333333331,2.9855333333333336,1.038633077763261,1.2253175,0.80145776,0.76098514,0.78122145
2010-05-13 15:00:00,1.0083333333333333,1.8542,1.0334628039741838,1.1935158,0.8354195,0.67335314,0.7543863
2010-05-13 16:00:00,0.6708,1.4608666666666668,1.0280907799558316,0.642087,0.94357866,0.64638114,0.79497993
2010-05-13 17:00:00,0.8897333333333334,3.0760666666666667,1.041606233378129,0.6704785,0.82319736,0.63957345,0.7313854
2010-05-13 18:00:00,2.979233333333333,0.6869333333333334,1.1802591114270005,1.1630206,1.2526349,0.80667675,1.0296558
2010-05-13 19:00:00,1.3617333333333332,0.5411666666666667,1.423630038346042,2.3406725,1.4212714,1.2692492,1.3452604
2010-05-13 20:00:00,1.8061,1.7231333333333334,2.3465387031630893,1.6536814,1.8100077,1.9206331,1.8653204
2010-05-13 21:00:00,1.8756949152542373,1.7869,2.6069142819309845,1.9205029,1.5129136,2.1855924,1.8492529
2010-05-13 22:00:00,2.018133333333333,1.561,2.4578814749137647,1.8927364,1.4455212,1.6138926,1.529707
2010-05-13 23:00:00,0.4086666666666667,1.5440333333333334,2.0627805400522163,1.0411358,0.89302135,0.82432747,0.8586744
2010-05-14 00:00:00,0.3762999999999999,0.3472,2.007315559802014,0.46041238,0.51553416,0.52089304,0.5182136
2010-05-14 01:00:00,0.3972333333333333,0.3643,1.9649751479993658,0.3832562,0.44587132,0.48599315,0.46593225
2010-05-14 02:00:00,0.3822333333333333,0.3389,1.8616038487592064,0.46161127,0.4240606,0.4533404,0.4387005
2010-05-14 03:00:00,0.385,0.3558,1.7978299424597073,0.42130077,0.42059422,0.4068473,0.41372076
2010-05-14 04:00:00,0.3795333333333333,0.3498666666666666,1.8478879411580582,0.49306095,0.42896727,0.40175986,0.41536355
2010-05-14 05:00:00,0.3363666666666666,0.3187,1.808913175579052,0.44915476,0.40385005,0.5321898,0.4680199
2010-05-14 06:00:00,1.0338,0.3694666666666666,2.1232909339404253,0.894858,0.8677583,1.0887173,0.9782378
2010-05-14 07:00:00,1.6064333333333332,0.3028666666666667,2.450446462910374,1.4117455,1.7240325,1.6870546,1.7055435
2010-05-14 08:00:00,2.3067,1.4711333333333334,2.715867478207388,1.5614007,1.5527531,1.6815411,1.6171471
2010-05-14 09:00:00,2.3980333333333332,0.3661666666666666,2.6494528006212295,1.792114,1.4191273,1.5147141,1.4669207
2010-05-14 10:00:00,1.4895666666666665,1.4741,2.4994188641894275,1.9487578,1.3434477,1.3811597,1.3623037
2010-05-14 11:00:00,1.5108666666666666,1.9577666666666669,1.9176485893041662,1.2792736,1.1858435,1.2399977,1.2129207
2010-05-14 12:00:00,1.6402666666666663,1.9802,1.3775093245760055,1.4232229,1.2369971,1.1293621,1.1831796
2010-05-14 13:00:00,1.5645,1.4075666666666666,1.056921976731301,1.4401658,1.0986108,1.0716956,1.0851531
2010-05-14 14:00:00,1.5472,1.4837333333333331,1.036553344668168,1.3444395,0.9551776,0.9669827,0.9610802
2010-05-14 15:00:00,1.5001666666666666,1.0083333333333333,1.0313830708790908,1.3039663,1.1414444,0.830996,0.98622024
2010-05-14 16:00:00,1.5976,0.6708,1.0260110468607386,1.3185102,1.0763198,0.79061747,0.93346864
2010-05-14 17:00:00,1.5977333333333334,0.8897333333333334,1.0395265002830358,1.4869063,0.8058,0.8150557,0.8104279
2010-05-14 18:00:00,1.7295666666666667,2.979233333333333,1.1781793783319072,1.5365564,1.0580188,0.9215706,0.98979473
2010-05-14 19:00:00,1.8975666666666664,1.3617333333333332,1.4215503052509488,1.8412772,1.4784933,1.3125244,1.3955089
2010-05-14 20:00:00,1.6372666666666666,1.8061,2.344458970067996,1.8489313,1.9412197,1.8928704,1.9170451
2010-05-14 21:00:00,0.6121333333333333,1.8756949152542373,2.6048345488358917,1.5500848,2.1874256,2.2427063,2.215066
2010-05-14 22:00:00,0.3832666666666666,2.018133333333333,2.4558017418186715,1.125971,1.6544418,1.925617,1.7900294
2010-05-14 23:00:00,0.3930999999999999,0.4086666666666667,2.060700806957123,0.5864971,1.0119492,1.2523842,1.1321666
2010-05-15 00:00:00,0.3943333333333333,0.3762999999999999,2.0052358267069206,0.40842623,0.6451282,0.85490954,0.75001884
2010-05-15 01:00:00,0.354,0.3972333333333333,1.9628954149042728,0.4091363,0.5732755,0.6969904,0.6351329
2010-05-15 02:00:00,0.3796333333333333,0.3822333333333333,1.8595241156641134,0.34443784,0.5371629,0.632952,0.58505744
2010-05-15 03:00:00,0.3458666666666666,0.385,1.795750209364614,0.4097769,0.5011842,0.5309435,0.51606387
2010-05-15 04:00:00,0.3608,0.3795333333333333,1.845808208062965,0.39583337,0.46005994,0.43839186,0.4492259
2010-05-15 05:00:00,1.1044333333333332,0.3363666666666666,1.8068334424839587,0.45487434,0.45977038,0.4360584,0.4479144
2010-05-15 06:00:00,0.6398333333333334,1.0338,2.1212112008453325,0.6565196,0.72617507,0.72187227,0.7240237
2010-05-15 07:00:00,1.9829333333333332,1.6064333333333332,2.4483667298152807,1.0549556,1.2628365,1.2574182,1.2601273
2010-05-15 08:00:00,1.8605,2.3067,2.7137877451122954,1.665244,1.3002523,1.5523034,1.4262779
2010-05-15 09:00:00,2.0170666666666666,2.3980333333333332,2.6473730675261367,1.8453184,1.4249004,1.5760802,1.5004903
2010-05-15 10:00:00,1.2804333333333335,1.4895666666666665,2.4973391310943343,1.8144013,1.509232,1.5574133,1.5333227
2010-05-15 11:00:00,0.5046333333333333,1.5108666666666666,1.9155688562090731,1.1546104,1.601705,1.5371956,1.5694503
2010-05-15 12:00:00,0.7856333333333333,1.6402666666666663,1.3754295914809125,0.879538,1.4434515,1.5515221,1.4974868
2010-05-15 13:00:00,1.6464666666666663,1.5645,1.0548422436362077,1.3653033,1.5003945,1.5509193,1.5256569
2010-05-15 14:00:00,0.8854666666666666,1.5472,1.0344736115730748,1.5839851,1.4549667,1.5116333,1.4833
2010-05-15 15:00:00,0.5612333333333334,1.5001666666666666,1.0293033377839975,0.9729445,1.2479035,1.4679651,1.3579342
2010-05-15 16:00:00,0.5042666666666666,1.5976,1.0239313137656454,0.8028292,1.2730325,1.3948084,1.3339205
2010-05-15 17:00:00,0.5530666666666667,1.5977333333333334,1.037446767187943,0.8579906,1.1801698,1.407789,1.2939794
2010-05-15 18:00:00,0.8153,1.7295666666666667,1.1760996452368144,0.9609398,1.4115394,1.5723307,1.491935
2010-05-15 19:00:00,1.9753,1.8975666666666664,1.419470572155856,1.4866008,1.7137781,1.8812999,1.797539
2010-05-15 20:00:00,3.084166666666667,1.6372666666666666,2.3423792369729033,1.9894365,1.7993833,2.2566364,2.02801
2010-05-15 21:00:00,3.7895666666666665,0.6121333333333333,2.6027548157407985,2.6862648,1.9782422,2.2325058,2.1053739
2010-05-15 22:00:00,2.7681,0.3832666666666666,2.4537220087235787,2.7715724,1.5832614,1.7712584,1.6772599
2010-05-15 23:00:00,3.8198333333333334,0.3930999999999999,2.0586210738620303,2.046888,1.290132,1.199995,1.2450635
2010-05-16 00:00:00,1.8755333333333333,0.3943333333333333,2.0031560936118273,2.6358025,0.9442375,0.8718773,0.9080574
2010-05-16 01:00:00,1.7676666666666667,0.354,1.9608156818091795,1.5027311,0.7536562,0.7423131,0.74798465
2010-05-16 02:00:00,1.9566666666666668,0.3796333333333333,1.8574443825690201,1.8644961,0.6071891,0.690757,0.64897305
2010-05-16 03:00:00,1.4462000000000002,0.3458666666666666,1.793670476269521,1.2958219,0.578925,0.6199042,0.5994146
2010-05-16 04:00:00,0.3499333333333333,0.3608,1.843728474967872,0.4786211,0.5533848,0.58387315,0.56862897
2010-05-16 05:00:00,0.4307666666666667,1.1044333333333332,1.8047537093888657,0.4138576,0.5658436,0.5750222,0.5704329
2010-05-16 06:00:00,0.3432666666666666,0.6398333333333334,2.1191314677502393,0.72500354,0.79880166,0.6060748,0.70243824
2010-05-16 07:00:00,0.3752666666666666,1.9829333333333332,2.446286996720188,0.8090634,1.0562049,0.7535447,0.9048748
2010-05-16 08:00:00,0.4897,1.8605,2.711708012017202,0.6406388,1.0120804,1.0775801,1.0448303
2010-05-16 09:00:00,1.7532,2.0170666666666666,2.6452933344310434,1.0918559,1.2972666,1.3837984,1.3405325
2010-05-16 10:00:00,1.4902333333333333,1.2804333333333335,2.495259397999241,1.8363549,1.574945,1.4938306,1.5343878
2010-05-16 11:00:00,0.6514666666666666,0.5046333333333333,1.91348912311398,1.9103441,1.7664707,1.5317419,1.6491063
2010-05-16 12:00:00,0.6923333333333334,0.7856333333333333,1.3733498583858192,1.1577029,1.5063577,1.545898,1.5261278
2010-05-16 13:00:00,1.9094666666666664,1.6464666666666663,1.0527625105411147,1.1469443,1.5402638,1.5879533,1.5641086
2010-05-16 14:00:00,3.486166666666666,0.8854666666666666,1.0323938784779818,2.0086102,1.4780406,1.5515211,1.5147808
2010-05-16 15:00:00,1.1775,0.5612333333333334,1.0272236046889045,1.825292,1.4559728,1.540855,1.4984139
2010-05-16 16:00:00,0.4786,0.5042666666666666,1.0218515806705524,0.9307021,1.3694341,1.4831332,1.4262836
2010-05-16 17:00:00,0.5519666666666667,0.5530666666666667,1.0353670340928498,0.84750605,1.4158254,1.4645867,1.440206
2010-05-16 18:00:00,1.0913,0.8153,1.1740199121417212,0.9731785,1.4762667,1.4512486,1.4637578
2010-05-16 19:00:00,3.1688666666666667,1.9753,1.4173908390607628,1.6519556,1.862913,1.5379217,1.7004173
2010-05-16 20:00:00,2.5771666666666664,3.084166666666667,2.34029950387781,3.1834877,1.9020879,1.848478,1.875283
2010-05-16 21:00:00,2.7816,3.7895666666666665,2.6006750826457052,2.8052406,2.1960993,2.0021875,2.0991435
2010-05-16 22:00:00,2.5822999999999996,2.7681,2.4516422756284855,2.1601949,1.3272163,1.6477888,1.4875026
2010-05-16 23:00:00,1.5799333333333334,3.8198333333333334,2.056541340766937,1.7234198,0.9371314,1.1587874,1.0479593
2010-05-17 00:00:00,0.9766,1.8755333333333333,2.0010763605167345,1.1898551,0.55119914,0.87349,0.7123445
2010-05-17 01:00:00,0.3819,1.7676666666666667,1.9587359487140865,0.44042638,0.4779333,0.45466006,0.46629667
2010-05-17 02:00:00,0.4126,1.9566666666666668,1.855364649473927,0.38065076,0.4180494,0.44309986,0.43057463
2010-05-17 03:00:00,0.3350666666666667,1.4462000000000002,1.791590743174428,0.4090939,0.4334972,0.41668838,0.4250928
2010-05-17 04:00:00,0.4157,0.3499333333333333,1.841648741872779,0.45054668,0.44313866,0.39275688,0.41794777
2010-05-17 05:00:00,0.3313333333333333,0.4307666666666667,1.8026739762937727,0.49971664,0.53973645,0.44122326,0.49047986
2010-05-17 06:00:00,0.8424333333333334,0.3432666666666666,2.117051734655146,0.8181333,0.87563515,0.7368418,0.8062385
2010-05-17 07:00:00,1.9666,0.3752666666666666,2.4442072636250947,1.9623442,1.6967373,1.2970405,1.4968889
2010-05-17 08:00:00,1.4820666666666666,0.4897,2.709628278922109,1.5690551,1.4761208,1.4971853,1.4866531
2010-05-17 09:00:00,1.485766666666667,1.7532,2.64321360133595,1.3443736,1.395773,1.2851889,1.340481
2010-05-17 10:00:00,1.522166666666667,1.4902333333333333,2.493179664904148,1.2449851,1.084884,1.0709916,1.0779378
2010-05-17 11:00:00,1.4601333333333335,0.6514666666666666,1.9114093900188869,1.3225571,1.1105866,0.9155413,1.0130639
2010-05-17 12:00:00,1.5701,0.6923333333333334,1.3712701252907262,1.2737756,0.98166037,0.7875805,0.8846204
2010-05-17 13:00:00,1.4874,1.9094666666666664,1.0506827774460215,1.4057422,0.758683,0.5827938,0.6707384
2010-05-17 14:00:00,1.415,3.486166666666666,1.0303141453828888,1.2209926,0.5302716,0.47172856,0.50100005
2010-05-17 15:00:00,1.4703333333333333,1.1775,1.0251438715938115,1.1893204,0.6600767,0.4216832,0.54087996
2010-05-17 16:00:00,1.6582333333333332,0.4786,1.0197718475754594,1.1098145,0.61806,0.3623652,0.4902126
2010-05-17 17:00:00,1.6084666666666665,0.5519666666666667,1.0332873009977566,1.4256835,0.67293346,0.41365647,0.54329497
2010-05-17 18:00:00,0.6601333333333332,1.0913,1.171940179046628,1.359957,0.7118219,0.6721306,0.69197625
2010-05-17 19:00:00,0.8043666666666667,3.1688666666666667,1.4153111059656696,1.1306424,1.2937536,1.0078379,1.1507957
2010-05-17 20:00:00,1.5936,2.5771666666666664,2.3382197707827173,1.3199233,1.4720249,1.4684471,1.4702361
2010-05-17 21:00:00,1.7509333333333332,2.7816,2.598595349550612,1.9399323,1.8605845,1.6437271,1.7521558
2010-05-17 22:00:00,1.0803,2.5822999999999996,2.4495625425333922,1.343818,1.6328043,1.2303047,1.4315546
2010-05-17 23:00:00,0.4251333333333333,1.5799333333333334,2.054461607671844,0.34603605,0.8140662,0.65227634,0.7331712
2010-05-18 00:00:00,0.3448,0.9766,1.9989966274216413,0.37066948,0.9146242,0.37161094,0.64311755
2010-05-18 01:00:00,0.4057,0.3819,1.9566562156189935,0.37008476,0.67625433,0.34103918,0.5086467
2010-05-18 02:00:00,0.3416666666666667,0.4126,1.853284916378834,0.39194888,0.7831163,0.3311031,0.5571097
2010-05-18 03:00:00,0.4090666666666667,0.3350666666666667,1.7895110100793348,0.45256603,0.50286275,0.33142292,0.41714284
2010-05-18 04:00:00,0.9974,0.4157,1.8395690087776857,0.4657601,0.46881023,0.3065095,0.38765985
2010-05-18 05:00:00,0.4423,0.3313333333333333,1.8005942431986794,0.42763776,0.46249864,0.35831583,0.41040725
2010-05-18 06:00:00,0.8207333333333333,0.8424333333333334,2.1149720015600533,1.0930886,0.9215903,0.9308934,0.9262419
2010-05-18 07:00:00,1.8852,1.9666,2.4421275305300014,2.0538056,1.8037752,1.5790501,1.6914127
2010-05-18 08:00:00,1.4528666666666663,1.4820666666666666,2.7075485458270157,1.7091614,1.6250932,1.4607604,1.5429268
2010-05-18 09:00:00,1.4544,1.485766666666667,2.6411338682408574,1.374402,1.3368691,1.3112197,1.3240445
2010-05-18 10:00:00,1.5289,1.522166666666667,2.491099931809055,1.2969111,1.26492,1.2553809,1.2601504
2010-05-18 11:00:00,1.5529,1.4601333333333335,1.9093296569237939,1.4391824,1.0524813,1.1976386,1.12506
2010-05-18 12:00:00,1.4756,1.5701,1.3691903921956332,1.3598465,0.97669244,1.1148738,1.045783
2010-05-18 13:00:00,1.467666666666667,1.4874,1.0486030443509284,1.2621125,0.89716923,0.9986293,0.9478992
2010-05-18 14:00:00,1.1408999999999998,1.415,1.0282344122877956,1.2295026,0.7995026,0.8963852,0.8479439
2010-05-18 15:00:00,0.6998333333333334,1.4703333333333333,1.0230641384987182,1.0408363,0.81450856,0.84764445,0.8310765
2010-05-18 16:00:00,0.7251333333333334,1.6582333333333332,1.0176921144803661,0.7860732,0.80728865,0.7955495,0.8014191
2010-05-18 17:00:00,0.6493,1.6084666666666665,1.0312075679026638,0.8505495,0.7856952,0.8002165,0.7929559
2010-05-18 18:00:00,0.6107333333333334,0.6601333333333332,1.1698604459515352,0.9872913,1.0738424,0.88712263,0.9804825
2010-05-18 19:00:00,0.856,0.8043666666666667,1.4132313728705768,1.2309072,1.4542817,1.1047633,1.2795224
2010-05-18 20:00:00,1.9862666666666664,1.5936,2.336140037687624,1.5602638,1.6462015,1.543113,1.5946572
2010-05-18 21:00:00,1.1104999999999998,1.7509333333333332,2.596515616455519,1.6969762,1.8528588,1.7936087,1.8232337
2010-05-18 22:00:00,0.7884333333333333,1.0803,2.4474828094382994,1.2421868,1.4545268,1.476256,1.4653914
2010-05-18 23:00:00,0.5401,0.4251333333333333,2.052381874576751,0.5533622,1.1479946,0.7605545,0.95427454
2010-05-19 00:00:00,0.5312,0.3448,1.996916894326548,0.519701,0.54220927,0.41198653,0.4770979
2010-05-19 01:00:00,0.8956999999999999,0.4057,1.9545764825239003,0.45793575,0.48947686,0.3963737,0.44292527
2010-05-19 02:00:00,0.7556666666666667,0.3416666666666667,1.8512051832837408,0.4318039,0.46566248,0.39843994,0.4320512
2010-05-19 03:00:00,0.4910333333333333,0.4090666666666667,1.7874312769842418,0.49866295,0.4680072,0.36610103,0.41705412
2010-05-19 04:00:00,0.4583666666666666,0.9974,1.8374892756825927,0.5290389,0.48618618,0.31859666,0.40239143
2010-05-19 05:00:00,0.4892,0.4423,1.7985145101035864,0.53899163,0.46882564,0.4248013,0.44681346
2010-05-19 06:00:00,0.5987666666666667,0.8207333333333333,2.11289226846496,1.1406696,0.9453244,1.0677413,1.0065329
2010-05-19 07:00:00,1.2334,1.8852,2.4400477974349086,1.7648829,1.7931291,1.5613678,1.6772485
2010-05-19 08:00:00,1.7,1.4528666666666663,2.705468812731923,1.538256,1.5357356,1.3388015,1.4372685
2010-05-19 09:00:00,1.822466666666667,1.4544,2.639054135145764,1.4192938,1.3391312,1.0875742,1.2133527
2010-05-19 10:00:00,1.4854666666666667,1.5289,2.4890201987139617,1.5590291,1.277319,0.9599047,1.1186118
2010-05-19 11:00:00,1.7189666666666668,1.5529,1.9072499238287006,1.3400061,1.188886,0.9056683,1.0472772
2010-05-19 12:00:00,1.5488333333333335,1.4756,1.36711065910054,1.5255209,1.1332599,0.8559699,0.9946149
2010-05-19 13:00:00,0.3450333333333333,1.467666666666667,1.0465233112558354,1.3209037,1.0834543,0.80659616,0.9450252
2010-05-19 14:00:00,0.9004333333333334,1.1408999999999998,1.0261546791927025,0.48358846,1.1182047,0.75553066,0.9368677
2010-05-19 15:00:00,0.9435333333333332,0.6998333333333334,1.0209844054036252,0.87373644,1.0705314,0.70990217,0.89021677
2010-05-19 16:00:00,0.3992,0.7251333333333334,1.015612381385273,0.95611995,1.0714698,0.6680306,0.8697502
2010-05-19 17:00:00,0.412,0.6493,1.0291278348075705,0.5460708,1.0297272,0.63990855,0.8348179
2010-05-19 18:00:00,0.5127333333333334,0.6107333333333334,1.167780712856442,0.82087016,0.8525914,0.6566024,0.7545969
2010-05-19 19:00:00,1.0709666666666666,0.856,1.4111516397754835,1.0497401,1.1295679,0.8409017,0.98523474
2010-05-19 20:00:00,2.3200999999999996,1.9862666666666664,2.3340603045925308,0.9240599,1.5159081,1.2314613,1.3736846
2010-05-19 21:00:00,1.1143666666666665,1.1104999999999998,2.594435883360426,2.0347044,1.7254219,1.5026711,1.6140466
2010-05-19 22:00:00,0.7745,0.7884333333333333,2.445403076343206,1.732908,1.3983206,1.3652382,1.3817794
2010-05-19 23:00:00,1.2572666666666668,0.5401,2.050302141481658,0.69083947,0.97310007,0.84780234,0.9104512
2010-05-20 00:00:00,0.4038666666666666,0.5312,1.994837161231455,0.28043243,0.5162784,0.46978605,0.49303222
2010-05-20 01:00:00,0.4395333333333333,0.8956999999999999,1.9524967494288072,0.48635888,0.4789825,0.4131928,0.44608766
2010-05-20 02:00:00,0.3904333333333333,0.7556666666666667,1.8491254501886478,0.45430705,0.46051362,0.39630246,0.42840803
2010-05-20 03:00:00,0.4205666666666667,0.4910333333333333,1.7853515438891485,0.45880216,0.43807957,0.37944221,0.4087609
2010-05-20 04:00:00,0.3288333333333333,0.4583666666666666,1.8354095425874997,0.44490993,0.4539927,0.3863498,0.42017126
2010-05-20 05:00:00,0.4045666666666667,0.4892,1.7964347770084934,0.4852278,0.44769618,0.589912,0.5188041
2010-05-20 06:00:00,0.602,0.5987666666666667,2.110812535369867,0.8438951,0.7327176,1.1831121,0.9579148
2010-05-20 07:00:00,1.7003666666666668,1.2334,2.4379680643398154,1.2093866,1.2664207,1.477,1.3717103
2010-05-20 08:00:00,1.7837999999999998,1.7,2.7033890796368296,1.5082543,1.4550785,1.2849057,1.369992
2010-05-20 09:00:00,1.4224333333333334,1.822466666666667,2.636974402050671,1.5688704,1.0814408,1.0436716,1.0625563
2010-05-20 10:00:00,1.4856333333333334,1.4854666666666667,2.486940465618869,1.2718338,1.0786697,0.89521635,0.986943
2010-05-20 11:00:00,1.445633333333333,1.7189666666666668,1.9051701907336076,1.3696322,0.8796056,0.82434034,0.85197294
2010-05-20 12:00:00,1.433266666666667,1.5488333333333335,1.365030926005447,1.2935,1.0416609,0.7665032,0.90408206
2010-05-20 13:00:00,0.8744333333333334,0.3450333333333333,1.0444435781607422,1.2489319,1.1709238,0.7126509,0.94178736
2010-05-20 14:00:00,0.6854,0.9004333333333334,1.0240749460976095,0.6136933,1.0184987,0.6538668,0.8361827
2010-05-20 15:00:00,0.3669666666666666,0.9435333333333332,1.0189046723085322,0.7370672,0.8028163,0.59683526,0.69982576
2010-05-20 16:00:00,0.4586666666666666,0.3992,1.01353264829018,0.52928835,0.70987916,0.5764495,0.64316434
2010-05-20 17:00:00,0.4168666666666666,0.412,1.0270481017124773,0.6521528,0.7190765,0.550128,0.63460225
2010-05-20 18:00:00,1.4747333333333332,0.5127333333333334,1.1657009797613487,0.6240017,1.1825696,0.58542085,0.88399523
2010-05-20 19:00:00,0.8403666666666666,1.0709666666666666,1.4090719066803903,1.4732839,1.2453401,0.7886754,1.0170078
2010-05-20 20:00:00,0.4433666666666667,2.3200999999999996,2.3319805714974375,1.2116365,1.362573,1.1423082,1.2524407
2010-05-20 21:00:00,0.4269,1.1143666666666665,2.592356150265333,0.9786523,1.6560837,1.339504,1.4977939
2010-05-20 22:00:00,0.4138666666666666,0.7745,2.443323343248113,0.7539756,1.326415,1.1985328,1.2624738
2010-05-20 23:00:00,0.5691333333333334,1.2572666666666668,2.0482224083865646,0.5095127,0.72481805,0.7756649,0.7502415
2010-05-21 00:00:00,0.4106333333333333,0.4038666666666666,1.992757428136362,0.5232959,0.53121245,0.4472146,0.48921353
2010-05-21 01:00:00,0.8209333333333333,0.4395333333333333,1.9504170163337142,0.46053648,0.47172844,0.38358593,0.4276572
2010-05-21 02:00:00,0.6970333333333334,0.3904333333333333,1.8470457170935548,0.38379398,0.43703794,0.36044008,0.398739
2010-05-21 03:00:00,0.4191,0.4205666666666667,1.7832718107940555,0.47953615,0.43944934,0.34867305,0.3940612
2010-05-21 04:00:00,0.3431666666666667,0.3288333333333333,1.8333298094924064,0.42770997,0.4329974,0.36178476,0.39739108
2010-05-21 05:00:00,0.4114666666666666,0.4045666666666667,1.7943550439134002,0.48127842,0.45075142,0.5224029,0.48657715
2010-05-21 06:00:00,0.408,0.602,2.1087328022747736,1.0298021,0.8924727,0.95893157,0.9257021
2010-05-21 07:00:00,1.4021,1.7003666666666668,2.435888331244722,1.1016886,1.5531166,1.3293291,1.4412229
2010-05-21 08:00:00,2.0987,1.7837999999999998,2.701309346541737,1.5716506,1.6495693,1.3730998,1.5113345
2010-05-21 09:00:00,2.0111,1.4224333333333334,2.634894668955578,1.9062413,1.175373,1.25859,1.2169814
2010-05-21 10:00:00,1.5535333333333334,1.4856333333333334,2.4848607325237757,1.5920595,1.1746674,1.1062253,1.1404463
2010-05-21 11:00:00,1.549,1.445633333333333,1.9030904576385146,1.522984,1.0961385,0.97044516,1.0332918
2010-05-21 12:00:00,0.8231666666666667,1.433266666666667,1.362951192910354,1.4318324,1.0511156,0.84653944,0.9488275
2010-05-21 13:00:00,0.3903333333333333,0.8744333333333334,1.0423638450656492,1.0782052,1.09016,0.74841,0.919285
2010-05-21 14:00:00,0.6574000000000001,0.6854,1.0219952130025163,0.6389625,1.1990254,0.6579853,0.92850536
2010-05-21 15:00:00,1.3532,0.3669666666666666,1.016824939213439,1.0082582,1.1420202,0.59413224,0.8680762
2010-05-21 16:00:00,0.5370333333333334,0.4586666666666666,1.0114529151950868,1.0586648,1.0468241,0.53640366,0.7916139
2010-05-21 17:00:00,0.3586,0.4168666666666666,1.0249683686173845,0.8743354,1.1424476,0.5026317,0.8225397
2010-05-21 18:00:00,0.4476333333333333,1.4747333333333332,1.1636212466662559,0.7539101,1.1609818,0.5155262,0.838254
2010-05-21 19:00:00,0.8801,0.8403666666666666,1.4069921735852975,0.9843398,1.3336629,0.716225,1.024944
2010-05-21 20:00:00,1.7375666666666667,0.4433666666666667,2.3299008384023443,1.0371867,1.2341682,1.003067,1.1186175
2010-05-21 21:00:00,0.9084333333333332,0.4269,2.59027641717024,1.5546312,1.1666416,1.1528153,1.1597285
2010-05-21 22:00:00,0.909,0.4138666666666666,2.44124361015302,1.075008,0.9467242,1.0350085,0.99086636
2010-05-21 23:00:00,0.4460333333333333,0.5691333333333334,2.0461426752914718,0.5986194,0.7468934,0.70440876,0.7256511
2010-05-22 00:00:00,0.4557333333333334,0.4106333333333333,1.9906776950412688,0.4591117,0.57869697,0.4392885,0.50899273
2010-05-22 01:00:00,0.4961333333333333,0.8209333333333333,1.948337283238621,0.47521144,0.56290424,0.36737043,0.46513733
2010-05-22 02:00:00,0.9549,0.6970333333333334,1.8449659839984616,0.48348996,0.50578904,0.31843108,0.41211006
2010-05-22 03:00:00,0.5759666666666666,0.4191,1.7811920776989625,0.39865148,0.45416626,0.3003443,0.37725526
2010-05-22 04:00:00,0.4634666666666666,0.3431666666666667,1.8312500763973134,0.5972035,0.45953593,0.32641542,0.3929757
2010-05-22 05:00:00,0.4250666666666667,0.4114666666666666,1.7922753108183072,0.53316504,0.47958988,0.40040165,0.43999577
2010-05-22 06:00:00,0.8622333333333334,0.408,2.1066530691796808,0.75462574,0.7181854,0.5944438,0.6563146
2010-05-22 07:00:00,1.8893333333333333,1.4021,2.4338085981496294,1.9189308,1.5112883,0.87928176,1.1952851
2010-05-22 08:00:00,2.1137666666666663,2.0987,2.6992296134466436,1.7231874,1.4157991,1.1224496,1.2691244
2010-05-22 09:00:00,2.0202,2.0111,2.632814935860485,2.228228,1.2166855,1.2945275,1.2556065
2010-05-22 10:00:00,2.1044333333333336,1.5535333333333334,2.4827809994286825,1.838455,1.4305266,1.3571444,1.3938355
2010-05-22 11:00:00,2.9777333333333336,1.549,1.9010107245434213,1.7226315,1.277311,1.3664929,1.3219019
2010-05-22 12:00:00,2.9287,0.8231666666666667,1.3608714598152607,2.334538,1.3616775,1.3521882,1.3569329
2010-05-22 13:00:00,1.3232333333333337,0.3903333333333333,1.040284111970556,2.3449266,1.465416,1.2887388,1.3770773
2010-05-22 14:00:00,1.7196333333333331,0.6574000000000001,1.0199154799074233,1.0130465,1.3550655,1.1806611,1.2678633
2010-05-22 15:00:00,1.7081666666666666,1.3532,1.014745206118346,1.6332808,1.3442773,1.131859,1.2380681
2010-05-22 16:00:00,1.6239666666666668,0.5370333333333334,1.0093731820999938,1.5298824,1.3286941,1.1364468,1.2325704
2010-05-22 17:00:00,1.3736666666666666,0.3586,1.0228886355222913,1.5180066,1.3018501,1.118545,1.2101976
2010-05-22 18:00:00,0.5486,0.4476333333333333,1.1615415135711626,1.1584476,1.3110667,1.086273,1.1986699
2010-05-22 19:00:00,1.6358666666666666,0.8801,1.4049124404902043,1.1065824,1.471489,1.0842136,1.2778513
2010-05-22 20:00:00,2.604766666666667,1.7375666666666667,2.3278211053072515,1.6348221,1.3872265,1.1050646,1.2461455
2010-05-22 21:00:00,1.8646333333333336,0.9084333333333332,2.5881966840751467,2.8146749,1.5294818,1.2622918,1.3958868
2010-05-22 22:00:00,1.6266333333333334,0.909,2.439163877057927,1.8793439,1.4606125,1.2409669,1.3507898
2010-05-22 23:00:00,0.6326999999999999,0.4460333333333333,2.0440629421963785,1.1127218,1.2424357,1.0080252,1.1252304
2010-05-23 00:00:00,0.6506000000000001,0.4557333333333334,1.9885979619461758,0.57339025,0.8664203,0.7465638,0.8064921
2010-05-23 01:00:00,0.5380666666666667,0.4961333333333333,1.946257550143528,0.5181292,0.7496739,0.5688504,0.6592622
2010-05-23 02:00:00,0.3660333333333333,0.9549,1.8428862509033686,0.4950046,0.795394,0.47946852,0.63743126
2010-05-23 03:00:00,0.4388333333333333,0.5759666666666666,1.7791123446038692,0.33913478,0.57435185,0.40730727,0.49082956
2010-05-23 04:00:00,0.3905333333333333,0.4634666666666666,1.8291703433022204,0.4474775,0.45990485,0.38092697,0.4204159
2010-05-23 05:00:00,1.0787,0.4250666666666667,1.7901955777232141,0.47735015,0.45897716,0.4027595,0.43086833
2010-05-23 06:00:00,0.4126333333333333,0.8622333333333334,2.1045733360845875,0.5446699,0.5859308,0.4958163,0.5408735
2010-05-23 07:00:00,0.5722,1.8893333333333333,2.431728865054536,0.5965491,0.90533847,0.6913812,0.7983599
2010-05-23 08:00:00,0.5780333333333334,2.1137666666666663,2.6971498803515503,0.88558877,0.8136834,0.93018377,0.8719336
2010-05-23 09:00:00,2.038066666666667,2.0202,2.6307352027653916,0.8678267,1.1208222,1.1478748,1.1343485
2010-05-23 10:00:00,1.419166666666667,2.1044333333333336,2.4807012663335897,1.6886687,1.1827701,1.3103545,1.2465622
2010-05-23 11:00:00,1.3234,2.9777333333333336,1.8989309914483283,1.5802256,1.0656804,1.3794422,1.2225614
2010-05-23 12:00:00,0.6875,2.9287,1.3587917267201677,1.3616401,1.1675131,1.3644481,1.2659806
2010-05-23 13:00:00,1.4910666666666663,1.3232333333333337,1.038204378875463,1.1075913,1.5674635,1.3029876,1.4352255
2010-05-23 14:00:00,1.8497333333333332,1.7196333333333331,1.0178357468123302,1.318598,1.4582119,1.2048194,1.3315157
2010-05-23 15:00:00,1.7885666666666666,1.7081666666666666,1.012665473023253,1.6254046,1.281728,1.1086005,1.1951642
2010-05-23 16:00:00,1.7826333333333333,1.6239666666666668,1.0072934490049008,1.5549997,1.3075486,1.0326228,1.1700857
2010-05-23 17:00:00,0.9132666666666668,1.3736666666666666,1.020808902427198,1.5161232,1.3499438,0.9756454,1.1627946
2010-05-23 18:00:00,0.6145666666666667,0.5486,1.1594617804760694,1.1776841,1.3774611,0.95206255,1.1647618
2010-05-23 19:00:00,0.6609666666666667,1.6358666666666666,1.402832707395111,0.8553067,1.5521865,1.0166198,1.2844031
2010-05-23 20:00:00,0.7431333333333333,2.604766666666667,2.3257413722121587,0.9351682,1.5270551,1.1643639,1.3457096
2010-05-23 21:00:00,1.9589333333333336,1.8646333333333336,2.5861169509800535,1.5048788,1.6194503,1.2717261,1.4455882
2010-05-23 22:00:00,1.5712000000000002,1.6266333333333334,2.4370841439628337,1.5202218,1.5813872,1.2063652,1.3938762
2010-05-23 23:00:00,0.9247666666666668,0.6326999999999999,2.0419832091012853,0.7797007,1.0305047,0.9849816,1.0077431
2010-05-24 00:00:00,0.4747666666666666,0.6506000000000001,1.9865182288510828,0.59412575,0.6136901,0.7803121,0.6970011
2010-05-24 01:00:00,0.4730333333333333,0.5380666666666667,1.944177817048435,0.42395598,0.4832369,0.378713,0.43097496
2010-05-24 02:00:00,0.4633666666666666,0.3660333333333333,1.8408065178082755,0.4704259,0.52585346,0.31474715,0.4203003
2010-05-24 03:00:00,0.4299666666666666,0.4388333333333333,1.7770326115087762,0.47262344,0.47260204,0.29809326,0.38534766
2010-05-24 04:00:00,0.3994,0.3905333333333333,1.8270906102071272,0.41489562,0.47451255,0.33924812,0.40688032
2010-05-24 05:00:00,0.4326,1.0787,1.788115844628121,0.4629827,0.490522,0.5292172,0.5098696
2010-05-24 06:00:00,1.044533333333333,0.4126333333333333,2.1024936029894943,0.71783197,0.87712455,0.9704646,0.92379457
2010-05-24 07:00:00,0.5814666666666667,0.5722,2.429649131959443,1.2383345,1.4772261,1.2960927,1.3866594
2010-05-24 08:00:00,0.8345333333333333,0.5780333333333334,2.695070147256457,0.9871035,1.3098093,1.1689521,1.2393807
2010-05-24 09:00:00,0.6686,2.038066666666667,2.628655469670299,1.1508533,1.1832341,0.9381123,1.0606732
2010-05-24 10:00:00,1.2894666666666663,1.419166666666667,2.4786215332384964,0.96322614,1.2880716,0.77458215,1.0313269
2010-05-24 11:00:00,0.5929,1.3234,1.8968512583532353,1.0190887,1.2082204,0.67697275,0.94259655
2010-05-24 12:00:00,1.4928666666666668,0.6875,1.3567119936250747,0.8951699,1.4895567,0.61327887,1.0514178
2010-05-24 13:00:00,0.4771666666666666,1.4910666666666663,1.03612464578037,1.2731422,1.1908896,0.60994923,0.9004194
2010-05-24 14:00:00,0.4527666666666666,1.8497333333333332,1.015756013717237,0.9382112,1.2027706,0.6308087,0.91678965
2010-05-24 15:00:00,0.4005333333333333,1.7885666666666666,1.0105857399281597,0.638285,1.0380745,0.64939386,0.84373415
2010-05-24 16:00:00,0.9590333333333334,1.7826333333333333,1.0052137159098076,0.6113927,1.1422359,0.64898556,0.8956107
2010-05-24 17:00:00,1.6942666666666668,0.9132666666666668,1.0187291693321052,1.5307572,1.1544527,0.6372002,0.89582646
2010-05-24 18:00:00,1.705833333333333,0.6145666666666667,1.1573820473809766,1.3231944,1.0368515,0.6374388,0.83714515
2010-05-24 19:00:00,1.3048,0.6609666666666667,1.4007529743000182,1.4282957,1.2780339,0.72437525,1.0012045
2010-05-24 20:00:00,2.253833333333333,0.7431333333333333,2.3236616391170655,1.3407186,1.2624047,0.92606175,1.0942333
2010-05-24 21:00:00,2.447,1.9589333333333336,2.5840372178849607,2.03594,1.5399487,1.1193928,1.3296707
2010-05-24 22:00:00,1.1054666666666668,1.5712000000000002,2.435004410867741,1.7212527,1.649983,1.1036689,1.376826
2010-05-24 23:00:00,0.3773333333333333,0.9247666666666668,2.0399034760061925,0.6123312,0.87108296,0.8847211,0.87790203
2010-05-25 00:00:00,0.3273333333333333,0.4747666666666666,1.9844384957559895,0.37325826,0.53706247,0.622319,0.5796907
2010-05-25 01:00:00,0.3826333333333333,0.4730333333333333,1.9420980839533417,0.39207953,0.44968432,0.47011554,0.45989993
2010-05-25 02:00:00,0.3298,0.4633666666666666,1.8387267847131823,0.39770362,0.43809977,0.40541625,0.421758
2010-05-25 03:00:00,0.3657333333333333,0.4299666666666666,1.7749528784136832,0.42017055,0.43457288,0.3499381,0.39225549
2010-05-25 04:00:00,0.3440333333333333,0.3994,1.8250108771120341,0.4306434,0.4556747,0.3573479,0.4065113
2010-05-25 05:00:00,0.3430333333333333,0.4326,1.7860361115330279,0.41999108,0.47507888,0.541384,0.5082314
2010-05-25 06:00:00,0.5341,1.044533333333333,2.1004138698944015,1.0689429,0.8481993,0.989315,0.91875714
2010-05-25 07:00:00,1.6887333333333332,0.5814666666666667,2.42756939886435,1.4967107,1.3422226,1.2431418,1.2926822
2010-05-25 08:00:00,1.7139666666666666,0.8345333333333333,2.6929904141613643,1.4702123,1.2017614,1.0965036,1.1491325
2010-05-25 09:00:00,1.5015666666666665,0.6686,2.6265757365752056,1.3420401,1.1252307,0.9001998,1.0127152
2010-05-25 10:00:00,1.5305333333333333,1.2894666666666663,2.476541800143403,1.2332886,1.0098673,0.7738069,0.8918371
2010-05-25 11:00:00,1.4275666666666669,0.5929,1.894771525258142,1.280291,1.031931,0.7003492,0.8661401
2010-05-25 12:00:00,0.7964666666666667,1.4928666666666668,1.3546322605299814,1.1958897,0.8954942,0.6620603,0.77877724
2010-05-25 13:00:00,0.3499,0.4771666666666666,1.0340449126852767,0.7224872,1.0400513,0.6652597,0.85265553
2010-05-25 14:00:00,0.3369999999999999,0.4527666666666666,1.013676280622144,0.39143488,0.89899844,0.60512996,0.7520642
2010-05-25 15:00:00,0.3472,0.4005333333333333,1.0085060068330667,0.3969428,0.82852954,0.54892284,0.6887262
2010-05-25 16:00:00,0.4753,0.9590333333333334,1.0031339828147146,0.5025886,0.74413043,0.48248965,0.61331004
2010-05-25 17:00:00,0.5867666666666668,1.6942666666666668,1.016649436237012,0.56845367,0.58533084,0.49061418,0.5379725
2010-05-25 18:00:00,0.4913333333333333,1.705833333333333,1.1553023142858834,1.036657,0.84527713,0.558033,0.70165503
2010-05-25 19:00:00,1.3298666666666668,1.3048,1.398673241204925,1.0463198,1.1206851,0.7549336,0.93780935
2010-05-25 20:00:00,1.9245,2.253833333333333,2.3215819060219722,1.561701,1.3453838,0.9337871,1.1395855
2010-05-25 21:00:00,1.8886,2.447,2.5819574847898674,1.7602265,1.7485888,1.1268495,1.4377191
2010-05-25 22:00:00,0.5967333333333333,1.1054666666666668,2.4329246777726476,1.4258053,1.4467587,1.1010916,1.2739252
2010-05-25 23:00:00,0.3644,0.3773333333333333,2.0378237429110992,0.40254208,0.8224857,0.7890389,0.8057623
2010-05-26 00:00:00,0.3423,0.3273333333333333,1.9823587626608965,0.36603922,0.5447127,0.5133809,0.5290468
2010-05-26 01:00:00,0.3364666666666666,0.3826333333333333,1.9400183508582487,0.3473341,0.47302,0.3974306,0.4352253
2010-05-26 02:00:00,0.3501,0.3298,1.8366470516180893,0.41543964,0.43585986,0.3585884,0.39722413
2010-05-26 03:00:00,0.3263,0.3657333333333333,1.77287314531859,0.36878753,0.43150702,0.30099607,0.36625153
2010-05-26 04:00:00,0.3391333333333333,0.3440333333333333,1.8229311440169411,0.44010222,0.4354908,0.25946927,0.34748003
2010-05-26 05:00:00,0.3362666666666666,0.3430333333333333,1.7839563784379349,0.40505743,0.4557237,0.32954735,0.39263552
2010-05-26 06:00:00,0.8395333333333334,0.5341,2.0983341367993082,0.8914295,0.83587635,0.70872736,0.77230185
2010-05-26 07:00:00,1.5743666666666667,1.6887333333333332,2.425489665769257,1.3913375,1.3140173,1.1637745,1.2388959
2010-05-26 08:00:00,2.3483,1.7139666666666666,2.690910681066271,1.6494937,1.4993738,1.1382545,1.3188142
2010-05-26 09:00:00,2.3270666666666666,1.5015666666666665,2.6244960034801124,1.8732342,1.0551137,0.9252822,0.9901979
2010-05-26 10:00:00,1.6331666666666669,1.5305333333333333,2.4744620670483104,1.7151986,1.1053883,0.726429,0.91590863
2010-05-26 11:00:00,1.6315,1.4275666666666669,1.892691792163049,1.3903528,1.0905367,0.608431,0.84948385
2010-05-26 12:00:00,0.7616666666666667,0.7964666666666667,1.3525525274348884,1.5142467,1.1816194,0.54576343,0.86369145
2010-05-26 13:00:00,1.4149,0.3499,1.0319651795901836,1.0828614,0.7003447,0.5029074,0.60162604
2010-05-26 14:00:00,0.3886333333333333,0.3369999999999999,1.011596547527051,0.98624486,0.775113,0.40459633,0.58985466
2010-05-26 15:00:00,0.3882666666666666,0.3472,1.0064262737379737,0.54802054,0.70916593,0.43638295,0.5727744
2010-05-26 16:00:00,0.3389666666666667,0.4753,1.0010542497196215,0.44247448,0.68439287,0.44424552,0.5643192
2010-05-26 17:00:00,0.4154,0.5867666666666668,1.0145697031419187,0.5335927,0.62541366,0.454673,0.54004335
2010-05-26 18:00:00,0.5874,0.4913333333333333,1.1532225811907901,0.71926135,0.8540521,0.54202807,0.6980401
2010-05-26 19:00:00,2.6902,1.3298666666666668,1.3965935081098317,1.2349815,1.4925843,0.77912736,1.1358559
2010-05-26 20:00:00,2.1698,1.9245,2.319502172926879,2.1248186,1.7695086,1.2361094,1.502809
2010-05-26 21:00:00,0.7276,1.8886,2.5798777516947746,1.8385203,1.792994,1.4430194,1.6180067
2010-05-26 22:00:00,0.5349333333333333,0.5967333333333333,2.4308449446775544,0.9526911,1.2142779,1.127857,1.1710675
2010-05-26 23:00:00,0.3291333333333333,0.3644,2.035744009816006,0.64951164,0.7289161,0.6523284,0.6906222
2010-05-27 00:00:00,0.3127666666666667,0.3423,1.9802790295658035,0.34674323,0.55912024,0.37536323,0.46724173
2010-05-27 01:00:00,0.3091666666666667,0.3364666666666666,1.9379386177631557,0.40883422,0.4645405,0.39750248,0.4310215
2010-05-27 02:00:00,0.3158,0.3501,1.8345673185229963,0.32655668,0.49868107,0.4060225,0.45235178
2010-05-27 03:00:00,0.6246666666666666,0.3263,1.770793412223497,0.38123977,0.48680624,0.39972788,0.44326705
2010-05-27 04:00:00,0.6682,0.3391333333333333,1.8208514109218479,0.42345107,0.5015441,0.42794436,0.46474424
2010-05-27 05:00:00,0.2779333333333333,0.3362666666666666,1.7818766453428416,0.39743713,0.50044817,0.6060935,0.5532708
2010-05-27 06:00:00,0.5009666666666667,0.8395333333333334,2.096254403704215,0.94965994,0.88010687,1.0397397,0.95992327
2010-05-27 07:00:00,1.0825,1.5743666666666667,2.4234099326741636,1.244159,1.6866378,1.3553529,1.5209954
2010-05-27 08:00:00,1.6715666666666666,2.3483,2.6888309479711783,1.5175633,1.7508842,1.3257749,1.5383296
2010-05-27 09:00:00,1.6833333333333331,2.3270666666666666,2.6224162703850196,1.4845618,1.5319896,1.1974268,1.3647082
2010-05-27 10:00:00,1.3379666666666667,1.6331666666666669,2.472382333953217,1.4397732,1.3441408,1.08541,1.2147753
2010-05-27 11:00:00,1.355033333333333,1.6315,1.890612059067956,1.23683,1.2280385,1.0068126,1.1174256
2010-05-27 12:00:00,1.5419333333333334,0.7616666666666667,1.3504727943397954,1.1265489,1.0492678,0.935588,0.9924279
2010-05-27 13:00:00,1.7148333333333334,1.4149,1.0298854464950906,1.40637,0.62372875,0.8789595,0.7513441
2010-05-27 14:00:00,0.4535333333333333,0.3886333333333333,1.0095168144319577,1.2338026,0.8404918,0.787107,0.8137994
2010-05-27 15:00:00,0.7421,0.3882666666666666,1.0043465406428804,0.8988824,0.67573553,0.7705716,0.7231536
2010-05-27 16:00:00,0.3142,0.3389666666666667,0.9989745166245283,0.78249526,0.6796134,0.66847885,0.67404616
2010-05-27 17:00:00,0.4721333333333333,0.4154,1.012489970046826,0.45665905,0.69791734,0.7376636,0.7177905
2010-05-27 18:00:00,0.6200666666666667,0.5874,1.1511428480956973,0.90195984,1.0082718,1.002274,1.0052729
2010-05-27 19:00:00,1.0631666666666666,2.6902,1.394513775014739,1.2001483,1.3404027,1.146813,1.2436079
2010-05-27 20:00:00,1.8888,2.1698,2.3174224398317858,1.5120258,1.4292761,1.4224108,1.4258435
2010-05-27 21:00:00,1.4042333333333334,0.7276,2.5777980185996814,1.5564337,1.5071458,1.4046769,1.4559114
2010-05-27 22:00:00,0.8867333333333334,0.5349333333333333,2.4287652115824616,1.3741243,1.0731479,1.114979,1.0940635
2010-05-27 23:00:00,0.8140666666666667,0.3291333333333333,2.033664276720913,0.5783455,1.0386813,0.7383844,0.8885329
2010-05-28 00:00:00,0.5976,0.3127666666666667,1.9781992964707102,0.34641388,0.51798666,0.52133435,0.5196605
2010-05-28 01:00:00,0.3832333333333333,0.3091666666666667,1.9358588846680624,0.49233907,0.43369165,0.4029259,0.4183088
2010-05-28 02:00:00,0.307,0.3158,1.832487585427903,0.40130457,0.4139355,0.35879004,0.3863628
2010-05-28 03:00:00,0.3154,0.6246666666666666,1.7687136791284037,0.36387643,0.4313103,0.30763173,0.369471
2010-05-28 04:00:00,0.2555333333333333,0.6682,1.8187716778267549,0.41884032,0.43273705,0.27605104,0.35439405
2010-05-28 05:00:00,0.2720333333333333,0.2779333333333333,1.7797969122477486,0.34630623,0.41467163,0.4230224,0.41884702
2010-05-28 06:00:00,0.9972666666666666,0.5009666666666667,2.094174670609122,0.6957332,0.79240686,0.9776228,0.88501483
2010-05-28 07:00:00,1.3094,1.0825,2.421330199579071,1.3909568,1.4904985,1.5312196,1.510859
2010-05-28 08:00:00,1.5994333333333333,1.6715666666666666,2.686751214876085,1.2658644,1.7675399,1.5496308,1.6585853
2010-05-28 09:00:00,1.8097333333333336,1.6833333333333331,2.6203365372899263,1.4041215,1.4247578,1.358872,1.391815
2010-05-28 10:00:00,1.5336,1.3379666666666667,2.470302600858124,1.4814904,1.220849,1.2162611,1.2185551
2010-05-28 11:00:00,1.2612333333333334,1.355033333333333,1.8885323259728628,1.3378702,1.0531719,1.076016,1.0645939
2010-05-28 12:00:00,0.7979,1.5419333333333334,1.3483930612447022,0.84561294,0.8446545,0.9705826,0.9076185
2010-05-28 13:00:00,0.7848333333333333,1.7148333333333334,1.0278057133999974,0.9453056,0.83882666,0.90957236,0.8741995
2010-05-28 14:00:00,0.9882333333333332,0.4535333333333333,1.0074370813368647,0.9323166,0.78645813,0.84604084,0.8162495
2010-05-28 15:00:00,1.3665,0.7421,1.0022668075477874,0.9348532,0.9362462,0.7926178,0.864432
2010-05-28 16:00:00,1.4591333333333334,0.3142,0.9968947835294353,0.989937,0.7964844,0.78928065,0.79288256
2010-05-28 17:00:00,1.3106666666666666,0.4721333333333333,1.0104102369517327,1.2346058,0.69062036,0.77612627,0.7333733
2010-05-28 18:00:00,0.8873666666666666,0.6200666666666667,1.149063115000604,1.0465957,0.80935574,0.7558008,0.78257823
2010-05-28 19:00:00,0.7254333333333334,1.0631666666666666,1.3924340419196457,1.1798025,1.3402828,0.9199202,1.1301014
2010-05-28 20:00:00,0.6027666666666666,1.8888,2.315342706736693,1.0579426,1.3840635,1.3061161,1.3450898
2010-05-28 21:00:00,0.8782333333333333,1.4042333333333334,2.575718285504588,1.0945661,1.4172243,1.5526822,1.4849532
2010-05-28 22:00:00,1.5304,0.8867333333333334,2.4266854784873684,1.4617893,1.2853078,1.4206717,1.3529897
2010-05-28 23:00:00,1.3298,0.8140666666666667,2.03158454362582,0.31639633,0.8845634,1.0086685,0.94661593
2010-05-29 00:00:00,0.5915,0.5976,1.9761195633756172,0.66764796,0.59946835,0.6715023,0.6354853
2010-05-29 01:00:00,0.4802,0.3832333333333333,1.9337791515729694,0.5239396,0.5201106,0.55284345,0.536477
2010-05-29 02:00:00,0.3274,0.307,1.83040785233281,0.4553785,0.5022202,0.49377573,0.49799797
2010-05-29 03:00:00,0.3001666666666667,0.3154,1.7666339460333107,0.40457228,0.47131693,0.44817603,0.45974648
2010-05-29 04:00:00,0.2338666666666666,0.2555333333333333,1.8166919447316618,0.31387776,0.42445442,0.43507832,0.42976636
2010-05-29 05:00:00,0.3094666666666666,0.2720333333333333,1.7777171791526556,0.34054726,0.42736253,0.45036787,0.43886518
2010-05-29 06:00:00,0.5893666666666667,0.9972666666666666,2.092094937514029,0.7202194,0.77671444,0.6098093,0.69326186
2010-05-29 07:00:00,1.8147333333333333,1.3094,2.4192504664839776,1.7201545,1.4182065,0.9704706,1.1943386
2010-05-29 08:00:00,1.426,1.5994333333333333,2.684671481780992,1.6074362,1.3556614,1.3087412,1.3322012
2010-05-29 09:00:00,1.3294333333333337,1.8097333333333336,2.618256804194833,1.4113201,1.2307959,1.4507629,1.3407793
2010-05-29 10:00:00,2.6568666666666667,1.5336,2.468222867763031,1.267496,1.3708436,1.4500301,1.4104369
2010-05-29 11:00:00,1.0861333333333334,1.2612333333333334,1.8864525928777698,2.0803034,1.5154018,1.4046695,1.4600357
2010-05-29 12:00:00,2.0979666666666668,0.7979,1.3463133281496091,1.6987212,1.4371123,1.3610823,1.3990973
2010-05-29 13:00:00,1.6629666666666667,0.7848333333333333,1.0257259803049044,1.9890612,1.3931017,1.313017,1.3530593
2010-05-29 14:00:00,2.0310333333333332,0.9882333333333332,1.0053573482417717,1.6261195,1.3035188,1.2968202,1.3001695
2010-05-29 15:00:00,1.0608,1.3665,1.0001870744526944,1.8138584,1.4749984,1.2801772,1.3775878
2010-05-29 16:00:00,0.8701000000000001,1.4591333333333334,0.9948150504343423,1.2269952,1.3227626,1.273518,1.2981403
2010-05-29 17:00:00,1.2503666666666668,1.3106666666666666,1.0083305038566395,0.9962828,1.3885663,1.4397663,1.4141662
2010-05-29 18:00:00,3.412,0.8873666666666666,1.1469833819055109,1.777381,1.4380634,1.6512423,1.5446528
2010-05-29 19:00:00,2.405466666666667,0.7254333333333334,1.3903543088245525,2.4435592,1.7015458,2.0219889,1.8617673
2010-05-29 20:00:00,1.6508666666666667,0.6027666666666666,2.3132629736415997,2.7559614,1.8742787,2.218019,2.0461488
2010-05-29 21:00:00,2.2383,0.8782333333333333,2.573638552409495,1.5593233,1.8881694,2.0873961,1.9877827
2010-05-29 22:00:00,2.0489,1.5304,2.424605745392275,1.5624278,1.6653162,1.5990939,1.632205
2010-05-29 23:00:00,2.2895666666666665,1.3298,2.0295048105307267,1.2032012,1.354844,1.1145393,1.2346916
2010-05-30 00:00:00,0.878,0.5915,1.974039830280524,1.3573587,0.86897165,0.85738486,0.86317825
2010-05-30 01:00:00,1.4239,0.4802,1.9316994184778764,0.7128553,0.6859399,0.75975347,0.7228467
2010-05-30 02:00:00,0.525,0.3274,1.828328119237717,1.1548697,0.5524104,0.6867474,0.6195789
2010-05-30 03:00:00,0.4649666666666666,0.3001666666666667,1.7645542129382177,0.44998875,0.5011975,0.6005889,0.5508932
2010-05-30 04:00:00,0.4492,0.2338666666666666,1.8146122116365686,0.5040969,0.42575136,0.5441095,0.48493046
2010-05-30 05:00:00,0.4757666666666666,0.3094666666666666,1.7756374460575624,0.4813855,0.596482,0.5187125,0.5575973
2010-05-30 06:00:00,0.4659,0.5893666666666667,2.0900152044189357,0.6992779,0.5931317,0.5441588,0.56864524
2010-05-30 07:00:00,0.7262666666666667,1.8147333333333333,2.4171707333888843,0.8186918,0.94257486,0.65377057,0.7981727
2010-05-30 08:00:00,1.3738666666666668,1.426,2.6825917486858986,0.8899545,0.96555054,0.8460058,0.90577817
2010-05-30 09:00:00,0.6325666666666667,1.3294333333333337,2.6161770710997403,1.3876531,1.3616204,1.0459605,1.2037904
2010-05-30 10:00:00,1.6635666666666666,2.6568666666666667,2.466143134667938,0.9548914,1.3350142,1.1945204,1.2647673
2010-05-30 11:00:00,1.3511333333333333,1.0861333333333334,1.8843728597826768,1.9942138,1.4638582,1.2968034,1.3803308
2010-05-30 12:00:00,0.8259000000000001,2.0979666666666668,1.3442335950545161,1.4429711,1.2497951,1.3423814,1.2960882
2010-05-30 13:00:00,0.7817333333333333,1.6629666666666667,1.0236462472098113,1.0190659,1.4039701,1.3769863,1.3904781
2010-05-30 14:00:00,0.4062666666666666,2.0310333333333332,1.0032776151466785,1.0301273,1.3794512,1.4112661,1.3953586
2010-05-30 15:00:00,1.6644666666666663,1.0608,0.9981073413576012,0.6102268,1.3881232,1.4497976,1.4189603
2010-05-30 16:00:00,1.0025,0.8701000000000001,0.992735317339249,1.5311736,1.4897509,1.4362168,1.4629838
2010-05-30 17:00:00,2.586,1.2503666666666668,1.0062507707615467,1.530959,1.3351392,1.5000215,1.4175804
2010-05-30 18:00:00,1.8243666666666667,3.412,1.144903648810418,2.4749877,1.4295924,1.5997036,1.514648
2010-05-30 19:00:00,2.1343,2.405466666666667,1.3882745757294597,2.02392,1.6250677,1.7052555,1.6651616
2010-05-30 20:00:00,3.004366666666667,1.6508666666666667,2.311183240546507,2.3466878,1.6999846,1.8396609,1.7698227
2010-05-30 21:00:00,2.281966666666667,2.2383,2.571558819314402,2.593458,2.002893,1.7708623,1.8868777
2010-05-30 22:00:00,0.4955666666666667,2.0489,2.4225260122971823,1.5720989,1.7055037,1.4844887,1.5949962
2010-05-30 23:00:00,0.3241,2.2895666666666665,2.027425077435634,0.78573203,1.1139715,1.1305562,1.1222639
2010-05-31 00:00:00,0.2886666666666667,0.878,1.971960097185431,0.32229277,0.634059,0.9149568,0.7745079
2010-05-31 01:00:00,0.2657,1.4239,1.9296196853827832,0.3113257,0.5414205,0.46270502,0.5020628
2010-05-31 02:00:00,0.2944,0.525,1.8262483861426237,0.30330965,0.46229625,0.42710757,0.4447019
2010-05-31 03:00:00,0.2641666666666666,0.4649666666666666,1.7624744798431244,0.3548792,0.44273713,0.40408498,0.42341107
2010-05-31 04:00:00,0.2815333333333333,0.4492,1.8125324785414756,0.34057054,0.46435332,0.3816777,0.4230155
2010-05-31 05:00:00,0.2660333333333333,0.4757666666666666,1.7735577129624693,0.41123077,0.45274988,0.41664457,0.4346972
2010-05-31 06:00:00,1.2971333333333337,0.4659,2.087935471323843,0.843204,0.91929734,0.6840151,0.80165625
2010-05-31 07:00:00,1.8049666666666664,0.7262666666666667,2.415091000293791,1.5602897,1.3899771,1.209827,1.299902
2010-05-31 08:00:00,1.8329333333333333,1.3738666666666668,2.6805120155908058,1.5739818,1.3817883,1.4085296,1.395159
2010-05-31 09:00:00,1.3662,0.6325666666666667,2.614097338004647,1.5506951,1.2126,1.1875181,1.200059
2010-05-31 10:00:00,1.3382333333333334,1.6635666666666666,2.4640634015728446,1.1700815,1.1097842,0.9460762,1.0279303
2010-05-31 11:00:00,1.3549666666666669,1.3511333333333333,1.8822931266875835,1.0635774,0.8880781,0.75632286,0.8222005
2010-05-31 12:00:00,1.0731666666666666,0.8259000000000001,1.3421538619594229,1.1249067,1.2290506,0.6542435,0.94164705
2010-05-31 13:00:00,0.3288666666666666,0.7817333333333333,1.021566514114718,0.56095576,0.7973061,0.60152125,0.69941366
2010-05-31 14:00:00,0.2738666666666666,0.4062666666666666,1.0011978820515854,0.37034374,0.7296684,0.5275117,0.62859005
2010-05-31 15:00:00,0.4859333333333333,1.6644666666666663,0.9960276082625081,0.3100598,0.794699,0.47052783,0.6326134
2010-05-31 16:00:00,1.585,1.0025,0.990655584244156,0.6212841,0.7955471,0.5373535,0.6664503
2010-05-31 17:00:00,1.1943333333333332,2.586,1.0041710376664534,1.8972356,0.87738484,0.5679971,0.72269094
2010-05-31 18:00:00,1.7174333333333331,1.8243666666666667,1.1428239157153248,1.4993161,1.2173417,0.8988957,1.0581187
2010-05-31 19:00:00,1.2718,2.1343,1.3861948426343664,1.7075777,1.7210326,1.2947968,1.5079148
2010-05-31 20:00:00,0.6001333333333334,3.004366666666667,2.3091035074514137,1.5646267,1.474971,1.722316,1.5986435
2010-05-31 21:00:00,1.2517333333333334,2.281966666666667,2.569479086219309,1.8153266,1.9703383,1.7201211,1.8452297
2010-05-31 22:00:00,1.4027,0.4955666666666667,2.420446279202089,0.96849895,1.3164073,1.2453914,1.2808993
2010-05-31 23:00:00,0.5011333333333333,0.3241,2.0253453443405407,0.6750089,0.7760163,0.6977718,0.736894
2010-06-01 00:00:00,0.3003333333333333,0.2886666666666667,1.969880364090338,0.51683974,0.5690274,0.47368366,0.5213555
2010-06-01 01:00:00,0.3133666666666667,0.2657,1.9275399522876902,0.31793875,0.5197875,0.45180714,0.48579732
2010-06-01 02:00:00,0.2521666666666666,0.2944,1.8241686530475307,0.41023207,0.45051518,0.43852156,0.4445184
2010-06-01 03:00:00,0.3104666666666666,0.2641666666666666,1.7603947467480314,0.3333105,0.44539487,0.4351189,0.4402569
2010-06-01 04:00:00,0.2316,0.2815333333333333,1.8104527454463826,0.3370944,0.42144233,0.4669267,0.4441845
2010-06-01 05:00:00,0.3000333333333333,0.2660333333333333,1.7714779798673763,0.37494105,0.4641591,0.5870612,0.52561015
2010-06-01 06:00:00,0.6143666666666667,1.2971333333333337,2.0858557382287497,0.9191875,0.93366444,0.97886294,0.95626366
2010-06-01 07:00:00,1.6050333333333335,1.8049666666666664,2.4130112671986983,1.810658,1.6088855,1.5604514,1.5846684
2010-06-01 08:00:00,1.9330666666666667,1.8329333333333333,2.6784322824957125,1.8552046,1.3859591,1.636569,1.5112641
2010-06-01 09:00:00,1.9972666666666667,1.3662,2.612017604909554,1.4727902,1.2401408,1.4798248,1.3599827
2010-06-01 10:00:00,1.3527333333333331,1.3382333333333334,2.4619836684777514,1.4732499,1.1611048,1.3736296,1.2673671
2010-06-01 11:00:00,1.3441666666666667,1.3549666666666669,1.8802133935924905,1.1214231,1.170748,1.3128388,1.2417934
2010-06-01 12:00:00,1.6768666666666665,1.0731666666666666,1.3400741288643299,1.164689,1.0401124,1.2795132,1.1598128
2010-06-01 13:00:00,1.6020666666666663,0.3288666666666666,1.019486781019625,1.4679682,0.81113136,1.2190677,1.0150995
2010-06-01 14:00:00,1.445366666666667,0.2738666666666666,0.9991181489564922,1.4152364,0.7238013,1.1702582,0.9470297
2010-06-01 15:00:00,1.4784666666666666,0.4859333333333333,0.9939478751674151,1.2022859,0.87116563,1.1413323,1.006249
2010-06-01 16:00:00,0.9093333333333332,1.585,0.988575851149063,1.2865843,0.79045856,1.1779368,0.9841977
2010-06-01 17:00:00,0.3416,1.1943333333333332,1.0020913045713602,0.53793633,0.92769253,1.2365738,1.0821332
2010-06-01 18:00:00,0.3523333333333333,1.7174333333333331,1.1407441826202316,0.77802116,1.1688389,1.4563005,1.3125696
2010-06-01 19:00:00,0.3855,1.2718,1.3841151095392732,1.0195181,1.902208,1.6223351,1.7622715
2010-06-01 20:00:00,0.5894999999999999,0.6001333333333334,2.3070237743563204,0.93380827,1.7486279,1.8094199,1.7790239
2010-06-01 21:00:00,0.5218333333333333,1.2517333333333334,2.567399353124216,1.1291786,1.9163065,1.6878674,1.802087
2010-06-01 22:00:00,0.6503,1.4027,2.418366546106996,0.7613647,1.4439795,1.3189133,1.3814464
2010-06-01 23:00:00,0.6416333333333333,0.5011333333333333,2.0232656112454475,0.5068304,0.8681669,0.93909514,0.90363103
2010-06-02 00:00:00,0.3203,0.3003333333333333,1.9678006309952447,0.512195,0.5287519,0.6957814,0.61226666
2010-06-02 01:00:00,0.7598,0.3133666666666667,1.9254602191925971,0.40531337,0.42747974,0.5748481,0.50116396
2010-06-02 02:00:00,1.1001666666666667,0.2521666666666666,1.8220889199524377,0.57353354,0.41312104,0.54312116,0.4781211
2010-06-02 03:00:00,0.2494333333333333,0.3104666666666666,1.7583150136529384,0.3507629,0.40815607,0.5373776,0.47276682
2010-06-02 04:00:00,0.2802666666666666,0.2316,1.8083730123512893,0.305469,0.3689207,0.5721512,0.47053593
2010-06-02 05:00:00,0.2608,0.3000333333333333,1.769398246772283,0.38669154,0.40330327,0.67637366,0.53983843
2010-06-02 06:00:00,0.6466,0.6143666666666667,2.0837760051336565,0.85931134,0.8934123,1.006625,0.95001864
2010-06-02 07:00:00,1.7422333333333335,1.6050333333333335,2.410931534103605,1.4040763,1.6816193,1.4803863,1.5810027
2010-06-02 08:00:00,1.3471333333333333,1.9330666666666667,2.6763525494006197,1.6270746,1.4901463,1.5778087,1.5339775
2010-06-02 09:00:00,1.3300333333333334,1.9972666666666667,2.609937871814461,1.2541953,1.6357296,1.4004936,1.5181116
2010-06-02 10:00:00,1.137,1.3527333333333331,2.4599039353826586,1.1686149,1.2747602,1.2698876,1.2723238
2010-06-02 11:00:00,0.7223333333333334,1.3441666666666667,1.8781336604973975,0.6606177,1.2424709,1.1299393,1.1862051
2010-06-02 12:00:00,0.4135666666666667,1.6768666666666665,1.3379943957692368,0.7372923,0.9469405,0.9858581,0.9663993
2010-06-02 13:00:00,0.4407,1.6020666666666663,1.017407047924532,0.45305875,0.91936535,0.79052997,0.8549477
2010-06-02 14:00:00,0.2714333333333333,1.445366666666667,0.9970384158613992,0.50631636,0.7475202,0.6103715,0.67894584
2010-06-02 15:00:00,1.062366666666667,1.4784666666666666,0.9918681420723219,0.2949273,0.74459785,0.47719318,0.6108955
2010-06-02 16:00:00,0.3022666666666666,0.9093333333333332,0.9864961180539698,0.6705761,0.6732491,0.4198348,0.5465419
2010-06-02 17:00:00,0.3100333333333333,0.3416,1.000011571476267,0.4016444,0.657743,0.43081623,0.5442796
2010-06-02 18:00:00,0.2800333333333333,0.3523333333333333,1.1386644495251388,0.49516466,0.84224886,0.6274766,0.7348627
2010-06-02 19:00:00,0.3494333333333334,0.3855,1.3820353764441804,0.4830713,1.3668288,0.85720086,1.1120148
2010-06-02 20:00:00,0.9114333333333332,0.5894999999999999,2.304944041261227,0.53500605,1.2751548,1.1339996,1.2045772
2010-06-02 21:00:00,1.2373,0.5218333333333333,2.565319620029123,1.0510489,1.2971501,1.2663565,1.2817533
2010-06-02 22:00:00,0.6118333333333333,0.6503,2.416286813011903,0.94034976,1.2204026,1.01702,1.1187112
2010-06-02 23:00:00,0.2618,0.6416333333333333,2.0211858781503547,0.5043394,0.80018467,0.62741387,0.71379924
2010-06-03 00:00:00,0.5234666666666666,0.3203,1.9657208979001517,0.35298902,0.5020555,0.36737037,0.43471295
2010-06-03 01:00:00,0.2558666666666667,0.7598,1.923380486097504,0.45691696,0.46628702,0.3379979,0.40214247
2010-06-03 02:00:00,0.3059,1.1001666666666667,1.8200091868573445,0.31549463,0.4066178,0.3574052,0.38201147
2010-06-03 03:00:00,1.0056333333333334,0.2494333333333333,1.7562352805578452,0.38091215,0.39332214,0.34554255,0.36943233
2010-06-03 04:00:00,0.2176999999999999,0.2802666666666666,1.8062932792561963,0.25048906,0.3814267,0.3428095,0.3621181
2010-06-03 05:00:00,0.3088666666666667,0.2608,1.76731851367719,0.34885666,0.4144992,0.469729,0.4421141
2010-06-03 06:00:00,0.9371333333333334,0.6466,2.0816962720385637,0.66745275,0.8388585,0.95644224,0.89765036
2010-06-03 07:00:00,1.7112333333333334,1.7422333333333335,2.408851801008512,1.363345,1.5348305,1.3949933,1.4649119
2010-06-03 08:00:00,2.2531000000000003,1.3471333333333333,2.6742728163055265,1.5784484,1.3644717,1.2952938,1.3298827
2010-06-03 09:00:00,1.8671,1.3300333333333334,2.607858138719368,1.6699097,1.0607033,1.0457836,1.0532434
2010-06-03 10:00:00,1.3756,1.137,2.4578242022875654,1.5588661,1.1326641,0.8747071,1.0036856
2010-06-03 11:00:00,1.3288666666666666,0.7223333333333334,1.8760539274023043,1.1911242,0.92523444,0.784098,0.85466623
2010-06-03 12:00:00,1.9338333333333333,0.4135666666666667,1.3359146626741436,1.1149987,1.0020802,0.7150201,0.8585502
2010-06-03 13:00:00,2.3048,0.4407,1.0153273148294388,1.7183102,0.86137277,0.668499,0.76493585
2010-06-03 14:00:00,1.3756333333333333,0.2714333333333333,0.9949586827663062,1.6201125,0.5950469,0.61859393,0.6068204
2010-06-03 15:00:00,1.3578666666666668,1.062366666666667,0.9897884089772289,1.0503291,0.84482086,0.5787506,0.71178573
2010-06-03 16:00:00,0.2958333333333333,0.3022666666666666,0.9844163849588767,1.0507748,0.5154846,0.55997354,0.537729
2010-06-03 17:00:00,0.3085666666666666,0.3100333333333333,0.997931838381174,0.33534595,0.50257474,0.5461442,0.52435946
2010-06-03 18:00:00,0.3989666666666666,0.2800333333333333,1.1365847164300455,0.49123317,0.5899583,0.562923,0.5764407
2010-06-03 19:00:00,1.2475666666666667,0.3494333333333334,1.3799556433490872,0.7037677,0.8520529,0.7131078,0.7825804
2010-06-03 20:00:00,0.3955333333333333,0.9114333333333332,2.3028643081661344,1.1744503,1.0350243,0.98798233,1.0115033
2010-06-03 21:00:00,0.6004,1.2373,2.5632398869340296,1.6741632,1.1393583,1.1650789,1.1522186
2010-06-03 22:00:00,0.5785666666666667,0.6118333333333333,2.41420707991681,0.9487332,1.0028217,1.0846165,1.043719
2010-06-03 23:00:00,0.3484,0.2618,2.0191061450552614,0.52511144,0.6342456,0.7751823,0.70471394
2010-06-04 00:00:00,0.3002,0.5234666666666666,1.9636411648050585,0.36926252,0.5314366,0.48891854,0.5101776
2010-06-04 01:00:00,1.3538333333333334,0.2558666666666667,1.9213007530024109,0.36487943,0.4227525,0.3941397,0.4084461
2010-06-04 02:00:00,0.3077333333333333,0.3059,1.8179294537622515,0.63468,0.46962127,0.3514487,0.41053498
2010-06-04 03:00:00,0.2564333333333333,1.0056333333333334,1.7541555474627522,0.39195758,0.38870427,0.33086026,0.35978228
2010-06-04 04:00:00,0.2801333333333333,0.2176999999999999,1.8042135461611033,0.28793705,0.33443078,0.35695082,0.3456908
2010-06-04 05:00:00,0.3345666666666667,0.3088666666666667,1.765238780582097,0.38330758,0.36515108,0.5315116,0.44833136
2010-06-04 06:00:00,1.2161666666666666,0.9371333333333334,2.0796165389434704,1.025841,0.9408162,0.9197981,0.93030715
2010-06-04 07:00:00,1.6454333333333333,1.7112333333333334,2.406772067913419,1.6227477,1.5745401,1.1960843,1.3853122
2010-06-04 08:00:00,1.570633333333333,2.2531000000000003,2.6721930832104333,1.4229219,1.3519398,1.2152482,1.283594
2010-06-04 09:00:00,1.8476333333333337,1.8671,2.6057784056242745,1.4894474,1.136481,1.1085263,1.1225038
2010-06-04 10:00:00,1.3328666666666666,1.3756,2.455744469192472,1.3566574,0.9941654,0.98489064,0.98952806
2010-06-04 11:00:00,1.1925,1.3288666666666666,1.8739741943072112,1.0921263,0.8499242,0.8936581,0.8717911
2010-06-04 12:00:00,0.5806333333333333,1.9338333333333333,1.3338349295790506,0.668958,0.795096,0.84129316,0.81819457
2010-06-04 13:00:00,0.9876333333333334,2.3048,1.0132475817343458,0.7075919,0.81571597,0.80256003,0.809138
2010-06-04 14:00:00,1.0285333333333333,1.3756333333333333,0.9928789496712129,1.2389942,0.83084965,0.74338335,0.7871165
2010-06-04 15:00:00,1.3963666666666663,1.3578666666666668,0.9877086758821358,0.61866665,0.9387831,0.69382775,0.8163054
2010-06-04 16:00:00,1.4777,0.2958333333333333,0.9823366518637837,1.1881716,0.92045325,0.66113067,0.790792
2010-06-04 17:00:00,0.8026,0.3085666666666666,0.995852105286081,1.23835,0.9650632,0.64042115,0.8027422
2010-06-04 18:00:00,0.4960333333333333,0.3989666666666666,1.1345049833349523,0.71765023,0.74457914,0.6432335,0.6939063
2010-06-04 19:00:00,0.3717333333333333,1.2475666666666667,1.377875910253994,0.98717016,1.0295572,0.75083554,0.8901964
2010-06-04 20:00:00,0.4455,0.3955333333333333,2.300784575071041,0.52770716,0.9846396,0.97832555,0.98148257
2010-06-04 21:00:00,1.8008333333333333,0.6004,2.5611601538389364,0.8057472,1.1254392,1.1683371,1.1468881
2010-06-04 22:00:00,1.3293333333333337,0.5785666666666667,2.4121273468217166,1.3720332,1.197148,1.1537035,1.1754258
2010-06-04 23:00:00,1.3208666666666666,0.3484,2.017026411960168,0.9070125,0.93982893,0.95321774,0.9465233
2010-06-05 00:00:00,1.981933333333333,0.3002,1.9615614317099654,1.0308154,0.5467065,0.697902,0.62230426
2010-06-05 01:00:00,0.9362,1.3538333333333334,1.9192210199073179,1.0347635,0.57262844,0.54761654,0.5601225
2010-06-05 02:00:00,0.3565666666666666,0.3077333333333333,1.8158497206671584,0.483768,0.44605654,0.47036004,0.4582083
2010-06-05 03:00:00,0.2694333333333333,0.2564333333333333,1.7520758143676591,0.34506372,0.44367298,0.4135679,0.42862046
2010-06-05 04:00:00,0.3643,0.2801333333333333,1.80213381306601,0.36299896,0.36167276,0.39960384,0.3806383
2010-06-05 05:00:00,0.3178666666666666,0.3345666666666667,1.7631590474870038,0.36725238,0.41986936,0.4908777,0.45537353
2010-06-05 06:00:00,0.6622666666666667,1.2161666666666666,2.077536805848377,0.77223164,0.781311,0.7364006,0.7588558
2010-06-05 07:00:00,1.5862333333333334,1.6454333333333333,2.404692334818326,1.6060077,1.4866879,0.99385744,1.2402726
2010-06-05 08:00:00,1.4944,1.570633333333333,2.67011335011534,1.3841667,1.2865512,1.1274205,1.206986
2010-06-05 09:00:00,1.4394,1.8476333333333337,2.6036986725291817,1.3757418,1.2128631,1.1620624,1.1874628
2010-06-05 10:00:00,1.1425666666666667,1.3328666666666666,2.4536647360973793,1.4027395,1.3127137,1.1531303,1.2329221
2010-06-05 11:00:00,1.6338,1.1925,1.8718944612121182,1.247229,1.2338669,1.1407067,1.1872869
2010-06-05 12:00:00,2.3738666666666663,0.5806333333333333,1.3317551964839576,1.5686218,1.2475457,1.1221145,1.1848302
2010-06-05 13:00:00,0.9036,0.9876333333333334,1.0111678486392528,1.6921538,1.3403435,1.1097505,1.225047
2010-06-05 14:00:00,1.3759,1.0285333333333333,0.9907992165761199,1.1535418,1.2904557,1.0970212,1.1937385
2010-06-05 15:00:00,1.2071666666666665,1.3963666666666663,0.9856289427870426,1.4721661,1.3846714,1.0935649,1.2391181
2010-06-05 16:00:00,2.0770666666666666,1.4777,0.9802569187686905,1.1301305,1.2116343,1.0416158,1.1266251
2010-06-05 17:00:00,0.9001666666666667,0.8026,0.9937723721909878,1.5407649,1.2780278,1.0205901,1.1493089
2010-06-05 18:00:00,2.0113,0.4960333333333333,1.1324252502398595,1.0528183,1.4693785,1.0566366,1.2630075
2010-06-05 19:00:00,1.8069,0.3717333333333333,1.3757961771589011,1.9982326,1.3713872,1.1569867,1.264187
2010-06-05 20:00:00,1.7313,0.4455,2.2987048419759484,1.5624149,1.3051809,1.2602656,1.2827232
2010-06-05 21:00:00,0.6489333333333334,1.8008333333333333,2.559080420743843,1.3284947,1.6193215,1.3279725,1.473647
2010-06-05 22:00:00,3.0245666666666664,1.3293333333333337,2.410047613726624,1.3312982,1.5191343,1.2973222,1.4082282
2010-06-05 23:00:00,3.2483333333333335,1.3208666666666666,2.0149466788650754,1.7964272,1.2953829,1.1390907,1.2172368
2010-06-06 00:00:00,2.7725999999999997,1.981933333333333,1.9594816986148724,1.870176,0.7671356,0.9539277,0.8605317
2010-06-06 01:00:00,1.397233333333333,0.9362,1.9171412868122246,1.4516417,0.9828349,0.77763677,0.8802358
2010-06-06 02:00:00,0.4164,0.3565666666666666,1.8137699875720652,0.86152756,0.612115,0.6569338,0.6345244
2010-06-06 03:00:00,0.4262333333333333,0.2694333333333333,1.749996081272566,0.5165371,0.4983155,0.5520554,0.52518547
2010-06-06 04:00:00,0.3810333333333334,0.3643,1.800054079970917,0.39560384,0.4640727,0.49356163,0.47881716
2010-06-06 05:00:00,0.4037666666666666,0.3178666666666666,1.7610793143919108,0.5008885,0.45872554,0.4762891,0.4675073
2010-06-06 06:00:00,0.3208,0.6622666666666667,2.0754570727532844,0.5823564,0.5077547,0.47968733,0.493721
2010-06-06 07:00:00,0.4410666666666666,1.5862333333333334,2.4026126017232325,0.8273998,0.8868515,0.53632236,0.71158695
2010-06-06 08:00:00,0.4225666666666666,1.4944,2.668033617020247,0.93423504,1.108657,0.6498713,0.8792641
2010-06-06 09:00:00,1.3165333333333331,1.4394,2.6016189394340885,0.76996624,1.0241183,0.72350454,0.8738114
2010-06-06 10:00:00,0.7921,1.1425666666666667,2.451585003002286,1.1295239,1.2345964,0.7890817,1.011839
2010-06-06 11:00:00,0.3429,1.6338,1.869814728117025,0.87872535,1.3449274,0.827577,1.0862522
2010-06-06 12:00:00,2.4814333333333334,2.3738666666666663,1.3296754633888643,0.6252719,1.2046748,0.8799319,1.0423033
2010-06-06 13:00:00,1.9768,0.9036,1.0090881155441596,1.7183233,1.2128216,0.9507763,1.0817989
2010-06-06 14:00:00,1.5261333333333331,1.3759,0.9887194834810269,1.707845,1.2486699,0.9763506,1.1125102
2010-06-06 15:00:00,1.4523,1.2071666666666665,0.9835492096919496,1.2977436,1.3248329,0.98495793,1.1548954
2010-06-06 16:00:00,2.7384,2.0770666666666666,0.9781771856735975,1.3197,1.331416,1.0625,1.1969581
2010-06-06 17:00:00,2.608033333333333,0.9001666666666667,0.9916926390958948,2.1707797,1.4471639,1.1338706,1.2905173
2010-06-06 18:00:00,0.5265333333333333,2.0113,1.1303455171447663,1.6537619,1.456898,1.1883007,1.3225994
2010-06-06 19:00:00,0.4087333333333333,1.8069,1.3737164440638079,1.7710085,1.537255,1.246521,1.391888
2010-06-06 20:00:00,0.4997,1.7313,2.296625108880855,0.73931944,1.5962007,1.2525611,1.4243809
2010-06-06 21:00:00,2.1411666666666664,0.6489333333333334,2.5570006876487503,0.99622464,1.6200854,1.1873901,1.4037378
2010-06-06 22:00:00,2.5723,3.0245666666666664,2.4079678806315306,1.5622958,1.6969267,1.0778457,1.3873862
2010-06-06 23:00:00,0.7484333333333333,3.2483333333333335,2.012866945769982,1.5751959,1.1057115,0.91352195,1.0096167
2010-06-07 00:00:00,0.2673666666666667,2.7725999999999997,1.9574019655197792,0.6365331,0.75498015,0.7257365,0.74035835
2010-06-07 01:00:00,0.3768,1.397233333333333,1.9150615537171316,0.3754672,0.5121547,0.3081023,0.4101285
2010-06-07 02:00:00,0.3132333333333333,0.4164,1.8116902544769722,0.42242914,0.4884216,0.25016588,0.36929375
2010-06-07 03:00:00,0.3662666666666666,0.4262333333333333,1.7479163481774729,0.41375777,0.46450245,0.21933037,0.3419164
2010-06-07 04:00:00,0.3106333333333333,0.3810333333333334,1.7979743468758238,0.35294756,0.48518685,0.24075902,0.36297292
2010-06-07 05:00:00,0.2809333333333333,0.4037666666666666,1.7589995812968178,0.4387872,0.4760995,0.38577974,0.4309396
2010-06-07 06:00:00,0.7907666666666666,0.3208,2.073377339658191,0.78217524,0.89503974,0.76183337,0.82843655
2010-06-07 07:00:00,1.7549,0.4410666666666666,2.4005328686281397,1.8207906,1.5422788,1.2056496,1.3739642
2010-06-07 08:00:00,1.7765,0.4225666666666666,2.665953883925154,1.8871579,1.3533597,1.277808,1.3155838
2010-06-07 09:00:00,1.8903666666666663,1.3165333333333331,2.5995392063389953,1.6168203,1.2642295,1.081181,1.1727053
2010-06-07 10:00:00,0.8000333333333334,0.7921,2.449505269907193,1.4042894,1.0495907,0.9121876,0.98088914
2010-06-07 11:00:00,0.3516666666666667,0.3429,1.867734995021932,0.5962918,1.0476995,0.7545384,0.90111893
2010-06-07 12:00:00,0.4172666666666667,2.4814333333333334,1.3275957302937713,0.3581488,0.99893224,0.6209452,0.8099387
2010-06-07 13:00:00,0.4156,1.9768,1.0070083824490665,0.49183372,0.6890439,0.51485413,0.601949
2010-06-07 14:00:00,0.2988666666666666,1.5261333333333331,0.9866397503859337,0.454403,0.72745156,0.42662317,0.57703733
2010-06-07 15:00:00,0.3490333333333333,1.4523,0.9814694765968566,0.36056653,0.64753145,0.3962487,0.52189004
2010-06-07 16:00:00,0.3284,2.7384,0.9760974525785044,0.28424883,0.65854645,0.39068705,0.5246167
2010-06-07 17:00:00,1.0391,2.608033333333333,0.9896129060008018,0.46770912,0.5960427,0.450279,0.5231608
2010-06-07 18:00:00,0.6155666666666666,0.5265333333333333,1.128265784049673,0.5554893,0.972989,0.6042391,0.78861403
2010-06-07 19:00:00,0.9401333333333334,0.4087333333333333,1.3716367109687146,1.4204733,1.1363938,0.88376814,1.0100809
2010-06-07 20:00:00,1.068,0.4997,2.294545375785762,1.1586851,1.0540402,1.1920857,1.123063
2010-06-07 21:00:00,0.9030666666666666,2.1411666666666664,2.5549209545536575,1.8392104,1.3065789,1.3391058,1.3228424
2010-06-07 22:00:00,0.8330000000000001,2.5723,2.4058881475364373,1.1902331,1.6206882,1.1959401,1.4083142
2010-06-07 23:00:00,0.3805333333333333,0.7484333333333333,2.010787212674889,0.6317718,1.1173276,0.8089459,0.96313673
2010-06-08 00:00:00,0.6259,0.2673666666666667,1.9553222324246862,0.354565,0.58527154,0.49800497,0.54163826
2010-06-08 01:00:00,0.8197,0.3768,1.9129818206220386,0.4087594,0.47692487,0.4036711,0.44029796
2010-06-08 02:00:00,0.2473,0.3132333333333333,1.8096105213818792,0.29575965,0.44559103,0.35615534,0.40087318
2010-06-08 03:00:00,0.3353666666666666,0.3662666666666666,1.7458366150823799,0.3458391,0.42411333,0.29051077,0.35731205
2010-06-08 04:00:00,0.3112333333333333,0.3106333333333333,1.7958946137807308,0.35689148,0.42346337,0.2771991,0.35033125
2010-06-08 05:00:00,0.3416333333333333,0.2809333333333333,1.7569198482017245,0.42839852,0.4037731,0.36920267,0.3864879
2010-06-08 06:00:00,0.4868666666666666,0.7907666666666666,2.071297606563098,0.947132,0.82545733,0.6811452,0.75330126
2010-06-08 07:00:00,1.8495666666666668,1.7549,2.3984531355330465,1.5416977,1.4270226,1.1997066,1.3133645
2010-06-08 08:00:00,2.2103333333333333,1.7765,2.663874150830061,1.8743234,1.4413928,1.3633512,1.402372
2010-06-08 09:00:00,1.9911666666666668,1.8903666666666663,2.5974594732439025,1.9140397,1.2313539,1.1917242,1.211539
2010-06-08 10:00:00,1.4520666666666666,0.8000333333333334,2.4474255368121,1.5157526,1.1392696,1.0290021,1.0841358
2010-06-08 11:00:00,1.4518666666666666,0.3516666666666667,1.8656552619268387,1.2708219,1.08236,0.8928539,0.987607
2010-06-08 12:00:00,1.3902,0.4172666666666667,1.3255159971986783,1.2801435,1.1178854,0.7177116,0.9177985
2010-06-08 13:00:00,1.4037666666666666,0.4156,1.0049286493539735,1.2049866,1.1866666,0.5815064,0.8840865
2010-06-08 14:00:00,0.3217666666666667,0.2988666666666666,0.9845600172908406,1.1837455,1.2325023,0.41867608,0.8255892
2010-06-08 15:00:00,0.4450333333333333,0.3490333333333333,0.9793897435017633,0.46034846,1.1720737,0.3696512,0.77086246
2010-06-08 16:00:00,0.5609333333333333,0.3284,0.9740177194834112,0.5705605,0.8734058,0.2960087,0.58470726
2010-06-08 17:00:00,0.6243666666666667,1.0391,0.9875331729057085,0.7700448,0.7737914,0.37041306,0.5721022
2010-06-08 18:00:00,0.7281666666666666,0.6155666666666666,1.1261860509545802,0.89164,0.82244813,0.5608321,0.69164014
2010-06-08 19:00:00,1.4203666666666666,0.9401333333333334,1.3695569778736219,1.2449462,1.1013699,0.8509278,0.97614884
2010-06-08 20:00:00,1.0441,1.068,2.2924656426906687,1.3822747,1.2129524,1.1618811,1.1874168
2010-06-08 21:00:00,1.4155000000000002,0.9030666666666666,2.5528412214585643,0.78964823,1.6308103,1.3091229,1.4699667
2010-06-08 22:00:00,0.5681999999999999,0.8330000000000001,2.4038084144413445,1.1536962,1.3735411,1.1165669,1.245054
2010-06-08 23:00:00,0.6551666666666667,0.3805333333333333,2.008707479579796,0.53828436,0.8546818,0.71490765,0.7847947
2010-06-09 00:00:00,0.3537666666666667,0.6259,1.9532424993295932,0.49276567,0.53231984,0.45959896,0.4959594
2010-06-09 01:00:00,0.3973,0.8197,1.9109020875269453,0.40485835,0.47464684,0.40538234,0.4400146
2010-06-09 02:00:00,0.2605333333333333,0.2473,1.807530788286786,0.3606322,0.39342108,0.3900593,0.3917402
2010-06-09 03:00:00,0.3733333333333333,0.3353666666666666,1.7437568819872866,0.33804345,0.42739648,0.3697859,0.3985912
2010-06-09 04:00:00,0.3201666666666666,0.3112333333333333,1.7938148806856378,0.3720335,0.45010677,0.35988128,0.404994
2010-06-09 05:00:00,0.3842666666666667,0.3416333333333333,1.7548401151066315,0.44818753,0.42755416,0.45327526,0.44041473
2010-06-09 06:00:00,0.8931666666666668,0.4868666666666666,2.069217873468005,0.9291895,0.8357324,0.8597988,0.84776556
2010-06-09 07:00:00,1.9536,1.8495666666666668,2.3963734024379533,1.6847452,1.5404389,1.3082244,1.4243317
2010-06-09 08:00:00,1.3556333333333332,2.2103333333333333,2.661794417734968,1.5711216,1.6371919,1.2979326,1.4675622
2010-06-09 09:00:00,1.401333333333333,1.9911666666666668,2.5953797401488092,1.2165337,1.4233714,1.1255989,1.2744851
2010-06-09 10:00:00,1.6439,1.4520666666666666,2.445345803717007,1.2283154,1.1193309,1.0001063,1.0597186
2010-06-09 11:00:00,1.6741,1.4518666666666666,1.8635755288317457,1.5773543,0.9551281,0.8985756,0.92685187
2010-06-09 12:00:00,0.5093333333333333,1.3902,1.323436264103585,1.305093,0.9039914,0.8306063,0.86729884
2010-06-09 13:00:00,2.4124,1.4037666666666666,1.0028489162588803,0.72633785,0.8249339,0.7716134,0.7982737
2010-06-09 14:00:00,0.8645333333333334,0.3217666666666667,0.9824802841957474,1.3142532,0.7074685,0.695642,0.70155525
2010-06-09 15:00:00,0.9440333333333334,0.4450333333333333,0.9773100104066703,1.2694805,0.9176934,0.608608,0.7631507
2010-06-09 16:00:00,0.3622333333333333,0.5609333333333333,0.9719379863883182,1.0460507,0.7890216,0.5584287,0.6737251
2010-06-09 17:00:00,1.4379666666666668,0.6243666666666667,0.9854534398106155,0.5762885,0.8380155,0.637709,0.7378622
2010-06-09 18:00:00,1.5563333333333331,0.7281666666666666,1.124106317859487,1.1676005,0.9560664,0.9147102,0.9353883
2010-06-09 19:00:00,1.2358333333333331,1.4203666666666666,1.3674772447785286,1.6279453,1.4749584,1.3723255,1.4236419
2010-06-09 20:00:00,1.9178666666666664,1.0441,2.290385909595576,1.315043,1.5553988,1.5919615,1.5736802
2010-06-09 21:00:00,1.513966666666667,1.4155000000000002,2.550761488363471,1.8477429,1.5786041,1.5069659,1.5427849
2010-06-09 22:00:00,1.1477666666666666,0.5681999999999999,2.4017286813462513,1.4430795,1.1717868,1.1674149,1.1696008
2010-06-09 23:00:00,0.6646666666666667,0.6551666666666667,2.006627746484703,0.6779739,0.85959715,0.76034296,0.80997
2010-06-10 00:00:00,0.4042666666666666,0.3537666666666667,1.9511627662345,0.5309162,0.5702409,0.5142019,0.5422214
2010-06-10 01:00:00,0.3268666666666666,0.3973,1.9088223544318523,0.38690335,0.47654268,0.38283622,0.42968947
2010-06-10 02:00:00,0.3173666666666666,0.2605333333333333,1.805451055191693,0.4003813,0.38166794,0.34895885,0.3653134
2010-06-10 03:00:00,0.3237333333333333,0.3733333333333333,1.7416771488921936,0.32170382,0.46755737,0.32136977,0.39446357
2010-06-10 04:00:00,0.75,0.3201666666666666,1.7917351475905445,0.43154693,0.41636172,0.31650925,0.36643547
2010-06-10 05:00:00,0.6821666666666667,0.3842666666666667,1.7527603820115385,0.3386284,0.45262516,0.41711658,0.43487087
2010-06-10 06:00:00,0.5538333333333333,0.8931666666666668,2.067138140372912,0.9513448,0.8399839,0.7679814,0.8039826
2010-06-10 07:00:00,1.4263,1.9536,2.3942936693428605,1.5634964,1.5753058,1.3037367,1.4395213
2010-06-10 08:00:00,1.7923333333333331,1.3556333333333332,2.6597146846398747,1.4105288,1.605159,1.4754057,1.5402824
2010-06-10 09:00:00,1.3549666666666669,1.401333333333333,2.593300007053716,1.4902041,1.3505527,1.2910037,1.3207781
2010-06-10 10:00:00,1.4777999999999998,1.6439,2.4432660706219136,1.1808336,1.2619345,1.068224,1.1650792
2010-06-10 11:00:00,1.3937,1.6741,1.8614957957366527,1.3061652,1.1471289,0.8832785,1.0152037
2010-06-10 12:00:00,1.4353333333333331,0.5093333333333333,1.321356531008492,1.307852,1.2461661,0.7394254,0.99279577
2010-06-10 13:00:00,1.1014333333333333,2.4124,1.0007691831637873,1.278937,0.81489074,0.6517819,0.7333363
2010-06-10 14:00:00,0.3748333333333333,0.8645333333333334,0.9804005511006544,0.5969651,0.8714607,0.4707067,0.6710837
2010-06-10 15:00:00,0.3243666666666666,0.9440333333333334,0.9752302773115773,0.3649908,0.8327315,0.41298574,0.62285864
2010-06-10 16:00:00,0.3791333333333334,0.3622333333333333,0.9698582532932252,0.46086684,0.58239275,0.37066364,0.4765282
2010-06-10 17:00:00,0.4402333333333333,1.4379666666666668,0.9833737067155225,0.46743786,0.55427414,0.37739986,0.465837
2010-06-10 18:00:00,0.6838666666666666,1.5563333333333331,1.1220265847643938,0.85927963,0.5937247,0.56987274,0.58179873
2010-06-10 19:00:00,1.0551666666666668,1.2358333333333331,1.3653975116834354,1.2554952,1.2783978,0.89384,1.0861189
2010-06-10 20:00:00,1.7362333333333335,1.9178666666666664,2.2883061765004826,1.5330586,1.2750062,1.1364386,1.2057223
2010-06-10 21:00:00,1.0708666666666666,1.513966666666667,2.548681755268378,1.5199562,1.5234332,1.2368499,1.3801415
2010-06-10 22:00:00,0.5249333333333334,1.1477666666666666,2.399648948251158,1.2197651,1.1699651,1.0111752,1.0905702
2010-06-10 23:00:00,0.3234333333333333,0.6646666666666667,2.0045480133896096,0.5625901,0.7707361,0.6574012,0.71406865
2010-06-11 00:00:00,0.3402,0.4042666666666666,1.949083033139407,0.4038075,0.53913516,0.42198443,0.4805598
2010-06-11 01:00:00,0.3791,0.3268666666666666,1.9067426213367593,0.30898383,0.45056108,0.35972196,0.40514153
2010-06-11 02:00:00,0.3162333333333333,0.3173666666666666,1.8033713220966,0.44238266,0.38656953,0.3589636,0.37276655
2010-06-11 03:00:00,0.3017,0.3237333333333333,1.7395974157971006,0.31623197,0.41031453,0.31399447,0.36215448
2010-06-11 04:00:00,0.3320333333333333,0.75,1.7896554144954515,0.38540614,0.4463825,0.29320878,0.36979562
2010-06-11 05:00:00,0.2518666666666667,0.6821666666666667,1.7506806489164453,0.37494236,0.44457135,0.34289753,0.39373446
2010-06-11 06:00:00,1.6246666666666667,0.5538333333333333,2.0650584072778186,0.8831082,0.8598962,0.6893629,0.77462953
2010-06-11 07:00:00,1.8760333333333332,1.4263,2.3922139362477672,1.7069947,1.4683475,1.0926889,1.2805183
2010-06-11 08:00:00,2.0137,1.7923333333333331,2.6576349515447815,1.6535865,1.3599666,1.1734712,1.2667189
2010-06-11 09:00:00,1.8483,1.3549666666666669,2.591220273958623,1.730796,1.1955363,1.0546441,1.1250901
2010-06-11 10:00:00,1.4251333333333334,1.4777999999999998,2.441186337526821,1.5872298,1.1309999,0.92813396,1.029567
2010-06-11 11:00:00,1.4143,1.3937,1.8594160626415595,1.1442059,1.0346768,0.8184072,0.926542
2010-06-11 12:00:00,1.7594333333333334,1.4353333333333331,1.319276797913399,1.2711613,0.8323259,0.7481681,0.79024696
2010-06-11 13:00:00,1.3205333333333331,1.1014333333333333,0.9986894500686943,1.493537,0.9328816,0.70365673,0.81826913
2010-06-11 14:00:00,0.4647,0.3748333333333333,0.9783208180055614,1.2989812,0.90454555,0.66366863,0.7841071
2010-06-11 15:00:00,1.0055333333333334,0.3243666666666666,0.9731505442164841,0.74263793,1.0937971,0.6153792,0.85458815
2010-06-11 16:00:00,1.1049333333333335,0.3791333333333334,0.9677785201981319,0.51648825,0.9771654,0.60748565,0.7923255
2010-06-11 17:00:00,0.5202333333333333,0.4402333333333333,0.9812939736204292,0.55352396,0.7537901,0.6189829,0.68638647
2010-06-11 18:00:00,0.4730666666666667,0.6838666666666666,1.119946851669301,0.8762493,0.7618664,0.6751348,0.7185006
2010-06-11 19:00:00,1.7516666666666665,1.0551666666666668,1.3633177785883426,0.9923544,1.1828555,0.84788406,1.0153698
2010-06-11 20:00:00,0.5838,1.7362333333333335,2.28622644340539,1.4739532,1.3712026,1.0899662,1.2305844
2010-06-11 21:00:00,1.1657,1.0708666666666666,2.5466020221732846,1.5107167,1.497741,1.2127479,1.3552444
2010-06-11 22:00:00,1.0965333333333334,0.5249333333333334,2.3975692151560652,0.6773141,1.2714173,1.1222236,1.1968205
2010-06-11 23:00:00,1.1418,0.3234333333333333,2.002468280294517,0.7255558,0.8857324,0.85013884,0.86793566
2010-06-12 00:00:00,0.9745333333333334,0.3402,1.9470033000443139,0.9279516,0.5625436,0.61689156,0.58971757
2010-06-12 01:00:00,0.4235666666666667,0.3791,1.904662888241666,0.34176308,0.51899314,0.52663225,0.5228127
2010-06-12 02:00:00,0.8025333333333333,0.3162333333333333,1.8012915890015067,0.47435585,0.4571016,0.4829638,0.4700327
2010-06-12 03:00:00,0.3185666666666666,0.3017,1.7375176827020073,0.2902356,0.4623569,0.42835915,0.44535804
2010-06-12 04:00:00,0.3424333333333333,0.3320333333333333,1.7875756814003585,0.41579646,0.4399235,0.40118796,0.4205557
2010-06-12 05:00:00,0.3234,0.2518666666666667,1.7486009158213522,0.36111838,0.42383018,0.41894966,0.42138994
2010-06-12 06:00:00,0.6063666666666666,1.6246666666666667,2.062978674182726,0.8581661,0.7077597,0.49568558,0.6017226
2010-06-12 07:00:00,1.691466666666667,1.8760333333333332,2.390134203152674,1.6046511,1.2453909,0.6296034,0.93749714
2010-06-12 08:00:00,1.7133333333333334,2.0137,2.6555552184496887,1.4973724,1.4721222,0.7753222,1.1237222
2010-06-12 09:00:00,1.3865,1.8483,2.58914054086353,1.4432179,1.3834,0.8964484,1.1399242
2010-06-12 10:00:00,1.3559,1.4251333333333334,2.4391066044317276,1.3027338,1.4290383,0.93982506,1.1844317
2010-06-12 11:00:00,0.921,1.4143,1.8573363295464664,1.1731097,1.4028752,0.95464516,1.1787602
2010-06-12 12:00:00,2.1129333333333333,1.7594333333333334,1.3171970648183058,1.3511437,1.4147915,0.9222677,1.1685295
2010-06-12 13:00:00,1.5753666666666668,1.3205333333333331,0.996609716973601,1.8258398,1.2523227,0.90885556,1.080589
2010-06-12 14:00:00,0.9934333333333334,0.4647,0.9762410849104681,1.9750631,1.3916261,0.9290997,1.160363
2010-06-12 15:00:00,1.7003666666666668,1.0055333333333334,0.971070811121391,1.2829028,1.3010721,0.9549023,1.1279871
2010-06-12 16:00:00,1.687633333333333,1.1049333333333335,0.9656987871030389,1.6626607,1.5306094,1.0008537,1.2657316
2010-06-12 17:00:00,1.7315593220338985,0.5202333333333333,0.9792142405253362,1.785127,1.2785149,1.1383228,1.2084188
2010-06-12 18:00:00,2.114733333333333,0.4730666666666667,1.1178671185742077,1.6512367,1.3779553,1.2706788,1.324317
2010-06-12 19:00:00,2.5191999999999997,1.7516666666666665,1.3612380454932493,2.0922499,1.4416364,1.3626447,1.4021406
2010-06-12 20:00:00,1.6606,0.5838,2.2841467103102966,2.1353278,1.5712622,1.4072541,1.4892582
2010-06-12 21:00:00,1.8441,1.1657,2.544522289078192,1.7457256,1.7411362,1.3974113,1.5692737
2010-06-12 22:00:00,2.3567666666666667,1.0965333333333334,2.395489482060972,1.592082,1.6442249,1.2505457,1.4473853
2010-06-12 23:00:00,1.7577,1.1418,2.0003885471994236,1.6377363,1.2948252,0.9562214,1.1255233
2010-06-13 00:00:00,1.2083333333333333,0.9745333333333334,1.9449235669492206,1.7188272,0.88153327,0.727298,0.80441564
2010-06-13 01:00:00,0.3083666666666666,0.4235666666666667,1.902583155146573,0.9904843,0.6752037,0.5879235,0.6315636
2010-06-13 02:00:00,0.6055333333333334,0.8025333333333333,1.7992118559064136,0.31730288,0.5241656,0.49524385,0.5097047
2010-06-13 03:00:00,0.4873666666666666,0.3185666666666666,1.7354379496069143,0.46476784,0.4908576,0.40412325,0.44749042
2010-06-13 04:00:00,0.8913,0.3424333333333333,1.7854959483052653,0.46665215,0.44893354,0.3522004,0.40056697
2010-06-13 05:00:00,0.2724,0.3234,1.7465211827262592,0.24588728,0.45843017,0.32917243,0.3938013
2010-06-13 06:00:00,0.3261333333333333,0.6063666666666666,2.0608989410876326,0.4098732,0.5515481,0.35908812,0.45531812
2010-06-13 07:00:00,0.5486,1.691466666666667,2.388054470057581,0.5351246,0.94141155,0.4799537,0.71068263
2010-06-13 08:00:00,0.4347333333333333,1.7133333333333334,2.6534754853545954,0.8156183,0.88077116,0.72715056,0.80396086
2010-06-13 09:00:00,0.5858666666666666,1.3865,2.5870608077684367,0.8521183,1.232546,1.013886,1.1232159
2010-06-13 10:00:00,2.933266666666667,1.3559,2.4370268713366343,1.078727,1.270478,1.2436484,1.2570632
2010-06-13 11:00:00,2.7022,0.921,1.8552565964513734,1.6671777,1.2546186,1.3372961,1.2959573
2010-06-13 12:00:00,0.9603666666666668,2.1129333333333333,1.3151173317232128,1.6661166,1.2103704,1.3452296,1.2778001
2010-06-13 13:00:00,2.159766666666667,1.5753666666666668,0.994529983878508,1.4329695,1.0892715,1.3354534,1.2123625
2010-06-13 14:00:00,2.0390666666666664,0.9934333333333334,0.9741613518153751,1.8541328,1.3259721,1.3247728,1.3253725
2010-06-13 15:00:00,0.6412,1.7003666666666668,0.968991078026298,1.666928,1.1382563,1.3042973,1.2212768
2010-06-13 16:00:00,0.4927,1.687633333333333,0.9636190540079459,1.4847972,0.99327403,1.3061754,1.1497247
2010-06-13 17:00:00,1.1057333333333332,1.7315593220338985,0.9771345074302432,0.8210319,1.2095555,1.3385308,1.2740431
2010-06-13 18:00:00,1.1539333333333337,2.114733333333333,1.1157873854791145,1.3800153,1.2166033,1.4235661,1.3200847
2010-06-13 19:00:00,2.030266666666667,2.5191999999999997,1.359158312398156,1.286847,1.6337173,1.5504827,1.5921
2010-06-13 20:00:00,1.2484,1.6606,2.2820669772152034,1.2578542,1.5157163,1.7278814,1.6217989
2010-06-13 21:00:00,2.564333333333333,1.8441,2.5424425559830985,1.9862583,1.7274286,1.7869501,1.7571893
2010-06-13 22:00:00,1.6214000000000002,2.3567666666666667,2.3934097489658788,1.7606398,1.5520463,1.5245289,1.5382876
2010-06-13 23:00:00,0.5846666666666667,1.7577,1.9983088141043304,1.1546714,1.0160064,1.0910234,1.053515
2010-06-14 00:00:00,0.6394666666666667,1.2083333333333333,1.9428438338541276,0.46376136,0.6469507,0.83438134,0.74066603
2010-06-14 01:00:00,0.3470666666666666,0.3083666666666666,1.9005034220514798,0.48337415,0.56182516,0.43330348,0.49756432
2010-06-14 02:00:00,0.8650666666666668,0.6055333333333334,1.7971321228113206,0.35744107,0.5088419,0.3826998,0.44577083
2010-06-14 03:00:00,0.3326333333333333,0.4873666666666666,1.7333582165118213,0.3037569,0.51012933,0.3418134,0.42597136
2010-06-14 04:00:00,0.3246,0.8913,1.7834162152101722,0.36855376,0.5342829,0.33377016,0.43402654
2010-06-14 05:00:00,0.2909333333333333,0.2724,1.744441449631166,0.4188675,0.5362846,0.40064734,0.46846598
2010-06-14 06:00:00,0.5817666666666667,0.3261333333333333,2.0588192079925394,0.7698703,0.87016284,0.63492715,0.752545
2010-06-14 07:00:00,1.5130666666666668,0.5486,2.385974736962488,1.7675682,1.5722024,1.0618515,1.317027
2010-06-14 08:00:00,1.4300666666666666,0.4347333333333333,2.6513957522595026,1.4546778,1.4748188,1.2797265,1.3772726
2010-06-14 09:00:00,1.4076666666666666,0.5858666666666666,2.584981074673344,1.2414868,1.2476388,1.1454965,1.1965677
2010-06-14 10:00:00,1.3794,2.933266666666667,2.4349471382415415,1.2412745,0.9682516,0.98368216,0.9759669
2010-06-14 11:00:00,1.3752333333333333,2.7022,1.8531768633562802,1.0846664,0.7987843,0.8802714,0.83952785
2010-06-14 12:00:00,1.8709666666666669,0.9603666666666668,1.3130375986281198,1.1447468,0.77211565,0.7524903,0.762303
2010-06-14 13:00:00,1.0939666666666668,2.159766666666667,0.992450250783415,1.4418397,0.68954206,0.62292063,0.65623134
2010-06-14 14:00:00,0.3831666666666667,2.0390666666666664,0.9720816187202821,0.76172715,0.6861643,0.52093345,0.6035489
2010-06-14 15:00:00,0.2915333333333333,0.6412,0.9669113449312048,0.4429117,0.5976406,0.47526526,0.5364529
2010-06-14 16:00:00,0.3348333333333333,0.4927,0.9615393209128527,0.35961318,0.5865261,0.4859413,0.53623366
2010-06-14 17:00:00,0.2478666666666666,1.1057333333333332,0.97505477433515,0.47362095,0.7603702,0.5756127,0.66799146
2010-06-14 18:00:00,0.3869999999999999,1.1539333333333337,1.1137076523840217,0.6137965,0.77610403,0.80422395,0.790164
2010-06-14 19:00:00,0.7758333333333333,2.030266666666667,1.3570785793030633,1.0163894,1.1128751,1.0345951,1.0737351
2010-06-14 20:00:00,1.6178333333333332,1.2484,2.27998724412011,1.6787817,1.3259546,1.1996707,1.2628126
2010-06-14 21:00:00,1.3603333333333334,2.564333333333333,2.5403628228880057,1.5673736,1.7798767,1.3224664,1.5511715
2010-06-14 22:00:00,0.8282,1.6214000000000002,2.391330015870786,1.2853656,1.49541,1.2496856,1.3725479
2010-06-14 23:00:00,0.6212333333333333,0.5846666666666667,1.9962290810092376,0.5405477,0.7701722,0.9434789,0.85682553
2010-06-15 00:00:00,0.4109333333333333,0.6394666666666667,1.9407641007590346,0.5485696,0.60756105,0.63558507,0.6215731
2010-06-15 01:00:00,0.2860333333333333,0.3470666666666666,1.8984236889563868,0.39706913,0.48889425,0.46206814,0.4754812
2010-06-15 02:00:00,0.2961333333333333,0.8650666666666668,1.7950523897162274,0.3539273,0.48371258,0.38879728,0.43625492
2010-06-15 03:00:00,0.2891333333333333,0.3326333333333333,1.731278483416728,0.31271014,0.4603299,0.32600284,0.39316636
2010-06-15 04:00:00,0.7506666666666667,0.3246,1.781336482115079,0.379111,0.44258058,0.30629998,0.37444028
2010-06-15 05:00:00,0.6535666666666666,0.2909333333333333,1.742361716536073,0.3436148,0.4302621,0.4007885,0.4155253
2010-06-15 06:00:00,0.6048666666666667,0.5817666666666667,2.0567394748974466,0.8115752,0.76057196,0.7915263,0.77604914
2010-06-15 07:00:00,0.8026666666666666,1.5130666666666668,2.3838950038673947,1.3787746,1.547044,1.3968136,1.4719288
2010-06-15 08:00:00,1.330733333333333,1.4300666666666666,2.6493160191644094,1.3335162,1.7383246,1.5385723,1.6384485
2010-06-15 09:00:00,1.4201666666666666,1.4076666666666666,2.5829013415782507,1.1121067,1.2537599,1.3684845,1.3111222
2010-06-15 10:00:00,0.7739333333333334,1.3794,2.4328674051464483,1.1143492,1.1715121,1.1633052,1.1674087
2010-06-15 11:00:00,1.2811666666666668,1.3752333333333333,1.8510971302611872,0.5490913,1.1813926,0.9882056,1.084799
2010-06-15 12:00:00,1.1593000000000002,1.8709666666666669,1.3109578655330265,0.8736986,1.040349,0.7936696,0.9170093
2010-06-15 13:00:00,1.5242666666666669,1.0939666666666668,0.9903705176883217,0.712642,1.1555055,0.64254665,0.8990261
2010-06-15 14:00:00,1.3928666666666667,0.3831666666666667,0.9700018856251889,1.2902204,0.7217579,0.47561413,0.598686
2010-06-15 15:00:00,0.6715333333333333,0.2915333333333333,0.9648316118361118,1.2219334,0.6328838,0.43541873,0.53415126
2010-06-15 16:00:00,0.2944333333333333,0.3348333333333333,0.9594595878177596,0.45657846,0.8070338,0.41436464,0.6106992
2010-06-15 17:00:00,0.3504333333333333,0.2478666666666666,0.972975041240057,0.43013796,0.68366396,0.47427446,0.57896924
2010-06-15 18:00:00,0.3067333333333333,0.3869999999999999,1.1116279192889285,0.49624157,0.85916454,0.5759216,0.71754307
2010-06-15 19:00:00,0.7601333333333333,0.7758333333333333,1.35499884620797,0.801625,1.3778917,0.7495733,1.0637325
2010-06-15 20:00:00,1.6182666666666667,1.6178333333333332,2.2779075110250173,1.1748704,1.452342,0.95263684,1.2024894
2010-06-15 21:00:00,1.2554333333333334,1.3603333333333334,2.5382830897929125,1.44659,1.9080813,1.11556,1.5118207
2010-06-15 22:00:00,1.2378,0.8282,2.3892502827756927,1.3288894,1.4053261,1.1322974,1.2688117
2010-06-15 23:00:00,0.9282333333333334,0.6212333333333333,1.9941493479141443,0.7065259,0.843012,0.8560955,0.8495537
2010-06-16 00:00:00,0.9155333333333334,0.4109333333333333,1.9386843676639414,0.62105674,0.5709041,0.5386719,0.554788
2010-06-16 01:00:00,0.8949666666666667,0.2860333333333333,1.8963439558612938,0.630741,0.4332404,0.37418723,0.40371382
2010-06-16 02:00:00,1.3116333333333334,0.2961333333333333,1.7929726566211344,0.7878584,0.44342503,0.29147583,0.36745042
2010-06-16 03:00:00,0.7983666666666667,0.2891333333333333,1.729198750321635,0.71054035,0.41751513,0.25598872,0.33675194
2010-06-16 04:00:00,0.7678666666666667,0.7506666666666667,1.779256749019986,0.59378326,0.46079966,0.26646906,0.36363435
2010-06-16 05:00:00,0.7974,0.6535666666666666,1.74028198344098,0.678364,0.44848853,0.35896045,0.4037245
2010-06-16 06:00:00,0.7928333333333334,0.6048666666666667,2.0546597418023533,1.0586226,0.88248485,0.66646326,0.774474
2010-06-16 07:00:00,0.7041333333333333,0.8026666666666666,2.381815270772302,1.6467258,1.5003741,1.0694959,1.284935
2010-06-16 08:00:00,1.957566666666667,1.330733333333333,2.647236286069316,1.7369522,1.5683947,1.1962899,1.3823423
2010-06-16 09:00:00,1.933633333333333,1.4201666666666666,2.5808216084831574,1.6101191,1.3426253,1.0431601,1.1928927
2010-06-16 10:00:00,1.5199666666666665,0.7739333333333334,2.430787672051355,1.6357912,1.2049867,0.83047616,1.0177314
2010-06-16 11:00:00,1.3837000000000002,1.2811666666666668,1.849017397166094,1.3843011,1.1679677,0.6561131,0.91204035
2010-06-16 12:00:00,1.419533333333333,1.1593000000000002,1.3088781324379335,1.1665747,1.026396,0.5004871,0.76344156
2010-06-16 13:00:00,1.6327333333333334,1.5242666666666669,0.9882907845932287,1.2572746,1.1749562,0.4270664,0.8010113
2010-06-16 14:00:00,0.8742,1.3928666666666667,0.9679221525300958,1.6266199,0.76631117,0.40787196,0.58709157
2010-06-16 15:00:00,1.5512666666666666,0.6715333333333333,0.9627518787410188,1.1641415,0.835705,0.44195032,0.6388277
2010-06-16 16:00:00,1.4775666666666667,0.2944333333333333,0.9573798547226666,1.002422,0.60794914,0.49233663,0.5501429
2010-06-16 17:00:00,1.3177333333333332,0.3504333333333333,0.9708953081449639,1.002542,0.9054127,0.50468135,0.705047
2010-06-16 18:00:00,1.3527333333333331,0.3067333333333333,1.1095481861938352,0.96255296,1.0911665,0.5716481,0.8314073
2010-06-16 19:00:00,0.3427666666666666,0.7601333333333333,1.3529191131128768,1.1310692,1.1795305,0.77960116,0.97956586
2010-06-16 20:00:00,0.8107000000000001,1.6182666666666667,2.275827777929924,0.79122835,1.7037948,1.0152701,1.3595325
2010-06-16 21:00:00,2.2539666666666665,1.2554333333333334,2.5362033566978193,1.3026882,1.7694503,1.1129081,1.4411793
2010-06-16 22:00:00,1.8435,1.2378,2.3871705496805995,1.4459982,1.2696291,0.9408936,1.1052613
2010-06-16 23:00:00,0.8139000000000001,0.9282333333333334,1.992069614819051,0.88504964,0.9150971,0.62343967,0.7692684
2010-06-17 00:00:00,0.3634666666666666,0.9155333333333334,1.9366046345688483,0.60181105,0.5366314,0.37491316,0.45577228
2010-06-17 01:00:00,0.362,0.8949666666666667,1.8942642227662005,0.31721517,0.45944428,0.36327577,0.41136003
2010-06-17 02:00:00,0.3459333333333333,1.3116333333333334,1.7908929235260413,0.38319123,0.4591234,0.33088762,0.39500552
2010-06-17 03:00:00,0.2851666666666667,0.7983666666666667,1.727119017226542,0.33976334,0.442177,0.30686963,0.3745233
2010-06-17 04:00:00,0.3514666666666667,0.7678666666666667,1.777177015924893,0.37495363,0.47416204,0.3144849,0.39432347
2010-06-17 05:00:00,0.3326666666666666,0.7974,1.7382022503458867,0.45292202,0.48598948,0.4127252,0.44935733
2010-06-17 06:00:00,1.4129,0.7928333333333334,2.05258000870726,0.93644947,0.8436374,0.68222666,0.76293206
2010-06-17 07:00:00,0.8750333333333333,0.7041333333333333,2.3797355376772087,1.6445082,1.3217676,0.9805436,1.1511556
2010-06-17 08:00:00,0.8910666666666667,1.957566666666667,2.645156552974223,1.2966266,1.502821,1.0705036,1.2866623
2010-06-17 09:00:00,0.3007333333333333,1.933633333333333,2.5787418753880647,0.8986661,1.371934,1.0088006,1.1903673
2010-06-17 10:00:00,0.8371666666666666,1.5199666666666665,2.4287079389562622,0.4882967,1.1044095,0.92074937,1.0125794
2010-06-17 11:00:00,1.4385,1.3837000000000002,1.846937664071001,0.71963894,1.1099223,0.82472,0.96732116
2010-06-17 12:00:00,1.3938,1.419533333333333,1.3067983993428405,1.1995157,1.05837,0.7075262,0.8829481
2010-06-17 13:00:00,1.6693333333333331,1.6327333333333334,0.9862110514981357,1.1916202,0.92685616,0.5934164,0.76013625
2010-06-17 14:00:00,0.6107666666666667,0.8742,0.9658424194350028,1.3273406,0.6739652,0.48545992,0.57971257
2010-06-17 15:00:00,0.3497666666666666,1.5512666666666666,0.9606721456459255,0.43593338,0.50155085,0.32116747,0.41135916
2010-06-17 16:00:00,0.3118999999999999,1.4775666666666667,0.9553001216275734,0.31899604,0.50585276,0.19854957,0.35220116
2010-06-17 17:00:00,0.2847666666666666,1.3177333333333332,0.9688155750498707,0.48258236,0.7200363,0.26494855,0.49249244
2010-06-17 18:00:00,0.3186333333333333,1.3527333333333331,1.1074684530987424,0.76718044,1.0139083,0.7036655,0.8587869
2010-06-17 19:00:00,0.3109333333333333,0.3427666666666666,1.350839380017784,0.81482077,1.2930362,1.3030424,1.2980393
2010-06-17 20:00:00,1.755866666666667,0.8107000000000001,2.2737480448348313,0.8250191,1.7671075,1.7425855,1.7548466
2010-06-17 21:00:00,0.8603333333333333,2.2539666666666665,2.534123623602726,1.5369865,1.8402686,1.7041194,1.772194
2010-06-17 22:00:00,0.7944666666666667,1.8435,2.3850908165855067,0.9954497,1.4575052,1.2141045,1.3358049
2010-06-17 23:00:00,0.6769666666666667,0.8139000000000001,1.9899898817239583,0.674806,0.8900165,0.7563429,0.8231797
2010-06-18 00:00:00,0.6461333333333333,0.3634666666666666,1.9345249014737553,0.49968588,0.56010336,0.5286713,0.54438734
2010-06-18 01:00:00,0.7263333333333333,0.362,1.8921844896711075,0.5055562,0.47301146,0.43259954,0.45280552
2010-06-18 02:00:00,0.2578,0.3459333333333333,1.788813190430948,0.32516193,0.49046847,0.4070891,0.4487788
2010-06-18 03:00:00,0.3257333333333333,0.2851666666666667,1.7250392841314488,0.35284254,0.43759403,0.35025543,0.3939247
2010-06-18 04:00:00,0.2423,0.3514666666666667,1.7750972828297997,0.33714023,0.43066365,0.29221857,0.3614411
2010-06-18 05:00:00,0.3099,0.3326666666666666,1.7361225172507937,0.352391,0.4284297,0.3422603,0.38534498
2010-06-18 06:00:00,0.5345,1.4129,2.0505002756121673,0.945639,0.8299585,0.7597785,0.79486847
2010-06-18 07:00:00,1.2368,0.8750333333333333,2.3776558045821155,1.4456497,1.473144,1.3614783,1.4173112
2010-06-18 08:00:00,1.9224333333333337,0.8910666666666667,2.6430768198791297,1.1549715,1.517435,1.4840077,1.5007213
2010-06-18 09:00:00,1.5577666666666663,0.3007333333333333,2.5766621422929714,1.7136253,1.432533,1.3685384,1.4005357
2010-06-18 10:00:00,1.8108666666666664,0.8371666666666666,2.426628205861169,1.637798,1.2701627,1.2143261,1.2422445
2010-06-18 11:00:00,1.699466666666667,1.4385,1.844857930975908,1.5439206,1.1830014,1.0775577,1.1302795
2010-06-18 12:00:00,1.4279000000000002,1.3938,1.3047186662477472,1.4063109,1.1292125,0.8395585,0.9843855
2010-06-18 13:00:00,1.4851333333333334,1.6693333333333331,0.9841313184030425,1.2076563,0.9815481,0.6945347,0.8380414
2010-06-18 14:00:00,1.0346,0.6107666666666667,0.9637626863399096,1.1847097,0.7348461,0.5772948,0.6560705
2010-06-18 15:00:00,0.2730333333333333,0.3497666666666666,0.9585924125508325,0.75025266,0.854462,0.508089,0.6812755
2010-06-18 16:00:00,0.4523333333333333,0.3118999999999999,0.9532203885324804,0.37245038,0.73890984,0.5086124,0.6237611
2010-06-18 17:00:00,0.9873666666666666,0.2847666666666666,0.9667358419547777,0.6154778,0.6082832,0.497945,0.5531141
2010-06-18 18:00:00,0.4953666666666666,0.3186333333333333,1.1053887200036492,0.68598515,0.68112427,0.5413671,0.6112457
2010-06-18 19:00:00,0.6390666666666667,0.3109333333333333,1.3487596469226908,0.85438156,1.1110582,0.7520541,0.93155617
2010-06-18 20:00:00,1.7505666666666668,1.755866666666667,2.271668311739738,1.0287646,1.206949,1.0694034,1.1381762
2010-06-18 21:00:00,1.0089,0.8603333333333333,2.5320438905076332,1.594891,1.5373728,1.2350721,1.3862225
2010-06-18 22:00:00,0.9618,0.7944666666666667,2.3830110834904135,1.404473,1.3541596,1.1221573,1.2381585
2010-06-18 23:00:00,0.4191666666666666,0.6769666666666667,1.987910148628865,0.6589235,0.91584015,0.7885772,0.8522087
2010-06-19 00:00:00,0.6301,0.6461333333333333,1.932445168378662,0.36626112,0.6067274,0.51693946,0.56183344
2010-06-19 01:00:00,0.8099000000000001,0.7263333333333333,1.8901047565760145,0.5280861,0.52936876,0.43788344,0.4836261
2010-06-19 02:00:00,0.4997666666666667,0.2578,1.786733457335855,0.30097482,0.46015242,0.39441496,0.4272837
2010-06-19 03:00:00,0.3682333333333333,0.3257333333333333,1.7229595510363558,0.4783016,0.4479178,0.3580283,0.40297306
2010-06-19 04:00:00,0.2795333333333333,0.2423,1.7730175497347067,0.33890334,0.38425073,0.3521356,0.36819315
2010-06-19 05:00:00,0.3581333333333333,0.3099,1.7340427841557007,0.3795854,0.44782794,0.39417344,0.4210007
2010-06-19 06:00:00,0.3412666666666666,0.5345,2.048420542517074,0.67973065,0.71093696,0.53749835,0.6242176
2010-06-19 07:00:00,0.4784666666666666,1.2368,2.3755760714870227,1.1157236,1.1326865,0.8082397,0.9704631
2010-06-19 08:00:00,0.8383,1.9224333333333337,2.640997086784037,1.1237398,1.3624617,1.0840311,1.2232463
2010-06-19 09:00:00,1.6233333333333335,1.5577666666666663,2.574582409197878,0.9060221,1.3272549,1.2320651,1.27966
2010-06-19 10:00:00,1.8915666666666664,1.8108666666666664,2.4245484727660758,1.5131218,1.3788182,1.2988083,1.3388133
2010-06-19 11:00:00,1.8121666666666667,1.699466666666667,1.8427781978808147,1.8687634,1.5195539,1.3318576,1.4257057
2010-06-19 12:00:00,0.5093333333333334,1.4279000000000002,1.3026389331526542,1.7959187,1.4376801,1.3377295,1.3877048
2010-06-19 13:00:00,1.6337,1.4851333333333334,0.9820515853079494,1.104538,1.3986835,1.290085,1.3443842
2010-06-19 14:00:00,0.8814333333333334,1.0346,0.9616829532448166,1.6052177,1.3891257,1.336123,1.3626244
2010-06-19 15:00:00,0.5696,0.2730333333333333,0.9565126794557393,1.0225797,1.2687916,1.3247801,1.2967858
2010-06-19 16:00:00,1.764066666666667,0.4523333333333333,0.9511406554373874,0.73705417,1.343431,1.3604909,1.3519609
2010-06-19 17:00:00,1.0338666666666667,0.9873666666666666,0.9646561088596847,1.5157776,1.4341325,1.2916367,1.3628845
2010-06-19 18:00:00,0.3908333333333333,0.4953666666666666,1.103308986908556,0.9029341,1.4879378,1.4301469,1.4590423
2010-06-19 19:00:00,0.3772666666666666,0.6390666666666667,1.3466799138275976,0.88845456,1.5556731,1.7063074,1.6309903
2010-06-19 20:00:00,0.6906666666666667,1.7505666666666668,2.269588578644645,0.6471383,1.5963376,2.1091752,1.8527564
2010-06-19 21:00:00,2.2919666666666667,1.0089,2.52996415741254,1.2424359,1.8096745,2.2211118,2.0153933
2010-06-19 22:00:00,2.4079333333333333,0.9618,2.3809313503953202,1.8164976,1.6548253,1.9008187,1.777822
2010-06-19 23:00:00,1.1222333333333334,0.4191666666666666,1.9858304155337718,1.7813993,1.4198819,1.314678,1.36728
2010-06-20 00:00:00,0.5733666666666667,0.6301,1.930365435283569,0.8494057,0.8163425,0.9258432,0.8710928
2010-06-20 01:00:00,0.3768333333333333,0.8099000000000001,1.8880250234809213,0.42413872,0.6216214,0.7761961,0.69890875
2010-06-20 02:00:00,0.2544666666666667,0.4997666666666667,1.784653724240762,0.3206633,0.60809326,0.7184047,0.663249
2010-06-20 03:00:00,0.3604333333333333,0.3682333333333333,1.7208798179412628,0.32722276,0.52018076,0.64788365,0.5840322
2010-06-20 04:00:00,0.2309999999999999,0.2795333333333333,1.7709378166396137,0.33609486,0.53294116,0.6029743,0.56795776
2010-06-20 05:00:00,0.3521333333333333,0.3581333333333333,1.7319630510606074,0.3143452,0.49045655,0.5862028,0.53832966
2010-06-20 06:00:00,0.2305666666666666,0.3412666666666666,2.046340809421981,0.42823824,0.59837717,0.60880136,0.6035893
2010-06-20 07:00:00,0.3374666666666667,0.4784666666666666,2.3734963383919294,0.608588,1.0082699,0.7293037,0.8687868
2010-06-20 08:00:00,0.9848666666666668,0.8383,2.638917353688944,0.59709305,0.95057243,0.93799925,0.94428587
2010-06-20 09:00:00,1.0292666666666668,1.6233333333333335,2.5725026761027854,0.7796335,1.1686913,1.1537697,1.1612306
2010-06-20 10:00:00,1.4976333333333334,1.8915666666666664,2.422468739670983,1.110262,1.2267329,1.310693,1.268713
2010-06-20 11:00:00,1.5338666666666667,1.8121666666666667,1.8406984647857216,1.3757517,1.3882549,1.3851202,1.3866875
2010-06-20 12:00:00,1.7916999999999998,0.5093333333333334,1.3005592000575612,1.3386923,1.3628044,1.4373293,1.4000669
2010-06-20 13:00:00,1.5012333333333332,1.6337,0.9799718522128564,1.6897721,1.3992561,1.4345636,1.4169099
2010-06-20 14:00:00,1.432,0.8814333333333334,0.9596032201497235,1.4076844,1.2426748,1.4298085,1.3362417
2010-06-20 15:00:00,0.4014,0.5696,0.9544329463606462,1.2885531,1.2671721,1.4249821,1.3460771
2010-06-20 16:00:00,0.5437,1.764066666666667,0.9490609223422941,0.58123857,1.306982,1.4503465,1.3786643
2010-06-20 17:00:00,1.9162333333333337,1.0338666666666667,0.9625763757645914,0.8993552,1.2334754,1.4904044,1.3619399
2010-06-20 18:00:00,2.6058666666666666,0.3908333333333333,1.1012292538134627,1.8981264,1.3581401,1.641371,1.4997556
2010-06-20 19:00:00,3.0546,0.3772666666666666,1.3446001807325048,2.4255066,1.6170019,1.8179564,1.7174792
2010-06-20 20:00:00,2.1052666666666666,0.6906666666666667,2.2675088455495516,2.609533,1.5572817,1.9513522,1.754317
2010-06-20 21:00:00,1.7862333333333331,2.2919666666666667,2.527884424317447,1.9052169,1.871233,1.936585,1.903909
2010-06-20 22:00:00,1.7300666666666666,2.4079333333333333,2.378851617300227,2.156491,1.593013,1.5512813,1.5721471
2010-06-20 23:00:00,1.2456333333333334,1.1222333333333334,1.983750682438679,0.9206074,1.2423435,1.095871,1.1691072
2010-06-21 00:00:00,0.2743666666666666,0.5733666666666667,1.928285702188476,0.44499043,0.55507547,0.8675934,0.71133447
2010-06-21 01:00:00,0.3524666666666666,0.3768333333333333,1.8859452903858283,0.34725073,0.4497232,0.41320395,0.4314636
2010-06-21 02:00:00,0.9393333333333334,0.2544666666666667,1.7825739911456688,0.31723648,0.44844204,0.42220265,0.43532234
2010-06-21 03:00:00,0.3491999999999999,0.3604333333333333,1.7188000848461695,0.26687294,0.45122766,0.4215358,0.43638173
2010-06-21 04:00:00,0.2452333333333333,0.2309999999999999,1.7688580835445205,0.33020654,0.37294114,0.40531313,0.38912714
2010-06-21 05:00:00,0.3585333333333333,0.3521333333333333,1.7298833179655144,0.34972233,0.45122766,0.4637258,0.45747674
2010-06-21 06:00:00,0.2771666666666667,0.2305666666666666,2.044261076326888,0.7854671,0.7310127,0.7817019,0.7563573
2010-06-21 07:00:00,0.9789,0.3374666666666667,2.371416605296836,0.7934698,1.3138771,1.3632435,1.3385603
2010-06-21 08:00:00,1.4782666666666666,0.9848666666666668,2.636837620593851,1.1110206,1.2595738,1.5444015,1.4019877
2010-06-21 09:00:00,1.4552666666666667,1.0292666666666668,2.570422943007692,1.2737843,1.3260756,1.3005509,1.3133132
2010-06-21 10:00:00,1.2895333333333334,1.4976333333333334,2.4203890065758897,1.170248,1.1132106,1.064519,1.0888648
2010-06-21 11:00:00,1.4134666666666669,1.5338666666666667,1.8386187316906286,0.9585904,1.0543289,0.9002645,0.9772967
2010-06-21 12:00:00,1.1165999999999998,1.7916999999999998,1.298479466962468,1.2175078,1.0150015,0.81424356,0.91462255
2010-06-21 13:00:00,0.6603,1.5012333333333332,0.9778921191177632,0.77031165,0.9651066,0.71168995,0.8383983
2010-06-21 14:00:00,1.5395,1.432,0.9575234870546303,0.9094422,0.7845418,0.58638394,0.68546283
2010-06-21 15:00:00,2.51,0.4014,0.9523532132655532,1.6455326,0.66798687,0.5094034,0.58869517
2010-06-21 16:00:00,0.3795,0.5437,0.9469811892472011,1.8766354,0.71302414,0.4692943,0.5911592
2010-06-21 17:00:00,1.3744,1.9162333333333337,0.9604966426694984,0.34637794,0.62914085,0.53673047,0.5829357
2010-06-21 18:00:00,2.516233333333333,2.6058666666666666,1.09914952071837,1.0086341,0.8314343,0.7867048,0.8090695
2010-06-21 19:00:00,1.9449333333333336,3.0546,1.3425204476374115,2.6946576,1.2025136,1.1643473,1.1834304
2010-06-21 20:00:00,1.8373333333333333,2.1052666666666666,2.2654291124544588,1.828095,1.4816484,1.5788349,1.5302417
2010-06-21 21:00:00,1.3321,1.7862333333333331,2.525804691222354,1.7983443,1.9237893,1.7610137,1.8424015
2010-06-21 22:00:00,2.334566666666667,1.7300666666666666,2.376771884205134,1.5805979,1.4208391,1.3571236,1.3889813
2010-06-21 23:00:00,0.7242999999999999,1.2456333333333334,1.9816709493435858,0.9671469,0.84563345,0.8050964,0.82536495
2010-06-22 00:00:00,0.3347333333333333,0.2743666666666666,1.9262059690933828,0.61412966,0.52024484,0.49631995,0.5082824
2010-06-22 01:00:00,0.2700333333333333,0.3524666666666666,1.883865557290735,0.36130753,0.422071,0.41442013,0.41824555
2010-06-22 02:00:00,0.2868,0.9393333333333334,1.7804942580505758,0.3264297,0.42328697,0.37612402,0.3997055
2010-06-22 03:00:00,0.2775999999999999,0.3491999999999999,1.7167203517510765,0.36338085,0.42895123,0.2999828,0.36446702
2010-06-22 04:00:00,0.2863666666666666,0.2452333333333333,1.7667783504494274,0.36930597,0.37602875,0.24449706,0.31026292
2010-06-22 05:00:00,0.2585666666666666,0.3585333333333333,1.7278035848704214,0.4259847,0.42259985,0.28928286,0.35594136
2010-06-22 06:00:00,0.6382,0.2771666666666667,2.042181343231795,0.65228117,0.75342643,0.7651837,0.75930506
2010-06-22 07:00:00,2.0322,0.9789,2.3693368722017434,1.206824,1.2711478,1.4227725,1.3469602
2010-06-22 08:00:00,1.7978666666666667,1.4782666666666666,2.6347578874987576,1.7839993,1.4413723,1.3578006,1.3995864
2010-06-22 09:00:00,1.8582,1.4552666666666667,2.568343209912599,1.6238585,1.1389048,1.1462127,1.1425588
2010-06-22 10:00:00,1.75,1.2895333333333334,2.4183092734807965,1.6125009,1.0380764,1.0372508,1.0376636
2010-06-22 11:00:00,1.1740333333333337,1.4134666666666669,1.8365389985955354,1.6618714,1.109556,0.9752955,1.0424258
2010-06-22 12:00:00,0.6453666666666666,1.1165999999999998,1.296399733867375,0.6726298,1.1301553,0.9178339,1.0239947
2010-06-22 13:00:00,1.3182666666666667,0.6603,0.9758123860226702,0.5882329,0.9536449,0.8588822,0.90626353
2010-06-22 14:00:00,0.8385666666666667,1.5395,0.9554437539595373,1.2812195,0.9897125,0.7952727,0.8924926
2010-06-22 15:00:00,0.6611999999999999,2.51,0.95027348017046,0.92885685,0.58987314,0.7445576,0.66721535
2010-06-22 16:00:00,0.4591666666666666,0.3795,0.9449014561521081,0.849881,0.6492142,0.7055058,0.67736
2010-06-22 17:00:00,2.0802666666666667,1.3744,0.9584169095744054,0.5540835,0.5697576,0.676177,0.6229673
2010-06-22 18:00:00,1.5902,2.516233333333333,1.0970697876232767,1.547958,0.6966642,0.6538446,0.6752544
2010-06-22 19:00:00,1.0886,1.9449333333333336,1.3404407145423183,1.6263332,1.2898188,0.8589059,1.0743623
2010-06-22 20:00:00,1.0753333333333333,1.8373333333333333,2.2633493793593655,1.7432135,1.451368,1.2443306,1.3478494
2010-06-22 21:00:00,1.2507333333333333,1.3321,2.5237249581272607,1.8035492,1.5113016,1.4183393,1.4648204
2010-06-22 22:00:00,2.2101333333333333,2.334566666666667,2.374692151110041,1.3434774,1.548716,1.1874675,1.3680917
2010-06-22 23:00:00,1.1606999999999998,0.7242999999999999,1.9795912162484925,1.0592984,0.92026234,0.72244436,0.8213533
2010-06-23 00:00:00,0.3071666666666666,0.3347333333333333,1.9241262359982898,0.8491172,0.5308095,0.41180676,0.47130814
2010-06-23 01:00:00,0.2552,0.2700333333333333,1.881785824195642,0.36727056,0.44310907,0.3834172,0.41326314
2010-06-23 02:00:00,0.2894333333333333,0.2868,1.7784145249554828,0.35426685,0.52943784,0.36743653,0.44843718
2010-06-23 03:00:00,0.2840999999999999,0.2775999999999999,1.7146406186559835,0.34549826,0.422711,0.34425443,0.38348272
2010-06-23 04:00:00,0.2787666666666666,0.2863666666666666,1.7646986173543344,0.37373692,0.3839138,0.35574782,0.3698308
2010-06-23 05:00:00,0.2667333333333334,0.2585666666666666,1.7257238517753282,0.39920878,0.4042125,0.54160285,0.47290766
2010-06-23 06:00:00,0.5191333333333333,0.6382,2.0401016101367015,0.92877835,0.8309148,1.0678699,0.9493923
2010-06-23 07:00:00,1.5606,2.0322,2.36725713910665,1.3432171,1.4277195,1.296118,1.3619187
2010-06-23 08:00:00,1.3922,1.7978666666666667,2.6326781544036644,1.3980126,1.3014188,1.1079313,1.204675
2010-06-23 09:00:00,1.4414333333333331,1.8582,2.566263476817506,1.1583292,1.0263869,0.91607493,0.97123086
2010-06-23 10:00:00,2.0485333333333333,1.75,2.4162295403857037,1.165871,1.0415112,0.8017907,0.92165095
2010-06-23 11:00:00,1.5051333333333334,1.1740333333333337,1.8344592655004424,1.6761521,1.1495034,0.72869956,0.93910146
2010-06-23 12:00:00,1.2449,0.6453666666666666,1.294320000772282,1.4343827,1.0770376,0.6729183,0.87497795
2010-06-23 13:00:00,0.2992,1.3182666666666667,0.9737326529275772,0.68138653,0.7247432,0.63077426,0.6777587
2010-06-23 14:00:00,0.375,0.8385666666666667,0.9533640208644443,0.5270064,0.6890697,0.61944926,0.65425944
2010-06-23 15:00:00,0.3711,0.6611999999999999,0.948193747075367,0.51329887,0.8383301,0.61918163,0.72875583
2010-06-23 16:00:00,0.3139,0.4591666666666666,0.9428217230570148,0.50821733,0.8618064,0.6037809,0.7327937
2010-06-23 17:00:00,0.5547333333333333,2.0802666666666667,0.9563371764793122,0.522037,0.67563754,0.5819436,0.62879056
2010-06-23 18:00:00,1.7482666666666666,1.5902,1.0949900545281834,1.4807329,0.86593556,0.65244466,0.7591901
2010-06-23 19:00:00,1.9592,1.0886,1.3383609814472255,1.6832278,1.1151549,0.8286146,0.9718847
2010-06-23 20:00:00,1.2290666666666668,1.0753333333333333,2.2612696462642727,1.2672961,1.2035458,1.0526896,1.1281177
2010-06-23 21:00:00,3.9411,1.2507333333333333,2.5216452250321675,1.7387125,1.6217729,1.2319871,1.42688
2010-06-23 22:00:00,1.4779000000000002,2.2101333333333333,2.3726124180149477,1.5991285,1.4977468,1.1369832,1.3173649
2010-06-23 23:00:00,0.3716,1.1606999999999998,1.9775114831533998,1.1691387,0.8612994,0.7623342,0.8118168
2010-06-24 00:00:00,0.3514,0.3071666666666666,1.9220465029031968,0.40135908,0.51296055,0.47187394,0.49241725
2010-06-24 01:00:00,0.3404333333333333,0.2552,1.879706091100549,0.39574856,0.39468777,0.40904337,0.40186557
2010-06-24 02:00:00,0.4146,0.2894333333333333,1.7763347918603896,0.39625907,0.38841185,0.37187845,0.38014513
2010-06-24 03:00:00,0.5252,0.2840999999999999,1.7125608855608903,0.42878312,0.38386413,0.34408683,0.36397547
2010-06-24 04:00:00,0.7032666666666666,0.2787666666666666,1.7626188842592412,0.4637685,0.38889626,0.3383249,0.36361057
2010-06-24 05:00:00,0.3877666666666666,0.2667333333333334,1.7236441186802351,0.4152561,0.3644739,0.48365313,0.4240635
2010-06-24 06:00:00,0.4235666666666667,0.5191333333333333,2.0380218770416088,1.0146676,0.75672615,0.9228573,0.8397917
2010-06-24 07:00:00,1.3824666666666667,1.5606,2.365177406011557,1.0842708,1.3822887,1.1979192,1.2901039
2010-06-24 08:00:00,1.7109333333333334,1.3922,2.630598421308571,1.1614861,1.1667845,1.0736703,1.1202273
2010-06-24 09:00:00,1.4129666666666667,1.4414333333333331,2.564183743722413,1.4150949,0.8866302,0.87156093,0.87909555
2010-06-24 10:00:00,0.9029666666666668,2.0485333333333333,2.4141498072906105,1.1954151,0.8248792,0.748794,0.7868366
2010-06-24 11:00:00,0.3694333333333333,1.5051333333333334,1.8323795324053493,0.54728335,0.9560197,0.707181,0.8316003
2010-06-24 12:00:00,0.3708666666666666,1.2449,1.2922402676771887,0.38959762,0.82032776,0.6920892,0.7562085
2010-06-24 13:00:00,0.3719,0.2992,0.9716529198324839,0.44190544,0.8206667,0.6716021,0.7461344
2010-06-24 14:00:00,0.3240333333333333,0.375,0.951284287769351,0.48369417,0.6612687,0.67219883,0.66673374
2010-06-24 15:00:00,0.3697,0.3711,0.946114013980274,0.3995194,0.50519246,0.6773832,0.59128785
2010-06-24 16:00:00,0.3358333333333333,0.3139,0.9407419899619218,0.35510874,0.53698325,0.6769934,0.6069883
2010-06-24 17:00:00,0.4254333333333333,0.5547333333333333,0.9542574433842191,0.507251,0.57147,0.66081023,0.6161401
2010-06-24 18:00:00,0.6879000000000001,1.7482666666666666,1.0929103214330906,0.72162294,0.88042986,0.6702262,0.77532804
2010-06-24 19:00:00,1.5256,1.9592,1.3362812483521322,0.9549813,1.1104821,0.80208516,0.9562836
2010-06-24 20:00:00,1.2801,1.2290666666666668,2.2591899131691795,1.180889,1.2374717,1.0298183,1.133645
2010-06-24 21:00:00,1.4406666666666663,3.9411,2.5195654919370747,1.5259793,1.339104,1.1889127,1.2640084
2010-06-24 22:00:00,1.8170666666666664,1.4779000000000002,2.370532684919855,2.0305135,1.3431203,1.1401782,1.2416493
2010-06-24 23:00:00,0.3888999999999999,0.3716,1.9754317500583065,0.92630666,0.7230727,0.8455514,0.784312
2010-06-25 00:00:00,0.2985666666666667,0.3514,1.9199667698081035,0.45594364,0.5189757,0.5755043,0.54724
2010-06-25 01:00:00,0.3066,0.3404333333333333,1.8776263580054557,0.3132979,0.40237808,0.4676925,0.4350353
2010-06-25 02:00:00,0.2838333333333333,0.4146,1.7742550587652965,0.30839822,0.4013296,0.4082904,0.40481
2010-06-25 03:00:00,0.3394666666666666,0.5252,1.7104811524657972,0.3580344,0.40582773,0.36391056,0.38486916
2010-06-25 04:00:00,0.3376666666666666,0.7032666666666666,1.7605391511641482,0.36497197,0.40550408,0.3599503,0.3827272
2010-06-25 05:00:00,0.2842666666666666,0.3877666666666666,1.721564385585142,0.3884874,0.38620672,0.49036103,0.43828386
2010-06-25 06:00:00,1.0408666666666666,0.4235666666666667,2.0359421439465155,0.7050682,0.82295465,0.8341955,0.8285751
2010-06-25 07:00:00,1.4192333333333331,1.3824666666666667,2.363097672916464,1.3089187,1.4576393,1.1058506,1.281745
2010-06-25 08:00:00,1.1743333333333332,1.7109333333333334,2.6285186882134783,1.3513986,1.2286506,1.1457132,1.187182
2010-06-25 09:00:00,1.4962333333333333,1.4129666666666667,2.5621040106273196,0.90449566,1.0777292,1.0550604,1.0663948
2010-06-25 10:00:00,1.4313666666666665,0.9029666666666668,2.412070074195517,1.469989,1.0316126,0.93539876,0.9835057
2010-06-25 11:00:00,1.6219333333333334,0.3694333333333333,1.830299799310256,1.2523322,1.0762556,0.85339063,0.9648231
2010-06-25 12:00:00,1.9613666666666667,0.3708666666666666,1.2901605345820957,1.4344109,0.981241,0.8077873,0.89451414
2010-06-25 13:00:00,0.9724666666666668,0.3719,0.9695731867373909,1.5795292,0.8801671,0.77322185,0.8266945
2010-06-25 14:00:00,0.2833666666666666,0.3240333333333333,0.949204554674258,0.46868548,0.8072622,0.75004655,0.77865434
2010-06-25 15:00:00,0.2704333333333333,0.3697,0.9440342808851807,0.31068924,0.62264913,0.744728,0.6836886
2010-06-25 16:00:00,0.3191333333333333,0.3358333333333333,0.9386622568668288,0.40185222,0.5981358,0.74895394,0.6735449
2010-06-25 17:00:00,0.3674,0.4254333333333333,0.9521777102891261,0.43700403,0.8382253,0.74391127,0.7910683
2010-06-25 18:00:00,0.2843666666666667,0.6879000000000001,1.0908305883379974,0.6163271,0.77144223,0.71955717,0.74549973
2010-06-25 19:00:00,0.3055666666666666,1.5256,1.334201515257039,0.7668158,1.4019566,0.7630879,1.0825223
2010-06-25 20:00:00,0.3292666666666666,1.2801,2.2571101800740863,0.6007046,1.1589245,0.9724606,1.0656925
2010-06-25 21:00:00,1.3311,1.4406666666666663,2.5174857588419814,0.7892586,1.4750094,1.1916755,1.3333426
2010-06-25 22:00:00,1.4952666666666667,1.8170666666666664,2.3684529518247617,1.049226,1.3814453,1.2504252,1.3159353
2010-06-25 23:00:00,0.3698666666666667,0.3888999999999999,1.9733520169632133,0.69741684,0.7398713,1.0439647,0.89191806
2010-06-26 00:00:00,0.3658333333333333,0.2985666666666667,1.9178870367130105,0.35206577,0.5489718,0.7429881,0.64597994
2010-06-26 01:00:00,0.2876666666666667,0.3066,1.8755466249103627,0.34359702,0.47810054,0.5788318,0.52846617
2010-06-26 02:00:00,0.2933333333333333,0.2838333333333333,1.7721753256702035,0.32491535,0.4134255,0.49134994,0.45238772
2010-06-26 03:00:00,0.3593333333333333,0.3394666666666666,1.7084014193707042,0.3634776,0.42821282,0.4197575,0.42398515
2010-06-26 04:00:00,0.3156,0.3376666666666666,1.7584594180690551,0.3890887,0.41889068,0.3899905,0.40444058
2010-06-26 05:00:00,0.8613666666666667,0.2842666666666666,1.719484652490049,0.38505378,0.37006623,0.4533605,0.41171336
2010-06-26 06:00:00,0.4714333333333333,1.0408666666666666,2.0338624108514223,0.6238108,0.6616,0.6525793,0.65708965
2010-06-26 07:00:00,0.5001333333333333,1.4192333333333331,2.361017939821371,0.90466493,1.1314901,0.8717257,1.0016079
2010-06-26 08:00:00,0.3281333333333333,1.1743333333333332,2.626438955118385,0.9600718,1.0326622,0.99882203,1.0157421
2010-06-26 09:00:00,0.8945333333333333,1.4962333333333333,2.560024277532227,0.6516111,1.2436558,1.0419497,1.1428027
2010-06-26 10:00:00,1.8389333333333333,1.4313666666666665,2.4099903411004244,1.008566,1.2119186,1.0547805,1.1333495
2010-06-26 11:00:00,0.8350666666666666,1.6219333333333334,1.828220066215163,1.5270135,1.2144853,1.0633049,1.138895
2010-06-26 12:00:00,1.445,1.9613666666666667,1.2880808014870024,1.0863369,1.1789788,1.0738877,1.1264333
2010-06-26 13:00:00,1.0642333333333334,0.9724666666666668,0.9674934536422979,1.1233891,1.4037745,1.0443594,1.224067
2010-06-26 14:00:00,0.4320333333333333,0.2833666666666666,0.947124821579165,0.6194727,1.0004362,1.003207,1.0018215
2010-06-26 15:00:00,0.4317333333333333,0.2704333333333333,0.9419545477900877,0.6295519,0.9903352,0.96828115,0.9793082
2010-06-26 16:00:00,0.8637666666666667,0.3191333333333333,0.9365825237717356,0.6850916,1.3079368,0.9409359,1.1244364
2010-06-26 17:00:00,1.4527666666666663,0.3674,0.9500979771940329,0.5680395,1.2478708,0.95651686,1.1021938
2010-06-26 18:00:00,1.4154666666666669,0.2843666666666667,1.0887508552429042,1.4960647,0.9588135,1.018912,0.98886275
2010-06-26 19:00:00,0.3550666666666667,0.3055666666666666,1.3321217821619462,1.4497964,1.2086498,1.1498611,1.1792555
2010-06-26 20:00:00,0.3544666666666666,0.3292666666666666,2.255030446978993,0.5962051,1.3315322,1.2777472,1.3046397
2010-06-26 21:00:00,0.3049666666666667,1.3311,2.5154060257468887,0.73650604,1.5526658,1.2837056,1.4181857
2010-06-26 22:00:00,0.3474333333333333,1.4952666666666667,2.3663732187296684,0.7225702,1.5633209,1.1878427,1.3755817
2010-06-26 23:00:00,0.5420333333333333,0.3698666666666667,1.9712722838681205,0.5164384,1.136633,1.0058546,1.0712438
2010-06-27 00:00:00,0.3531333333333333,0.3658333333333333,1.9158073036179175,0.49203447,0.77123183,0.797613,0.7844224
2010-06-27 01:00:00,0.5367,0.2876666666666667,1.8734668918152697,0.34816465,0.5384409,0.62611425,0.58227754
2010-06-27 02:00:00,0.8454666666666667,0.2933333333333333,1.7700955925751103,0.56046015,0.5007512,0.5138231,0.50728714
2010-06-27 03:00:00,0.3637666666666667,0.3593333333333333,1.706321686275611,0.27586776,0.47354755,0.41068882,0.44211817
2010-06-27 04:00:00,0.3059333333333333,0.3156,1.756379684973962,0.3616554,0.39747384,0.348343,0.3729084
2010-06-27 05:00:00,0.2873,0.8613666666666667,1.7174049193949559,0.38075626,0.48092404,0.34714955,0.4140368
2010-06-27 06:00:00,0.3289333333333333,0.4714333333333333,2.0317826777563295,0.38214165,0.4976163,0.42602354,0.46181992
2010-06-27 07:00:00,0.4841,0.5001333333333333,2.3589382067262776,0.46674085,0.7091879,0.5771354,0.64316165
2010-06-27 08:00:00,0.3318666666666666,0.3281333333333333,2.6243592220232923,0.89577055,0.92200845,0.74659157,0.83430004
2010-06-27 09:00:00,1.5325333333333333,0.8945333333333333,2.5579445444371336,0.656225,1.140824,0.8923703,1.0165972
2010-06-27 10:00:00,1.0246,1.8389333333333333,2.407910608005331,1.0277704,1.1088109,0.96815556,1.0384833
2010-06-27 11:00:00,0.5531333333333334,0.8350666666666666,1.82614033312007,0.89034045,1.2575595,1.0186116,1.1380856
2010-06-27 12:00:00,1.0512,1.445,1.2860010683919094,1.1550417,1.2784857,1.0643007,1.1713932
2010-06-27 13:00:00,1.640966666666667,1.0642333333333334,0.9654137205472046,0.80364174,1.163146,1.0960178,1.1295819
2010-06-27 14:00:00,1.5251333333333332,0.4320333333333333,0.9450450884840718,1.6020117,1.3283523,1.0564321,1.1923922
2010-06-27 15:00:00,0.9024,0.4317333333333333,0.9398748146949945,1.796393,1.0565,1.0411395,1.0488198
2010-06-27 16:00:00,0.8767666666666667,0.8637666666666667,0.9345027906766425,0.8990777,1.203196,1.0199449,1.1115705
2010-06-27 17:00:00,0.6095666666666666,1.4527666666666663,0.9480182440989399,0.79796773,1.0695167,1.0745366,1.0720266
2010-06-27 18:00:00,0.7713333333333333,1.4154666666666669,1.0866711221478114,0.59273875,1.3373127,1.1035663,1.2204394
2010-06-27 19:00:00,0.4264333333333334,0.3550666666666667,1.330042049066853,0.7555348,1.3714108,1.1817135,1.2765622
2010-06-27 20:00:00,0.3972333333333333,0.3544666666666666,2.2529507138839002,0.5667374,1.4006572,1.2426047,1.321631
2010-06-27 21:00:00,0.8347333333333332,0.3049666666666667,2.5133262926517954,0.82333106,1.3684413,1.2387834,1.3036124
2010-06-27 22:00:00,2.066933333333333,0.3474333333333333,2.3642934856345756,1.8997473,1.2620252,1.1929629,1.227494
2010-06-27 23:00:00,0.9492333333333334,0.5420333333333333,1.9691925507730272,0.91389996,0.84846634,1.0574844,0.9529754
2010-06-28 00:00:00,0.3528333333333334,0.3531333333333333,1.9137275705228243,0.32374224,0.5100535,0.88435453,0.697204
2010-06-28 01:00:00,0.3554,0.5367,1.8713871587201765,0.38459864,0.43199062,0.5193151,0.47565287
2010-06-28 02:00:00,0.5648333333333333,0.8454666666666667,1.7680158594800173,0.35393432,0.4483665,0.42566085,0.4370137
2010-06-28 03:00:00,0.4832666666666667,0.3637666666666667,1.704241953180518,0.46190608,0.41584787,0.36232686,0.38908738
2010-06-28 04:00:00,0.3338,0.3059333333333333,1.754299951878869,0.5797431,0.4074996,0.35610163,0.38180062
2010-06-28 05:00:00,0.3305,0.2873,1.7153251862998626,0.4747926,0.44074562,0.4354095,0.43807757
2010-06-28 06:00:00,1.0942333333333332,0.3289333333333333,2.0297029446612362,0.5923831,0.64411426,0.5944286,0.6192714
2010-06-28 07:00:00,1.4126333333333332,0.4841,2.356858473631185,1.2758057,1.1056184,0.77389866,0.93975854
2010-06-28 08:00:00,1.5397333333333334,0.3318666666666666,2.622279488928199,1.1938249,0.9490665,0.8221766,0.88562155
2010-06-28 09:00:00,1.0228333333333333,1.5325333333333333,2.5558648113420404,1.2534922,1.0733744,0.7355206,0.9044475
2010-06-28 10:00:00,0.3256666666666666,1.0246,2.405830874910238,0.42051116,0.91732174,0.6187775,0.7680496
2010-06-28 11:00:00,0.9336666666666668,0.5531333333333334,1.8240606000249768,0.43268597,0.75281495,0.48383665,0.6183258
2010-06-28 12:00:00,0.6584666666666668,1.0512,1.2839213352968164,0.45406476,0.8471678,0.3529085,0.6000382
2010-06-28 13:00:00,0.5480666666666667,1.640966666666667,0.9633339874521116,0.43619454,0.71847445,0.27770472,0.49808958
2010-06-28 14:00:00,1.0419666666666667,1.5251333333333332,0.9429653553889787,0.7298042,0.7702621,0.24203658,0.50614935
2010-06-28 15:00:00,1.6852000000000005,0.9024,0.9377950815999014,0.57498175,0.7095863,0.29728305,0.50343466
2010-06-28 16:00:00,1.0549333333333333,0.8767666666666667,0.9324230575815495,1.1703135,0.6082622,0.35158473,0.47992346
2010-06-28 17:00:00,1.661433333333333,0.6095666666666666,0.9459385110038468,0.87817895,0.7251209,0.48361367,0.60436726
2010-06-28 18:00:00,1.8102333333333336,0.7713333333333333,1.0845913890527181,1.397438,0.86802036,0.5710789,0.71954966
2010-06-28 19:00:00,1.3352,0.4264333333333334,1.3279623159717597,1.4534318,0.71610117,0.70355916,0.70983016
2010-06-28 20:00:00,0.9758333333333332,0.3972333333333333,2.250870980788807,0.70571125,0.80283314,0.80172086,0.80227697
2010-06-28 21:00:00,1.1446666666666667,0.8347333333333332,2.511246559556702,1.2545513,0.89579415,0.91261774,0.9042059
2010-06-28 22:00:00,1.7551,2.066933333333333,2.3622137525394824,1.5427425,1.281804,0.9310612,1.1064326
2010-06-28 23:00:00,2.1018333333333334,0.9492333333333334,1.967112817677934,0.69415057,0.7862064,0.7544085,0.7703074
2010-06-29 00:00:00,1.0073666666666667,0.3528333333333334,1.9116478374277313,1.1494122,0.52379704,0.54860646,0.5362017
2010-06-29 01:00:00,0.6357,0.3554,1.8693074256250835,0.8184333,0.44757408,0.4293552,0.43846464
2010-06-29 02:00:00,0.3406,0.5648333333333333,1.7659361263849243,0.5523983,0.45164904,0.37224615,0.4119476
2010-06-29 03:00:00,0.3275,0.4832666666666667,1.702162220085425,0.38790643,0.40984893,0.3106197,0.36023432
2010-06-29 04:00:00,0.3993666666666666,0.3338,1.7522202187837759,0.42878205,0.41016412,0.27247608,0.3413201
2010-06-29 05:00:00,0.4139,0.3305,1.7132454532047696,0.50446236,0.41080236,0.31421703,0.3625097
2010-06-29 06:00:00,0.4432,1.0942333333333332,2.027623211566143,1.069715,0.780446,0.5439449,0.66219544
2010-06-29 07:00:00,1.1240666666666668,1.4126333333333332,2.3547787405360916,1.3851628,1.4357216,0.95504975,1.1953857
2010-06-29 08:00:00,1.8220666666666667,1.5397333333333334,2.620199755833106,1.485195,1.1744643,1.0984563,1.1364603
2010-06-29 09:00:00,1.6043666666666667,1.0228333333333333,2.5537850782469476,1.4552087,1.1305084,0.9341347,1.0323216
2010-06-29 10:00:00,1.9202666666666663,0.3256666666666666,2.403751141815145,0.82754785,0.88780403,0.7724428,0.8301234
2010-06-29 11:00:00,0.8169000000000001,0.9336666666666668,1.8219808669298838,1.4374651,0.81448746,0.6600534,0.7372704
2010-06-29 12:00:00,0.5117666666666667,0.6584666666666668,1.2818416022017232,0.9369291,0.8430399,0.5561235,0.6995817
2010-06-29 13:00:00,0.9936,0.5480666666666667,0.9612542543570186,0.711969,1.0226418,0.43717533,0.7299086
2010-06-29 14:00:00,0.9509333333333332,1.0419666666666667,0.9408856222938857,0.73566866,0.84114844,0.39197934,0.6165639
2010-06-29 15:00:00,0.4005333333333333,1.6852000000000005,0.9357153485048084,0.8192652,0.72469556,0.4115302,0.56811285
2010-06-29 16:00:00,0.5865762711864406,1.0549333333333333,0.9303433244864563,0.4660961,0.7515069,0.4577152,0.60461104
2010-06-29 17:00:00,1.2671,1.661433333333333,0.9438587779087536,0.8068966,0.8030951,0.48612547,0.6446103
2010-06-29 18:00:00,0.7644666666666667,1.8102333333333336,1.0825116559576249,1.0290443,0.7559555,0.5228572,0.6394063
2010-06-29 19:00:00,0.9423666666666668,1.3352,1.325882582876667,1.1493592,0.9456178,0.6165588,0.7810883
2010-06-29 20:00:00,1.0328666666666666,0.9758333333333332,2.248791247693714,1.2361095,1.0618432,0.80612016,0.93398166
2010-06-29 21:00:00,1.7192333333333332,1.1446666666666667,2.509166826461609,1.9690219,1.1382823,0.98045564,1.059369
2010-06-29 22:00:00,2.3194999999999997,1.7551,2.360134019444389,1.8880346,1.4316045,0.9580807,1.1948426
2010-06-29 23:00:00,0.4538,2.1018333333333334,1.9650330845828412,0.9765621,0.85797536,0.72384274,0.79090905
2010-06-30 00:00:00,0.3440333333333333,1.0073666666666667,1.9095681043326382,0.52975106,0.5517163,0.49174345,0.5217299
2010-06-30 01:00:00,0.4602666666666666,0.6357,1.8672276925299904,0.42424694,0.47387925,0.4134218,0.44365054
2010-06-30 02:00:00,0.6691,0.3406,1.763856393289831,0.42955667,0.3979064,0.38318282,0.3905446
2010-06-30 03:00:00,0.3130666666666666,0.3275,1.7000824869903317,0.47460324,0.3792832,0.35163933,0.36546126
2010-06-30 04:00:00,0.2935333333333333,0.3993666666666666,1.7501404856886826,0.41453764,0.42707565,0.34721267,0.38714415
2010-06-30 05:00:00,0.9467333333333332,0.4139,1.7111657201096766,0.36793143,0.45576704,0.46266866,0.45921785
2010-06-30 06:00:00,0.5382666666666667,0.4432,2.02554347847105,0.65740544,0.768402,0.8132699,0.790836
2010-06-30 07:00:00,1.0615333333333334,1.1240666666666668,2.3526990074409984,1.3638515,1.4428207,1.075284,1.2590523
2010-06-30 08:00:00,1.1931666666666667,1.8220666666666667,2.6181200227380126,0.9961272,1.3691089,1.017868,1.1934885
2010-06-30 09:00:00,0.3685333333333334,1.6043666666666667,2.5517053451518543,0.7385119,1.0799832,0.84079534,0.96038926
2010-06-30 10:00:00,0.3090333333333334,1.9202666666666663,2.401671408720052,0.40527785,0.9207381,0.6904501,0.8055941
2010-06-30 11:00:00,0.6882,0.8169000000000001,1.8199011338347908,0.43474028,0.9638957,0.6261466,0.7950212
2010-06-30 12:00:00,1.1751333333333334,0.5117666666666667,1.2797618691066301,0.8166115,0.8350116,0.56817275,0.7015922
2010-06-30 13:00:00,1.3315,0.9936,0.9591745212619254,1.2391396,0.79710007,0.5231381,0.66011906
2010-06-30 14:00:00,1.4013,0.9509333333333332,0.9388058891987925,1.1258044,0.79932135,0.48128188,0.6403016
2010-06-30 15:00:00,1.0394333333333334,0.4005333333333333,0.9336356154097152,1.4885387,0.60617673,0.50374997,0.55496335
2010-06-30 16:00:00,0.6396333333333334,0.5865762711864406,0.9282635913913633,0.9637742,0.6225238,0.5426015,0.5825627
2010-06-30 17:00:00,1.4037333333333335,1.2671,0.9417790448136606,0.73725486,0.9114398,0.5579375,0.73468864
2010-06-30 18:00:00,1.3373333333333333,0.7644666666666667,1.080431922862532,1.6374345,1.0524505,0.6144053,0.8334279
2010-06-30 19:00:00,1.2917333333333334,0.9423666666666668,1.3238028497815737,1.4351197,0.89561284,0.7305819,0.81309736
2010-06-30 20:00:00,1.1515,1.0328666666666666,2.246711514598621,1.3205694,1.1387062,0.8735251,1.0061157
2010-06-30 21:00:00,1.4090666666666667,1.7192333333333332,2.507087093366516,1.4491225,1.210673,1.0148655,1.1127692
2010-06-30 22:00:00,1.6365,2.3194999999999997,2.3580542863492964,1.4922167,1.5705888,1.1036754,1.3371321
2010-06-30 23:00:00,2.0666,0.4538,1.962953351487748,1.3317244,0.6559353,0.9997002,0.82781774
2010-07-01 00:00:00,3.3290333333333333,0.3440333333333333,1.907488371237545,1.1549118,0.4307786,0.76396954,0.5973741
2010-07-01 01:00:00,0.8670000000000001,0.4602666666666666,1.8651479594348972,1.64061,0.30818304,0.561414,0.43479854
2010-07-01 02:00:00,0.3796,0.6691,1.761776660194738,0.8912586,0.3708341,0.456142,0.41348806
2010-07-01 03:00:00,0.3791333333333334,0.3130666666666666,1.6980027538952387,0.39634138,0.36180127,0.35829598,0.36004862
2010-07-01 04:00:00,0.4200666666666667,0.2935333333333333,1.7480607525935896,0.44561315,0.36997715,0.31013924,0.3400582
2010-07-01 05:00:00,0.4192,0.9467333333333332,1.7090859870145834,0.42594963,0.36342543,0.3427735,0.35309947
2010-07-01 06:00:00,0.4114666666666666,0.5382666666666667,2.023463745375957,0.8032264,0.60187083,0.54622376,0.5740473
2010-07-01 07:00:00,0.3750666666666667,1.0615333333333334,2.3506192743459056,1.2000613,1.2492671,0.8056183,1.0274427
2010-07-01 08:00:00,0.4297333333333333,1.1931666666666667,2.61604028964292,0.9232728,1.1857554,0.8306954,1.0082254
2010-07-01 09:00:00,0.4747333333333333,0.3685333333333334,2.549625612056761,0.58548015,0.82047975,0.7080614,0.76427054
2010-07-01 10:00:00,1.4757333333333331,0.3090333333333334,2.3995916756249587,0.6344145,0.7524812,0.6008467,0.676664
2010-07-01 11:00:00,1.5003333333333333,0.6882,1.8178214007396976,1.1397853,0.6316341,0.54558766,0.5886109
2010-07-01 12:00:00,1.5219333333333334,1.1751333333333334,1.2776821360115371,1.2608584,0.6757438,0.50140774,0.5885758
2010-07-01 13:00:00,1.1035,1.3315,0.9570947881668324,1.1103636,0.6671213,0.47683585,0.57197857
2010-07-01 14:00:00,1.0868666666666666,1.4013,0.9367261561036995,1.2257361,0.67685145,0.42883116,0.5528413
2010-07-01 15:00:00,1.1505666666666667,1.0394333333333334,0.9315558823146222,1.1803079,0.61140984,0.41655862,0.5139842
2010-07-01 16:00:00,1.2556,0.6396333333333334,0.9261838582962703,1.0624986,0.4953329,0.44055802,0.46794546
2010-07-01 17:00:00,0.9757666666666668,1.4037333333333335,0.9396993117185676,1.1968746,0.6069743,0.49352777,0.550251
2010-07-01 18:00:00,1.3625666666666667,1.3373333333333333,1.0783521897674389,1.3869028,0.6981339,0.5830646,0.64059925
2010-07-01 19:00:00,0.4723,1.2917333333333334,1.3217231166864805,1.127961,1.0994843,0.68597984,0.8927321
2010-07-01 20:00:00,0.4823666666666666,1.1515,2.2446317815035277,0.7716776,1.2962016,0.7946112,1.0454063
2010-07-01 21:00:00,0.7201333333333333,1.4090666666666667,2.505007360271423,0.77240205,1.4573857,0.8977696,1.1775776
2010-07-01 22:00:00,1.0432666666666668,1.6365,2.355974553254203,1.1167482,1.3714569,0.9216256,1.1465412
2010-07-01 23:00:00,0.8474,2.0666,1.9608736183926547,0.91963714,0.7789772,0.815574,0.7972756
2010-07-02 00:00:00,1.3977333333333335,3.3290333333333333,1.905408638142452,0.88353336,0.43528873,0.65520626,0.5452475
2010-07-02 01:00:00,0.5759000000000001,0.8670000000000001,1.8630682263398042,0.68727875,0.33112103,0.5033179,0.41721946
2010-07-02 02:00:00,0.5209333333333334,0.3796,1.7596969270996448,0.44972652,0.33577082,0.42546195,0.38061637
2010-07-02 03:00:00,1.6122,0.3791333333333334,1.6959230208001457,0.42492333,0.33092293,0.3617798,0.3463514
2010-07-02 04:00:00,1.1039,0.4200666666666667,1.7459810194984966,1.372311,0.3387089,0.3260818,0.33239537
2010-07-02 05:00:00,0.8480666666666666,0.4192,1.7070062539194903,1.11897,0.3536116,0.3385774,0.3460945
2010-07-02 06:00:00,0.4247333333333333,0.4114666666666666,2.0213840122808637,0.98310554,0.6898399,0.4063198,0.54807985
2010-07-02 07:00:00,0.4384333333333333,0.3750666666666667,2.3485395412508123,0.82931215,1.151334,0.52392286,0.8376285
2010-07-02 08:00:00,0.4290333333333333,0.4297333333333333,2.6139605565478266,0.82634896,0.9158931,0.63546956,0.7756813
2010-07-02 09:00:00,0.3865666666666666,0.4747333333333333,2.5475458789616683,0.62275565,0.7237524,0.67912686,0.7014396
2010-07-02 10:00:00,0.4653333333333334,1.4757333333333331,2.397511942529866,0.44057253,0.71053034,0.66990656,0.69021845
2010-07-02 11:00:00,1.0549,1.5003333333333333,1.8157416676446045,0.40966183,0.800937,0.6554637,0.7282003
2010-07-02 12:00:00,0.6608666666666667,1.5219333333333334,1.275602402916444,0.5246137,0.9856278,0.58869326,0.7871605
2010-07-02 13:00:00,0.4926666666666667,1.1035,0.9550150550717393,0.641247,0.80934435,0.51620746,0.6627759
2010-07-02 14:00:00,0.8083333333333333,1.0868666666666666,0.9346464230086065,0.61341274,0.7443397,0.4865936,0.61546665
2010-07-02 15:00:00,0.6436666666666666,1.1505666666666667,0.9294761492195291,1.0579029,0.70747274,0.49759609,0.6025344
2010-07-02 16:00:00,1.145233333333333,1.2556,0.924104125201177,0.74284744,0.60804176,0.5279792,0.56801045
2010-07-02 17:00:00,0.5032333333333333,0.9757666666666668,0.9376195786234743,1.1270913,0.6656157,0.57762265,0.62161916
2010-07-02 18:00:00,0.6059333333333333,1.3625666666666667,1.0762724566723456,0.8304225,0.85825783,0.67590487,0.7670814
2010-07-02 19:00:00,1.4792333333333334,0.4723,1.3196433835913877,1.1099623,0.90178365,0.788943,0.8453633
2010-07-02 20:00:00,1.5087333333333333,0.4823666666666666,2.2425520484084345,1.5218868,0.9421343,0.8375236,0.8898289
2010-07-02 21:00:00,1.1102666666666667,0.7201333333333333,2.50292762717633,1.2451762,1.3163086,0.8452126,1.0807606
2010-07-02 22:00:00,0.4077666666666666,1.0432666666666668,2.35389482015911,0.52363294,1.4280632,0.80837965,1.1182214
2010-07-02 23:00:00,0.3918,0.8474,1.958793885297562,0.5975214,0.73143905,0.70703804,0.7192385
2010-07-03 00:00:00,0.4521,1.3977333333333335,1.903328905047359,0.43290898,0.63238287,0.5837891,0.608086
2010-07-03 01:00:00,0.5862999999999999,0.5759000000000001,1.8609884932447112,0.44211105,0.42315954,0.51374066,0.4684501
2010-07-03 02:00:00,1.4909333333333334,0.5209333333333334,1.7576171940045517,0.638684,0.44511163,0.46417832,0.45464498
2010-07-03 03:00:00,0.7368,1.6122,1.6938432877050524,1.327519,0.40130413,0.43207967,0.4166919
2010-07-03 04:00:00,0.3784,1.1039,1.7439012864034034,0.68185705,0.34159872,0.41708,0.37933934
2010-07-03 05:00:00,0.4775666666666666,0.8480666666666666,1.704926520824397,0.39379102,0.34010655,0.42759055,0.38384855
2010-07-03 06:00:00,0.5012666666666666,0.4247333333333333,2.019304279185771,0.8106128,0.4479347,0.4760837,0.4620092
2010-07-03 07:00:00,1.1276333333333333,0.4384333333333333,2.346459808155719,0.8369735,0.79265857,0.5800472,0.68635285
2010-07-03 08:00:00,0.3893333333333333,0.4290333333333333,2.6118808234527338,0.7075555,0.69213367,0.672607,0.6823703
2010-07-03 09:00:00,0.4175333333333333,0.3865666666666666,2.545466145866575,0.76773554,0.8120995,0.72489536,0.76849747
2010-07-03 10:00:00,0.4408666666666667,0.4653333333333334,2.3954322094347726,0.71586937,1.1843907,0.7457998,0.9650952
2010-07-03 11:00:00,0.6991666666666667,1.0549,1.8136619345495115,0.7666113,1.1950507,0.7705836,0.9828172
2010-07-03 12:00:00,0.7494666666666667,0.6608666666666667,1.2735226698213509,0.9764191,1.0797879,0.7723485,0.9260682
2010-07-03 13:00:00,0.5087333333333334,0.4926666666666667,0.9529353219766461,0.97964334,0.9462306,0.8046198,0.8754252
2010-07-03 14:00:00,0.4639333333333333,0.8083333333333333,0.9325666899135132,0.75440407,0.8677359,0.8170153,0.84237564
2010-07-03 15:00:00,0.4069666666666666,0.6436666666666666,0.9273964161244359,0.6675586,0.8537936,0.8709816,0.8623876
2010-07-03 16:00:00,0.3785333333333333,1.145233333333333,0.922024392106084,0.66974324,1.0092802,0.92999554,0.9696379
2010-07-03 17:00:00,0.4646,0.5032333333333333,0.9355398455283813,0.549117,0.8893843,0.98766816,0.9385263
2010-07-03 18:00:00,1.0288333333333337,0.6059333333333333,1.0741927235772528,0.78228736,0.98740333,1.0160924,1.0017478
2010-07-03 19:00:00,1.013,1.4792333333333334,1.3175636504962944,1.0119417,1.28068,1.0937248,1.1872025
2010-07-03 20:00:00,1.2177,1.5087333333333333,2.2404723153133417,0.8941412,1.2161473,1.1330116,1.1745794
2010-07-03 21:00:00,1.1374,1.1102666666666667,2.500847894081237,0.9492157,1.2276902,1.1235147,1.1756024
2010-07-03 22:00:00,1.7139,0.4077666666666666,2.351815087064017,0.9913466,1.1288291,1.0363008,1.082565
2010-07-03 23:00:00,1.8869333333333331,0.3918,1.9567141522024687,0.9677532,0.98394424,0.88902223,0.93648326
2010-07-04 00:00:00,1.8255,0.4521,1.9012491719522657,1.0072167,0.6550691,0.7364246,0.6957469
2010-07-04 01:00:00,1.6224999999999998,0.5862999999999999,1.858908760149618,1.5160694,0.45729873,0.58847743,0.52288806
2010-07-04 02:00:00,1.8090333333333333,1.4909333333333334,1.7555374609094587,1.7341102,0.40529668,0.48472112,0.4450089
2010-07-04 03:00:00,1.7240666666666666,0.7368,1.6917635546099594,1.5641506,0.45881113,0.38620389,0.42250752
2010-07-04 04:00:00,1.6306666666666667,0.3784,1.7418215533083103,1.501614,0.42511794,0.32095957,0.37303877
2010-07-04 05:00:00,1.5546333333333335,0.4775666666666666,1.702846787729304,1.605759,0.43711597,0.28396994,0.36054295
2010-07-04 06:00:00,1.5591333333333333,0.5012666666666666,2.0172245460906777,1.5486045,0.34059766,0.28297347,0.31178558
2010-07-04 07:00:00,2.219133333333333,1.1276333333333333,2.3443800750606263,1.5264943,0.6705892,0.33642447,0.50350684
2010-07-04 08:00:00,1.3802,0.3893333333333333,2.6098010903576405,1.6343595,0.59636647,0.4624843,0.5294254
2010-07-04 09:00:00,1.2342,0.4175333333333333,2.543386412771482,1.1916914,0.68940187,0.6404253,0.6649136
2010-07-04 10:00:00,1.5537,0.4408666666666667,2.3933524763396794,1.12456,0.71872854,0.8384038,0.7785662
2010-07-04 11:00:00,1.227766666666667,0.6991666666666667,1.8115822014544183,1.2492101,0.95086277,0.96387166,0.9573672
2010-07-04 12:00:00,0.2969333333333333,0.7494666666666667,1.2714429367262576,0.8292871,0.90788436,1.0113815,0.95963293
2010-07-04 13:00:00,0.3886,0.5087333333333334,0.9508555888815531,0.54809284,0.864515,1.0576224,0.96106875
2010-07-04 14:00:00,0.3716,0.4639333333333333,0.9304869568184202,0.72668076,0.8964351,1.0657899,0.9811125
2010-07-04 15:00:00,0.3176,0.4069666666666666,0.9253166830293429,0.5626627,0.8949828,1.0505196,0.9727512
2010-07-04 16:00:00,0.3118333333333333,0.3785333333333333,0.919944659010991,0.5039275,0.955168,1.0228399,0.98900396
2010-07-04 17:00:00,0.3729666666666666,0.4646,0.9334601124332883,0.4996052,0.97306734,1.0022506,0.987659
2010-07-04 18:00:00,0.3918999999999999,1.0288333333333337,1.0721129904821596,0.6746399,1.0770806,0.99299055,1.0350356
2010-07-04 19:00:00,0.3047666666666667,1.013,1.3154839174012012,0.81252974,1.4612176,1.0398253,1.2505214
2010-07-04 20:00:00,0.4307666666666667,1.2177,2.2383925822182484,0.59065807,1.517928,1.1895357,1.3537319
2010-07-04 21:00:00,1.3955,1.1374,2.4987681609861436,0.90819925,1.403372,1.3334857,1.368429
2010-07-04 22:00:00,0.8329333333333333,1.7139,2.349735353968924,1.55229,1.1994197,1.3388969,1.2691584
2010-07-04 23:00:00,0.8788666666666667,1.8869333333333331,1.9546344191073755,0.60073143,0.6780671,1.1620634,0.9200652
2010-07-05 00:00:00,0.4110333333333333,1.8255,1.8991694388571727,0.7359617,0.47752953,0.90457714,0.69105333
2010-07-05 01:00:00,0.3940666666666666,1.6224999999999998,1.856829027054525,0.40854,0.3977122,0.4734679,0.43559003
2010-07-05 02:00:00,0.3426666666666666,1.8090333333333333,1.7534577278143655,0.36025134,0.5132899,0.3782454,0.44576767
2010-07-05 03:00:00,0.3401666666666667,1.7240666666666666,1.6896838215148664,0.32800072,0.42763323,0.3412491,0.38444117
2010-07-05 04:00:00,0.3796333333333333,1.6306666666666667,1.7397418202132173,0.48150322,0.42861894,0.37789565,0.4032573
2010-07-05 05:00:00,0.3541333333333333,1.5546333333333335,1.700767054634211,0.4647544,0.39865342,0.54933345,0.47399342
2010-07-05 06:00:00,0.3179,1.5591333333333333,2.0151448129955845,1.0008923,0.87883055,0.9103471,0.8945888
2010-07-05 07:00:00,0.7785,2.219133333333333,2.342300341965533,0.9878487,1.468127,1.152503,1.310315
2010-07-05 08:00:00,1.0759666666666663,1.3802,2.6077213572625473,0.9834432,1.1811197,1.045586,1.1133528
2010-07-05 09:00:00,0.3477333333333333,1.2342,2.541306679676389,0.66015786,1.0436264,0.85216033,0.9478934
2010-07-05 10:00:00,0.299,1.5537,2.3912727432445866,0.35029665,0.9066876,0.7461664,0.826427
2010-07-05 11:00:00,0.3343666666666667,1.227766666666667,1.8095024683593253,0.4319796,0.81172895,0.64146775,0.7265984
2010-07-05 12:00:00,0.6037333333333332,0.2969333333333333,1.2693632036311646,0.3955591,0.6520628,0.534847,0.5934549
2010-07-05 13:00:00,0.5895333333333334,0.3886,0.9487758557864601,0.72514033,0.72908175,0.4310578,0.5800698
2010-07-05 14:00:00,1.2709666666666666,0.3716,0.9284072237233272,0.7789263,0.7873529,0.36337155,0.5753622
2010-07-05 15:00:00,1.4741666666666666,0.3176,0.9232369499342499,0.57435924,0.9187883,0.34066623,0.62972724
2010-07-05 16:00:00,1.2203000000000002,0.3118333333333333,0.9178649259158977,1.1107373,0.75749314,0.39023888,0.573866
2010-07-05 17:00:00,0.3056666666666666,0.3729666666666666,0.9313803793381951,0.5712728,0.8229693,0.47253364,0.64775145
2010-07-05 18:00:00,0.3173666666666667,0.3918999999999999,1.0700332573870663,0.46148673,0.89334935,0.61765337,0.7555014
2010-07-05 19:00:00,0.9813666666666666,0.3047666666666667,1.313404184306108,0.63188946,1.1610374,0.88975745,1.0253974
2010-07-05 20:00:00,1.3027000000000002,0.4307666666666667,2.2363128491231556,1.2017193,1.0476699,1.14788,1.097775
2010-07-05 21:00:00,1.8712333333333333,1.3955,2.4966884278910504,1.591263,1.4109533,1.2114127,1.311183
2010-07-05 22:00:00,1.7087,0.8329333333333333,2.3476556208738306,1.4372092,1.404662,0.948771,1.1767166
2010-07-05 23:00:00,1.5456,0.8788666666666667,1.9525546860122827,1.1686819,0.8615537,0.61330855,0.73743117
2010-07-06 00:00:00,0.6281666666666667,0.4110333333333333,1.8970897057620797,1.2370561,0.70128316,0.41404945,0.5576663
2010-07-06 01:00:00,0.3193,0.3940666666666666,1.8547492939594319,0.48710003,0.47764954,0.3833015,0.43047553
2010-07-06 02:00:00,0.3669666666666666,0.3426666666666666,1.7513779947192725,0.40625724,0.43671426,0.38023996,0.40847713
2010-07-06 03:00:00,0.3574,0.3401666666666667,1.6876040884197732,0.34952548,0.43222788,0.32619047,0.37920916
2010-07-06 04:00:00,0.2714,0.3796333333333333,1.737662087118124,0.3565446,0.4580767,0.28953123,0.37380397
2010-07-06 05:00:00,0.3137,0.3541333333333333,1.6986873215391178,0.39635798,0.4488294,0.36085564,0.40484253
2010-07-06 06:00:00,0.3586333333333333,0.3179,2.0130650799004917,0.5862696,0.64802366,0.8328439,0.7404338
2010-07-06 07:00:00,1.2641,0.7785,2.34022060887044,1.0142827,1.2802402,1.4098953,1.3450677
2010-07-06 08:00:00,1.3883333333333332,1.0759666666666663,2.605641624167454,1.1369059,1.2102246,1.396495,1.3033597
2010-07-06 09:00:00,1.3818666666666668,0.3477333333333333,2.5392269465812958,1.1505648,0.9401076,1.1717592,1.0559335
2010-07-06 10:00:00,1.3678333333333332,0.299,2.3891930101494934,1.1612084,1.0195012,1.076844,1.0481726
2010-07-06 11:00:00,0.2816,0.3343666666666667,1.8074227352642322,1.0391145,0.9041941,1.042362,0.97327805
2010-07-06 12:00:00,0.3290333333333333,0.6037333333333332,1.2672834705360716,0.34964553,0.76858205,0.97728974,0.8729359
2010-07-06 13:00:00,0.6975,0.5895333333333334,0.9466961226913668,0.40446237,0.7132721,0.86184657,0.78755933
2010-07-06 14:00:00,0.7371666666666666,1.2709666666666666,0.9263274906282339,0.7668181,0.7464467,0.7452414,0.74584407
2010-07-06 15:00:00,0.5567,1.4741666666666666,0.9211572168391566,0.65099347,0.69634295,0.6449814,0.67066216
2010-07-06 16:00:00,0.7087666666666667,1.2203000000000002,0.9157851928208047,0.66949195,0.7293206,0.5896612,0.6594909
2010-07-06 17:00:00,0.5396,0.3056666666666666,0.929300646243102,0.84315115,0.5911957,0.59199274,0.5915942
2010-07-06 18:00:00,0.5713666666666667,0.3173666666666667,1.0679535242919735,0.74050045,0.60207903,0.6159235,0.6090013
2010-07-06 19:00:00,1.2738,0.9813666666666666,1.3113244512110152,1.0063314,0.9434723,0.73643494,0.83995366
2010-07-06 20:00:00,1.5307666666666668,1.3027000000000002,2.2342331160280624,0.7109515,1.0188982,0.95824397,0.9885711
2010-07-06 21:00:00,0.7395333333333334,1.8712333333333333,2.4946086947959576,1.2942854,1.3691822,1.1683137,1.268748
2010-07-06 22:00:00,0.312,1.7087,2.345575887778738,0.8774862,1.271394,1.1873218,1.229358
2010-07-06 23:00:00,0.4700333333333333,1.5456,1.9504749529171894,0.5257172,0.8059583,0.86797285,0.83696556
2010-07-07 00:00:00,0.383,0.6281666666666667,1.8950099726669865,0.43211216,0.49534225,0.54435676,0.51984954
2010-07-07 01:00:00,0.6799,0.3193,1.8526695608643386,0.36652237,0.35749468,0.43147206,0.3944834
2010-07-07 02:00:00,0.3139666666666666,0.3669666666666666,1.7492982616241795,0.56333584,0.3761657,0.37451726,0.37534148
2010-07-07 03:00:00,0.3838333333333333,0.3574,1.6855243553246801,0.32276037,0.39648634,0.32799846,0.3622424
2010-07-07 04:00:00,0.2915,0.2714,1.735582354023031,0.39240003,0.3657521,0.31833816,0.34204513
2010-07-07 05:00:00,0.2872333333333333,0.3137,1.6966075884440248,0.4121027,0.32244727,0.40776294,0.3651051
2010-07-07 06:00:00,0.9415,0.3586333333333333,2.0109853468053984,0.5769392,0.70233357,0.81031024,0.7563219
2010-07-07 07:00:00,0.3096666666666667,1.2641,2.338140875775347,1.2392389,1.1824241,1.1593248,1.1708744
2010-07-07 08:00:00,1.0060666666666669,1.3883333333333332,2.6035618910723612,0.7598476,1.2286053,1.0361711,1.1323881
2010-07-07 09:00:00,0.3377,1.3818666666666668,2.5371472134862025,0.7002424,0.77365994,0.8222123,0.7979361
2010-07-07 10:00:00,0.3157666666666667,1.3678333333333332,2.3871132770544,0.38048518,0.717318,0.7128662,0.71509206
2010-07-07 11:00:00,0.3383666666666666,0.2816,1.805343002169139,0.37895045,0.5999685,0.6662815,0.633125
2010-07-07 12:00:00,0.5030666666666667,0.3290333333333333,1.2652037374409784,0.46182755,0.7177994,0.6481404,0.6829699
2010-07-07 13:00:00,0.5468333333333334,0.6975,0.9446163895962738,0.67941713,0.8167679,0.6497462,0.73325706
2010-07-07 14:00:00,1.4143666666666663,0.7371666666666666,0.9242477575331409,0.71253455,0.8467571,0.66578054,0.75626886
2010-07-07 15:00:00,0.8498333333333333,0.5567,0.9190774837440636,1.0131384,0.8231044,0.67695487,0.7500296
2010-07-07 16:00:00,0.3259333333333333,0.7087666666666667,0.9137054597257115,0.47291964,0.6571905,0.68291295,0.6700517
2010-07-07 17:00:00,0.3728333333333333,0.5396,0.927220913148009,0.38636008,0.6722661,0.6819507,0.6771084
2010-07-07 18:00:00,0.3427666666666666,0.5713666666666667,1.0658737911968803,0.6159617,0.6997136,0.68387395,0.6917938
2010-07-07 19:00:00,0.6080000000000001,1.2738,1.309244718115922,0.6836797,1.097447,0.76343346,0.93044025
2010-07-07 20:00:00,1.4613666666666667,1.5307666666666668,2.232153382932969,0.79615664,1.2112564,0.963845,1.0875506
2010-07-07 21:00:00,0.6147333333333334,0.7395333333333334,2.4925289617008644,1.0465726,1.16296,1.1497997,1.1563799
2010-07-07 22:00:00,0.9587,0.312,2.3434961546836446,1.5194669,1.0244776,1.1420758,1.0832767
2010-07-07 23:00:00,0.3262,0.4700333333333333,1.9483952198220962,0.9352333,0.64285225,0.91389585,0.7783741
2010-07-08 00:00:00,0.4078666666666667,0.383,1.8929302395718934,0.24342223,0.51501554,0.64774275,0.5813792
2010-07-08 01:00:00,0.5067333333333334,0.6799,1.8505898277692456,0.45154107,0.45652145,0.490408,0.47346473
2010-07-08 02:00:00,0.3347333333333333,0.3139666666666666,1.7472185285290862,0.52498645,0.37828386,0.4188205,0.39855218
2010-07-08 03:00:00,0.3299333333333333,0.3838333333333333,1.6834446222295871,0.4126186,0.39574623,0.37004262,0.38289443
2010-07-08 04:00:00,0.3731,0.2915,1.733502620927938,0.3509157,0.38570076,0.39816284,0.3919318
2010-07-08 05:00:00,0.3252666666666667,0.2872333333333333,1.6945278553489318,0.3823953,0.40081805,0.58948606,0.49515206
2010-07-08 06:00:00,0.5512,0.9415,2.008905613710305,0.6639174,0.6800917,0.95520556,0.81764865
2010-07-08 07:00:00,1.5392333333333332,0.3096666666666667,2.3360611426802538,0.8416159,0.7759496,1.0766934,0.9263215
2010-07-08 08:00:00,1.1991666666666667,1.0060666666666669,2.601482157977268,1.1945288,0.96031207,0.9325018,0.94640696
2010-07-08 09:00:00,0.296,0.3377,2.5350674803911097,0.6367276,0.7065792,0.7508913,0.72873527
2010-07-08 10:00:00,0.4992333333333333,0.3157666666666667,2.3850335439593073,0.373052,0.82360137,0.6603512,0.74197626
2010-07-08 11:00:00,0.3646666666666666,0.3383666666666666,1.803263269074046,0.6533482,0.60752106,0.6385243,0.6230227
2010-07-08 12:00:00,0.3126,0.5030666666666667,1.2631240043458853,0.4456108,0.61291546,0.63259363,0.6227546
2010-07-08 13:00:00,1.0795,0.5468333333333334,0.9425366565011808,0.42638573,0.5911385,0.6413754,0.61625695
2010-07-08 14:00:00,1.8475333333333337,1.4143666666666663,0.9221680244380479,0.46538427,0.68743116,0.6457877,0.6666094
2010-07-08 15:00:00,0.8857,0.8498333333333333,0.9169977506489706,1.6129036,0.65921324,0.64745724,0.6533352
2010-07-08 16:00:00,1.6610666666666667,0.3259333333333333,0.9116257266306185,0.6815378,0.55939984,0.6367321,0.598066
2010-07-08 17:00:00,0.3451,0.3728333333333333,0.9251411800529158,1.248964,0.61218596,0.62129617,0.61674106
2010-07-08 18:00:00,0.5311666666666667,0.3427666666666666,1.063794058101787,0.54549843,0.6761319,0.6309879,0.6535599
2010-07-08 19:00:00,0.6069,0.6080000000000001,1.3071649850208287,0.8488306,0.8886112,0.7127825,0.80069685
2010-07-08 20:00:00,1.9543,1.4613666666666667,2.230073649837876,0.9846751,1.2061172,0.8818765,1.0439968
2010-07-08 21:00:00,1.2891666666666666,0.6147333333333334,2.4904492286057716,1.465956,0.86896604,1.0148168,0.94189143
2010-07-08 22:00:00,1.6950666666666665,0.9587,2.3414164215885513,1.9013916,1.0354984,1.0065377,1.021018
2010-07-08 23:00:00,1.2756333333333332,0.3262,1.946315486727003,0.97903097,0.61959577,0.8695192,0.7445575
2010-07-09 00:00:00,1.3633666666666668,0.4078666666666667,1.8908505064768004,0.9899573,0.37714884,0.6778147,0.5274818
2010-07-09 01:00:00,0.4203333333333334,0.5067333333333334,1.8485100946741526,1.1441758,0.38555813,0.49593538,0.44074675
2010-07-09 02:00:00,0.5332333333333333,0.3347333333333333,1.7451387954339932,0.46133444,0.36004522,0.41607177,0.38805848
2010-07-09 03:00:00,0.4261333333333333,0.3299333333333333,1.681364889134494,0.53485405,0.39935046,0.35694748,0.37814897
2010-07-09 04:00:00,0.4677333333333333,0.3731,1.7314228878328448,0.4851825,0.30955514,0.36354947,0.33655232
2010-07-09 05:00:00,0.6376000000000001,0.3252666666666667,1.6924481222538386,0.4105998,0.2664722,0.4510861,0.35877913
2010-07-09 06:00:00,0.9163333333333334,0.5512,2.0068258806152124,0.7066847,0.6007623,0.6173141,0.60903823
2010-07-09 07:00:00,1.0592666666666668,1.5392333333333332,2.3339814095851605,1.2364656,1.0275426,0.74309534,0.885319
2010-07-09 08:00:00,0.6099333333333334,1.1991666666666667,2.599402424882175,1.1421123,0.91013235,0.7636502,0.8368913
2010-07-09 09:00:00,0.647,0.296,2.5329877472960165,0.6263568,0.55009294,0.7327337,0.64141333
2010-07-09 10:00:00,0.8553999999999999,0.4992333333333333,2.382953810864214,0.8870868,0.6798415,0.68711495,0.68347824
2010-07-09 11:00:00,0.4711999999999999,0.3646666666666666,1.801183535978953,0.9270323,0.67540544,0.6203367,0.6478711
2010-07-09 12:00:00,0.5798,0.3126,1.2610442712507923,0.6768716,0.6595252,0.51250696,0.58601606
2010-07-09 13:00:00,1.2016666666666669,1.0795,0.9404569234060876,0.7678505,0.64799213,0.5131093,0.58055073
2010-07-09 14:00:00,0.6756333333333333,1.8475333333333337,0.9200882913429547,0.82787055,0.7066138,0.4683901,0.58750194
2010-07-09 15:00:00,0.6049666666666667,0.8857,0.9149180175538774,0.793332,0.6913758,0.46182722,0.5766015
2010-07-09 16:00:00,0.6314666666666666,1.6610666666666667,0.9095459935355255,0.8849403,0.6123423,0.47253555,0.5424389
2010-07-09 17:00:00,0.5037333333333334,0.3451,0.9230614469578228,0.75551504,0.47664806,0.5019025,0.48927528
2010-07-09 18:00:00,0.5893666666666667,0.5311666666666667,1.0617143250066943,0.8248865,0.5716923,0.5844417,0.578067
2010-07-09 19:00:00,0.5372333333333333,0.6069,1.3050852519257359,1.1696985,0.8127849,0.70148456,0.75713474
2010-07-09 20:00:00,0.9611333333333332,1.9543,2.227993916742783,1.0043738,1.3098418,0.8550579,1.0824498
2010-07-09 21:00:00,0.5999666666666666,1.2891666666666666,2.4883694955106783,0.708703,1.0680133,0.9495735,1.0087934
2010-07-09 22:00:00,1.4650333333333334,1.6950666666666665,2.3393366884934585,1.1746249,1.1200114,0.90316963,1.0115905
2010-07-09 23:00:00,1.300433333333333,1.2756333333333332,1.9442357536319101,1.196596,0.71598125,0.8099166,0.76294893
2010-07-10 00:00:00,0.6412666666666667,1.3633666666666668,1.8887707733817072,1.181561,0.41840917,0.6779816,0.54819536
2010-07-10 01:00:00,0.4046666666666667,0.4203333333333334,1.8464303615790594,0.50533,0.29011488,0.5697412,0.42992803
2010-07-10 02:00:00,0.4185999999999999,0.5332333333333333,1.7430590623389,0.48417798,0.38171208,0.48259407,0.43215308
2010-07-10 03:00:00,1.1348333333333334,0.4261333333333333,1.6792851560394009,0.44038126,0.28658405,0.3840264,0.3353052
2010-07-10 04:00:00,0.3836333333333333,0.4677333333333333,1.7293431547377518,0.2675209,0.2593906,0.3212042,0.2902974
2010-07-10 05:00:00,0.3547,0.6376000000000001,1.6903683891587455,0.4737953,0.27815467,0.3289948,0.30357474
2010-07-10 06:00:00,0.3516333333333333,0.9163333333333334,2.004746147520119,0.60627663,0.47970718,0.4336869,0.45669705
2010-07-10 07:00:00,0.3391,1.0592666666666668,2.3319016764900677,0.8225712,0.9976681,0.59208083,0.7948744
2010-07-10 08:00:00,0.5166333333333334,0.6099333333333334,2.597322691787082,0.60159606,0.6140807,0.7327628,0.67342174
2010-07-10 09:00:00,1.9883333333333333,0.647,2.5309080142009233,0.768334,0.6408399,0.8353149,0.7380774
2010-07-10 10:00:00,1.0447,0.8553999999999999,2.380874077769121,1.5624607,0.7224818,0.9009303,0.81170607
2010-07-10 11:00:00,0.4861333333333333,0.4711999999999999,1.7991038028838597,1.257465,0.79652333,0.9403933,0.86845833
2010-07-10 12:00:00,0.4169333333333334,0.5798,1.258964538155699,0.78687626,0.8263524,0.92890453,0.87762845
2010-07-10 13:00:00,1.5450666666666666,1.2016666666666669,0.9383771903109945,0.66868794,0.9074342,0.93255246,0.91999334
2010-07-10 14:00:00,2.083,0.6756333333333333,0.9180085582478617,1.2145834,0.85291153,0.9659386,0.9094251
2010-07-10 15:00:00,1.435633333333333,0.6049666666666667,0.9128382844587843,1.5301449,0.7701367,0.98036826,0.8752525
2010-07-10 16:00:00,0.8566333333333334,0.6314666666666666,0.9074662604404322,0.74982935,0.77192813,1.0204085,0.89616835
2010-07-10 17:00:00,0.8923,0.5037333333333334,0.9209817138627298,0.64274997,0.762343,0.9865873,0.8744651
2010-07-10 18:00:00,0.4369333333333333,0.5893666666666667,1.059634591911601,0.56657493,0.84991664,1.0365185,0.9432175
2010-07-10 19:00:00,0.8882333333333334,0.5372333333333333,1.3030055188306426,0.8700577,0.97679245,1.0998936,1.038343
2010-07-10 20:00:00,1.1920333333333335,0.9611333333333332,2.22591418364769,0.97388005,1.581423,1.1615804,1.3715017
2010-07-10 21:00:00,0.4308333333333333,0.5999666666666666,2.486289762415585,0.8214842,1.2436625,1.1653268,1.2044947
2010-07-10 22:00:00,0.6331666666666667,1.4650333333333334,2.3372569553983653,0.7032936,1.4345378,1.1576127,1.2960752
2010-07-10 23:00:00,0.3667333333333333,1.300433333333333,1.942156020536817,0.7762031,0.9742271,1.0200266,0.9971268
2010-07-11 00:00:00,0.3479666666666666,0.6412666666666667,1.8866910402866142,0.37663728,0.8375018,0.8362672,0.8368845
2010-07-11 01:00:00,0.4298666666666667,0.4046666666666667,1.8443506284839664,0.42704177,0.64401996,0.6889217,0.6664708
2010-07-11 02:00:00,0.4083,0.4185999999999999,1.740979329243807,0.3970562,0.5138596,0.573085,0.5434723
2010-07-11 03:00:00,0.3611666666666667,1.1348333333333334,1.6772054229443079,0.44274485,0.6309372,0.46407914,0.5475082
2010-07-11 04:00:00,0.3423333333333333,0.3836333333333333,1.7272634216426588,0.357873,0.47621664,0.41251475,0.44436568
2010-07-11 05:00:00,0.5,0.3547,1.6882886560636525,0.42823797,0.51828647,0.43389952,0.476093
2010-07-11 06:00:00,0.7577666666666667,0.3516333333333333,2.002666414425026,0.73243684,0.5620006,0.5272368,0.5446187
2010-07-11 07:00:00,0.3369333333333333,0.3391,2.3298219433949745,0.87554616,0.8356658,0.65027714,0.7429715
2010-07-11 08:00:00,0.5106666666666667,0.5166333333333334,2.5952429586919887,0.6712621,0.6743727,0.75532377,0.7148482
2010-07-11 09:00:00,0.4597333333333333,1.9883333333333333,2.52882828110583,0.89695024,0.64848423,0.8476823,0.74808323
2010-07-11 10:00:00,1.5354333333333334,1.0447,2.378794344674028,0.93344694,0.8494823,0.9120698,0.88077605
2010-07-11 11:00:00,1.4741333333333333,0.4861333333333333,1.7970240697887667,1.292753,0.8536305,0.9470631,0.90034676
2010-07-11 12:00:00,0.6861666666666667,0.4169333333333334,1.256884805060606,1.2383844,0.7496002,0.9400565,0.84482837
2010-07-11 13:00:00,0.7594666666666666,1.5450666666666666,0.9362974572159015,0.8524616,1.053986,0.9265841,0.99028504
2010-07-11 14:00:00,0.4771,2.083,0.9159288251527686,1.149244,0.9016553,0.89409906,0.8978772
2010-07-11 15:00:00,0.5211333333333333,1.435633333333333,0.9107585513636913,0.7086346,0.9229893,0.8798481,0.9014187
2010-07-11 16:00:00,0.6413,0.8566333333333334,0.9053865273453392,0.85018367,0.8321406,0.8751379,0.85363925
2010-07-11 17:00:00,0.6000666666666666,0.8923,0.9189019807676365,1.0746895,0.83306533,0.91030633,0.87168586
2010-07-11 18:00:00,0.7756000000000001,0.4369333333333333,1.0575548588165078,1.1254952,0.8034739,0.9682823,0.8858781
2010-07-11 19:00:00,1.9487333333333337,0.8882333333333334,1.3009257857355494,1.2980679,1.0503893,1.0206686,1.0355289
2010-07-11 20:00:00,0.6913666666666667,1.1920333333333335,2.223834450552597,1.544756,1.1060646,1.0641822,1.0851233
2010-07-11 21:00:00,0.9413666666666668,0.4308333333333333,2.484210029320492,1.178847,1.0429021,1.1112505,1.0770763
2010-07-11 22:00:00,1.7915,0.6331666666666667,2.335177222303272,1.4676611,1.0617418,1.0841794,1.0729606
2010-07-11 23:00:00,2.5947666666666667,0.3667333333333333,1.9400762874417237,1.4092947,0.7377994,0.9618841,0.8498417
2010-07-12 00:00:00,1.1005333333333334,0.3479666666666666,1.8846113071915211,1.3182427,0.41687217,0.81461173,0.61574197
2010-07-12 01:00:00,0.3849,0.4298666666666667,1.8422708953888733,0.8818363,0.40313715,0.4903878,0.44676247
2010-07-12 02:00:00,0.4687333333333333,0.4083,1.738899596148714,0.46639436,0.42579255,0.4169696,0.42138106
2010-07-12 03:00:00,0.3410666666666666,0.3611666666666667,1.6751256898492146,0.47962433,0.5099242,0.38280338,0.44636378
2010-07-12 04:00:00,0.3625333333333333,0.3423333333333333,1.7251836885475655,0.41411108,0.39231738,0.3767615,0.38453943
2010-07-12 05:00:00,0.3721333333333333,0.5,1.6862089229685593,0.40563613,0.39996994,0.41094506,0.4054575
2010-07-12 06:00:00,0.5445,0.7577666666666667,2.000586681329933,0.7640297,0.6747532,0.50217944,0.5884663
2010-07-12 07:00:00,0.8365333333333334,0.3369333333333333,2.3277422102998813,1.0675532,0.87746686,0.62707925,0.7522731
2010-07-12 08:00:00,0.9442333333333334,0.5106666666666667,2.5931632255968955,0.9416912,0.9280993,0.6824438,0.8052715
2010-07-12 09:00:00,0.6023999999999999,0.4597333333333333,2.5267485480107372,0.73833394,0.73132807,0.68372,0.70752406
2010-07-12 10:00:00,0.7591666666666667,1.5354333333333334,2.376714611578935,0.8663521,0.8819179,0.6316829,0.7568004
2010-07-12 11:00:00,0.6285333333333334,1.4741333333333333,1.7949443366936737,0.8649803,0.73903906,0.52918977,0.6341144
2010-07-12 12:00:00,0.7223,0.6861666666666667,1.254805071965513,0.93506026,0.787851,0.41588807,0.6018695
2010-07-12 13:00:00,0.6212666666666667,0.7594666666666666,0.9342177241208083,1.0268558,0.779392,0.4653893,0.6223906
2010-07-12 14:00:00,0.5216333333333333,0.4771,0.9138490920576754,0.84528667,0.73238,0.49814093,0.6152605
2010-07-12 15:00:00,0.5429333333333334,0.5211333333333333,0.9086788182685981,0.7377967,0.59831625,0.42181045,0.51006335
2010-07-12 16:00:00,0.3530333333333333,0.6413,0.903306794250246,0.74873936,0.6219154,0.4300825,0.52599895
2010-07-12 17:00:00,1.1606999999999998,0.6000666666666666,0.9168222476725435,0.567723,0.46553537,0.45046192,0.45799863
2010-07-12 18:00:00,0.6884333333333333,0.7756000000000001,1.055475125721415,0.70268166,0.5850715,0.49414432,0.5396079
2010-07-12 19:00:00,0.5361999999999999,1.9487333333333337,1.2988460526404566,1.7396295,1.1106892,0.61040556,0.86054736
2010-07-12 20:00:00,1.5040666666666669,0.6913666666666667,2.221754717457504,1.2368586,1.205437,0.7846501,0.9950435
2010-07-12 21:00:00,1.9975666666666667,0.9413666666666668,2.482130296225399,1.7066115,1.0597969,0.931288,0.99554247
2010-07-12 22:00:00,1.8635666666666668,1.7915,2.3330974892081793,1.3186119,1.1314158,0.95495033,1.0431831
2010-07-12 23:00:00,0.6359333333333334,2.5947666666666667,1.9379965543466309,0.4833461,0.81193423,0.8173141,0.8146242
2010-07-13 00:00:00,0.3786,1.1005333333333334,1.882531574096428,0.6389609,0.5183474,0.61929786,0.5688226
2010-07-13 01:00:00,0.4357666666666667,0.3849,1.84019116229378,0.4714019,0.4080996,0.45566404,0.43188182
2010-07-13 02:00:00,0.3301666666666666,0.4687333333333333,1.7368198630536207,0.4226642,0.41845137,0.39196026,0.40520582
2010-07-13 03:00:00,0.3643,0.3410666666666666,1.6730459567541216,0.43625298,0.3924385,0.32766104,0.36004978
2010-07-13 04:00:00,0.4013,0.3625333333333333,1.7231039554524725,0.39597684,0.39783362,0.28395635,0.340895
2010-07-13 05:00:00,0.3899666666666667,0.3721333333333333,1.6841291898734663,0.52160805,0.3968405,0.29028773,0.34356412
2010-07-13 06:00:00,0.3924666666666666,0.5445,1.9985069482348399,0.8156352,0.61508787,0.40040386,0.50774586
2010-07-13 07:00:00,1.143333333333333,0.8365333333333334,2.3256624772047885,1.1567745,0.957382,0.72756386,0.8424729
2010-07-13 08:00:00,1.6144333333333334,0.9442333333333334,2.5910834925018027,1.0465257,0.9949174,0.96632195,0.98061967
2010-07-13 09:00:00,1.7105333333333337,0.6023999999999999,2.524668814915644,1.3091012,0.9216985,0.8740433,0.8978709
2010-07-13 10:00:00,0.6229333333333333,0.7591666666666667,2.3746348784838416,1.3889915,0.950478,0.69147515,0.8209766
2010-07-13 11:00:00,0.6011333333333333,0.6285333333333334,1.7928646035985805,0.82660013,0.70814866,0.55005056,0.6290996
2010-07-13 12:00:00,0.5738666666666667,0.7223,1.2527253388704198,0.7765361,0.62387204,0.44404078,0.5339564
2010-07-13 13:00:00,1.4215000000000002,0.6212666666666667,0.9321379910257153,0.70051426,0.65461814,0.40100098,0.52780956
2010-07-13 14:00:00,1.7366666666666668,0.5216333333333333,0.9117693589625824,0.96031314,0.6277609,0.29311723,0.46043906
2010-07-13 15:00:00,1.0986,0.5429333333333334,0.9065990851735051,1.1956165,0.6381975,0.24900353,0.4436005
2010-07-13 16:00:00,0.4931333333333333,0.3530333333333333,0.9012270611551529,1.3448589,0.5465307,0.25364834,0.40008953
2010-07-13 17:00:00,0.4898666666666667,1.1606999999999998,0.9147425145774505,0.64166737,0.6488717,0.31678164,0.48282668
2010-07-13 18:00:00,1.0689666666666668,0.6884333333333333,1.0533953926263218,0.78774595,0.59280443,0.42023528,0.50651985
2010-07-13 19:00:00,1.3580666666666663,0.5361999999999999,1.2967663195453634,1.787156,1.1922096,0.59226406,0.8922368
2010-07-13 20:00:00,1.5689,1.5040666666666669,2.2196749843624106,1.5264788,1.096872,0.73134375,0.91410786
2010-07-13 21:00:00,2.114333333333333,1.9975666666666667,2.480050563130306,1.2481409,1.1220528,0.84677887,0.9844158
2010-07-13 22:00:00,1.8494666666666668,1.8635666666666668,2.331017756113086,1.5856876,1.3491874,0.77583444,1.062511
2010-07-13 23:00:00,0.8769333333333333,0.6359333333333334,1.9359168212515376,0.46794027,0.71666455,0.5767114,0.646688
2010-07-14 00:00:00,0.4971666666666666,0.3786,1.880451841001335,0.6802643,0.6294453,0.4163733,0.5229093
2010-07-14 01:00:00,0.6503,0.4357666666666667,1.838111429198687,0.46779612,0.50863844,0.35527635,0.4319574
2010-07-14 02:00:00,0.4663,0.3301666666666666,1.7347401299585277,0.6084191,0.41600338,0.3493905,0.38269693
2010-07-14 03:00:00,0.3532333333333333,0.3643,1.6709662236590286,0.48616284,0.3992678,0.33139658,0.3653322
2010-07-14 04:00:00,0.3952666666666667,0.4013,1.7210242223573795,0.44628257,0.3967229,0.33734906,0.36703598
2010-07-14 05:00:00,0.3802666666666666,0.3899666666666667,1.6820494567783733,0.42249298,0.40211803,0.46836996,0.435244
2010-07-14 06:00:00,0.4553,0.3924666666666666,1.9964272151397466,0.71429366,0.68178093,0.82462484,0.7532029
2010-07-14 07:00:00,0.9360666666666668,1.143333333333333,2.3235827441096952,0.7498578,0.9721653,1.0632781,1.0177217
2010-07-14 08:00:00,0.6037,1.6144333333333334,2.5890037594067095,0.9847814,1.2277298,0.956875,1.0923024
2010-07-14 09:00:00,0.5776333333333333,1.7105333333333337,2.5225890818205507,1.0429473,0.9773173,0.7751616,0.8762394
2010-07-14 10:00:00,0.4976333333333333,0.6229333333333333,2.372555145388749,0.7054429,0.95759976,0.64027035,0.79893506
2010-07-14 11:00:00,1.0361333333333334,0.6011333333333333,1.7907848705034874,0.7004471,0.918298,0.5789613,0.7486297
2010-07-14 12:00:00,1.1338,0.5738666666666667,1.2506456057753268,0.9315532,1.0511595,0.51447684,0.7828182
2010-07-14 13:00:00,1.2403333333333333,1.4215000000000002,0.930058257930622,1.2745225,1.1286106,0.516073,0.8223418
2010-07-14 14:00:00,1.4386666666666663,1.7366666666666668,0.9096896258674894,1.5315742,1.0626429,0.44199967,0.7523213
2010-07-14 15:00:00,1.0747666666666666,1.0986,0.904519352078412,1.7862084,0.91826844,0.32160848,0.6199385
2010-07-14 16:00:00,0.525,0.4931333333333333,0.8991473280600599,1.1400925,0.90659267,0.4524147,0.6795037
2010-07-14 17:00:00,0.4873333333333333,0.4898666666666667,0.9126627814823572,0.8420744,0.7902825,0.47458315,0.6324328
2010-07-14 18:00:00,0.5254,1.0689666666666668,1.0513156595312285,0.9277592,0.92914534,0.61261415,0.77087975
2010-07-14 19:00:00,0.7665666666666666,1.3580666666666663,1.2946865864502701,1.21072,1.1556184,0.7729709,0.9642947
2010-07-14 20:00:00,0.9316333333333332,1.5689,2.2175952512673174,1.3250068,1.6398695,0.8689529,1.2544112
2010-07-14 21:00:00,2.280733333333333,2.114333333333333,2.477970830035213,1.3476278,1.1284385,0.96428764,1.0463631
2010-07-14 22:00:00,3.1088666666666667,1.8494666666666668,2.328938023017993,1.7389157,1.4768105,0.87757534,1.1771929
2010-07-14 23:00:00,3.1291,0.8769333333333333,1.9338370881564444,1.7559888,0.82293385,0.5657536,0.6943437
2010-07-15 00:00:00,2.553166666666667,0.4971666666666666,1.8783721079062419,1.8531126,0.47655913,0.36701304,0.42178607
2010-07-15 01:00:00,1.3841333333333334,0.6503,1.836031696103594,1.5451953,0.34945184,0.3090918,0.32927182
2010-07-15 02:00:00,1.2592333333333334,0.4663,1.7326603968634346,1.3569959,0.38500208,0.346936,0.36596903
2010-07-15 03:00:00,0.8019333333333333,0.3532333333333333,1.6688864905639353,1.1485832,0.37623048,0.3263752,0.35130283
2010-07-15 04:00:00,0.8353666666666667,0.3952666666666667,1.7189444892622863,0.60821164,0.3822731,0.32583976,0.35405642
2010-07-15 05:00:00,0.7728,0.3802666666666666,1.67996972368328,0.61074984,0.38222265,0.40955108,0.39588687
2010-07-15 06:00:00,0.8113333333333334,0.4553,1.9943474820446538,1.0486721,0.6383518,0.7232676,0.68080974
2010-07-15 07:00:00,0.8101333333333333,0.9360666666666668,2.321503011014602,1.6045151,1.2426505,1.0937455,1.168198
2010-07-15 08:00:00,1.2321666666666669,0.6037,2.5869240263116167,1.0822933,1.0693249,1.1583593,1.113842
2010-07-15 09:00:00,1.9920666666666669,0.5776333333333333,2.520509348725458,1.550664,0.6829983,0.9720269,0.8275126
2010-07-15 10:00:00,1.102666666666667,0.4976333333333333,2.3704754122936555,1.5755717,0.6232215,0.73439217,0.67880684
2010-07-15 11:00:00,1.1862,1.0361333333333334,1.7887051374083944,1.2195398,0.6563067,0.5495689,0.6029378
2010-07-15 12:00:00,0.5487666666666667,1.1338,1.2485658726802338,0.8958725,0.64320844,0.42490202,0.53405523
2010-07-15 13:00:00,0.5031,1.2403333333333333,0.927978524835529,0.7589992,0.8247514,0.3665867,0.59566903
2010-07-15 14:00:00,0.8797627118644068,1.4386666666666663,0.9076098927723961,0.7632677,0.8279434,0.31676894,0.57235616
2010-07-15 15:00:00,1.8799,1.0747666666666666,0.9024396189833188,0.9815031,0.67444813,0.2984612,0.48645467
2010-07-15 16:00:00,1.1059,0.525,0.8970675949649667,1.1612272,0.7882097,0.32011032,0.55416
2010-07-15 17:00:00,0.5337,0.4873333333333333,0.9105830483872642,0.6731366,0.49645054,0.37460577,0.43552816
2010-07-15 18:00:00,0.5462,0.5254,1.0492359264361357,0.7272853,0.6835446,0.47667933,0.580112
2010-07-15 19:00:00,0.5149666666666667,0.7665666666666666,1.2926068533551773,0.9468317,1.0339249,0.6115486,0.82273674
2010-07-15 20:00:00,0.5238333333333334,0.9316333333333332,2.215515518172224,0.85728383,1.1112175,0.72189903,0.91655827
2010-07-15 21:00:00,1.7314,2.280733333333333,2.4758910969401198,1.074751,0.9869333,0.73188627,0.8594098
2010-07-15 22:00:00,2.3951333333333333,3.1088666666666667,2.3268582899229,1.3059157,1.4468427,0.63277805,1.0398104
2010-07-15 23:00:00,1.3301666666666667,3.1291,1.9317573550613516,1.2859128,0.76506805,0.47509527,0.62008166
2010-07-16 00:00:00,0.7512000000000001,2.553166666666667,1.8762923748111486,1.0654213,0.6914379,0.32725054,0.5093442
2010-07-16 01:00:00,0.5985333333333334,1.3841333333333334,1.8339519630085008,0.5552262,0.47636005,0.31502116,0.39569062
2010-07-16 02:00:00,0.397,1.2592333333333334,1.7305806637683414,0.56625223,0.4361287,0.3222385,0.3791836
2010-07-16 03:00:00,0.4656666666666667,0.8019333333333333,1.6668067574688423,0.3978227,0.43510193,0.30928314,0.37219253
2010-07-16 04:00:00,0.3307666666666666,0.8353666666666667,1.7168647561671933,0.49887025,0.40147558,0.3212703,0.36137295
2010-07-16 05:00:00,0.2789,0.7728,1.677889990588187,0.39459804,0.43623635,0.42179108,0.42901373
2010-07-16 06:00:00,0.3541999999999999,0.8113333333333334,1.9922677489495606,0.88071746,0.76659936,0.70010674,0.733353
2010-07-16 07:00:00,0.2783666666666667,0.8101333333333333,2.319423277919509,0.98812145,1.1603186,1.0263815,1.09335
2010-07-16 08:00:00,0.7949333333333333,1.2321666666666669,2.5848442932165234,0.7858489,0.93139625,1.1677456,1.0495709
2010-07-16 09:00:00,0.7357333333333334,1.9920666666666669,2.5184296156303647,0.66985136,0.79604733,1.1435324,0.96978986
2010-07-16 10:00:00,0.5718,1.102666666666667,2.3683956791985623,0.47611216,0.61571366,1.0226524,0.819183
2010-07-16 11:00:00,0.3018333333333333,1.1862,1.7866254043133012,0.63846654,0.5196981,0.88033,0.70001405
2010-07-16 12:00:00,0.3291,0.5487666666666667,1.2464861395851405,0.42463368,0.732613,0.69336927,0.7129911
2010-07-16 13:00:00,0.632,0.5031,0.925898791740436,0.42134428,0.8696855,0.5653461,0.7175158
2010-07-16 14:00:00,0.6921,0.8797627118644068,0.9055301596773031,0.7856673,0.76864624,0.45172822,0.61018723
2010-07-16 15:00:00,1.3842,1.8799,0.9003598858882258,0.77494365,0.63382494,0.3728661,0.5033455
2010-07-16 16:00:00,0.5669333333333333,1.1059,0.8949878618698737,0.9588849,0.65580654,0.33512008,0.4954633
2010-07-16 17:00:00,0.3144666666666666,0.5337,0.9085033152921712,0.76081437,0.5994105,0.2967351,0.4480728
2010-07-16 18:00:00,0.2937333333333333,0.5462,1.0471561933410425,0.5310766,0.6643811,0.40084285,0.53261197
2010-07-16 19:00:00,0.3465666666666667,0.5149666666666667,1.290527120260084,0.6288865,0.8279093,0.5406126,0.68426096
2010-07-16 20:00:00,0.2785,0.5238333333333334,2.2134357850771313,0.62000054,0.9195626,0.6419802,0.7807714
2010-07-16 21:00:00,0.9086,1.7314,2.4738113638450265,0.54842955,1.3198551,0.68780637,1.0038307
2010-07-16 22:00:00,1.1646,2.3951333333333333,2.3247785568278068,1.1243675,1.5585464,0.6529668,1.1057566
2010-07-16 23:00:00,0.8978666666666667,1.3301666666666667,1.9296776219662584,0.91244394,0.9910051,0.5169379,0.7539715
2010-07-17 00:00:00,0.8313,0.7512000000000001,1.8742126417160556,0.6101473,0.57955647,0.36900878,0.47428262
2010-07-17 01:00:00,1.0189333333333337,0.5985333333333334,1.8318722299134078,0.6027969,0.47943243,0.3358761,0.4076543
2010-07-17 02:00:00,1.0147,0.397,1.7285009306732484,0.91085905,0.40876448,0.32335168,0.36605808
2010-07-17 03:00:00,0.3171,0.4656666666666667,1.6647270243737493,0.11472116,0.36912993,0.2852155,0.3271727
2010-07-17 04:00:00,0.3345,0.3307666666666666,1.7147850230721002,0.35093147,0.36071062,0.2768768,0.3187937
2010-07-17 05:00:00,0.3041999999999999,0.2789,1.675810257493094,0.3623616,0.32691956,0.35069883,0.3388092
2010-07-17 06:00:00,0.3211333333333333,0.3541999999999999,1.9901880158544674,0.4018775,0.4526404,0.5012192,0.4769298
2010-07-17 07:00:00,0.3117666666666666,0.2783666666666667,2.317343544824416,0.43737134,0.64676076,0.7297962,0.68827844
2010-07-17 08:00:00,0.4137,0.7949333333333333,2.58276456012143,0.665427,0.87416875,0.9437983,0.9089835
2010-07-17 09:00:00,1.3840666666666666,0.7357333333333334,2.5163498825352715,0.6702605,0.9904607,1.078191,1.0343258
2010-07-17 10:00:00,1.3928666666666667,0.5718,2.3663159461034695,1.1960273,0.98652977,1.1474016,1.0669657
2010-07-17 11:00:00,0.3967,0.3018333333333333,1.7845456712182082,1.1282259,0.7913609,1.1447313,0.96804607
2010-07-17 12:00:00,0.3141,0.3291,1.2444064064900475,0.5652934,0.8438904,1.1070563,0.97547334
2010-07-17 13:00:00,0.2503333333333333,0.632,0.9238190586453427,0.54446095,1.0001599,1.0700134,1.0350866
2010-07-17 14:00:00,0.3024333333333333,0.6921,0.9034504265822101,0.45729047,0.8527987,1.0381436,0.94547117
2010-07-17 15:00:00,0.2978666666666666,1.3842,0.8982801527931328,0.40548244,1.1105299,1.0056733,1.0581017
2010-07-17 16:00:00,0.3201666666666666,0.5669333333333333,0.8929081287747807,0.47011563,1.1155194,0.9707781,1.0431488
2010-07-17 17:00:00,0.2940666666666666,0.3144666666666666,0.906423582197078,0.4632133,1.0019599,0.9988089,1.0003844
2010-07-17 18:00:00,0.3039666666666666,0.2937333333333333,1.0450764602459492,0.40128154,0.89639103,1.0524883,0.9744397
2010-07-17 19:00:00,0.3233,0.3465666666666667,1.2884473871649909,0.49854362,1.1038103,1.1457484,1.1247793
2010-07-17 20:00:00,1.0122666666666666,0.2785,2.2113560519820386,0.35392424,0.93982816,1.1892655,1.0645468
2010-07-17 21:00:00,0.6904333333333333,0.9086,2.4717316307499333,0.7463238,1.4232534,1.2028712,1.3130623
2010-07-17 22:00:00,0.7294,1.1646,2.3226988237327135,1.0578005,1.6225754,1.0730432,1.3478093
2010-07-17 23:00:00,0.5599000000000001,0.8978666666666667,1.9275978888711651,0.58201677,1.1502157,0.8370549,0.9936353
2010-07-18 00:00:00,0.4363,0.8313,1.8721329086209626,0.4773723,0.714492,0.6276531,0.6710726
2010-07-18 01:00:00,0.4003666666666666,1.0189333333333337,1.8297924968183148,0.47146973,0.5827105,0.5196672,0.5511888
2010-07-18 02:00:00,0.332,1.0147,1.7264211975781554,0.4168307,0.49560377,0.44761306,0.4716084
2010-07-18 03:00:00,0.5937333333333333,0.3171,1.662647291278656,0.39889416,0.4742853,0.3634876,0.41888645
2010-07-18 04:00:00,0.2168666666666666,0.3345,1.712705289977007,0.53459626,0.42287037,0.30957836,0.36622435
2010-07-18 05:00:00,0.316,0.3041999999999999,1.6737305243980007,0.3125871,0.46951872,0.3046295,0.3870741
2010-07-18 06:00:00,0.2955666666666667,0.3211333333333333,1.9881082827593741,0.38379964,0.48812652,0.3840409,0.4360837
2010-07-18 07:00:00,1.1619666666666668,0.3117666666666666,2.3152638117293227,0.37329966,0.78092647,0.5784162,0.67967135
2010-07-18 08:00:00,0.3011666666666667,0.4137,2.580684827026337,0.5843713,0.84552044,0.8271829,0.83635163
2010-07-18 09:00:00,0.3121666666666666,1.3840666666666666,2.5142701494401787,0.43876985,0.8642598,1.0519277,0.95809376
2010-07-18 10:00:00,0.2396333333333333,1.3928666666666667,2.3642362130083763,0.30748397,1.0036638,1.192253,1.0979583
2010-07-18 11:00:00,0.2851333333333333,0.3967,1.7824659381231152,0.26046053,0.9670798,1.2622062,1.114643
2010-07-18 12:00:00,0.3173666666666667,0.3141,1.2423266733949545,0.36110875,0.9726589,1.3045491,1.1386039
2010-07-18 13:00:00,0.2658,0.2503333333333333,0.9217393255502497,0.41406253,0.82142454,1.31343,1.0674273
2010-07-18 14:00:00,0.3264333333333333,0.3024333333333333,0.9013706934871168,0.34273353,0.77019894,1.2850841,1.0276415
2010-07-18 15:00:00,0.2299,0.2978666666666666,0.8962004196980395,0.38734764,0.8181623,1.2352518,1.026707
2010-07-18 16:00:00,0.2944666666666666,0.3201666666666666,0.8908283956796874,0.32791054,0.8938033,1.1848298,1.0393165
2010-07-18 17:00:00,0.2893,0.2940666666666666,0.904343849101985,0.36189947,0.71318054,1.1320448,0.92261267
2010-07-18 18:00:00,0.9191,0.3039666666666666,1.0429967271508565,0.377006,0.8199039,1.0911968,0.9555503
2010-07-18 19:00:00,1.2330666666666663,0.3233,1.286367654069898,1.0613621,1.0010056,1.1260161,1.0635109
2010-07-18 20:00:00,1.1449333333333334,1.0122666666666666,2.2092763188869453,0.83499265,1.2462016,1.3126227,1.2794122
2010-07-18 21:00:00,1.0483,0.6904333333333333,2.4696518976548405,1.3150183,1.1538851,1.5038476,1.3288664
2010-07-18 22:00:00,1.0921666666666667,0.7294,2.3206190906376207,1.3188251,1.2111244,1.4785459,1.3448352
2010-07-18 23:00:00,1.4822333333333333,0.5599000000000001,1.9255181557760723,0.9809533,0.70276207,1.2198839,0.961323
2010-07-19 00:00:00,0.3711,0.4363,1.8700531755258694,1.2541425,0.6786364,0.93497163,0.806804
2010-07-19 01:00:00,0.2751666666666666,0.4003666666666666,1.8277127637232216,0.32892394,0.52124447,0.47896624,0.5001054
2010-07-19 02:00:00,0.2828666666666667,0.332,1.7243414644830621,0.32351184,0.49223968,0.38566327,0.4389515
2010-07-19 03:00:00,0.2887333333333333,0.5937333333333333,1.660567558183563,0.2985125,0.48273033,0.35991007,0.4213202
2010-07-19 04:00:00,0.3172666666666667,0.2168666666666666,1.710625556881914,0.3116129,0.40302336,0.39927924,0.4011513
2010-07-19 05:00:00,0.3062666666666667,0.316,1.6716507913029077,0.39834687,0.45792845,0.59931874,0.5286236
2010-07-19 06:00:00,0.9814666666666666,0.2955666666666667,1.9860285496642813,0.49565777,0.7152705,1.015998,0.86563426
2010-07-19 07:00:00,0.5998666666666667,1.1619666666666668,2.31318407863423,0.8933552,1.2427237,1.2603874,1.2515556
2010-07-19 08:00:00,0.2998,0.3011666666666667,2.578605093931244,0.76416105,0.76302546,1.1124514,0.9377384
2010-07-19 09:00:00,0.3009333333333333,0.3121666666666666,2.5121904163450854,0.42499506,0.8762369,0.88313454,0.87968576
2010-07-19 10:00:00,0.3492666666666666,0.2396333333333333,2.362156479913283,0.33517823,0.8041444,0.72563976,0.7648921
2010-07-19 11:00:00,0.3242,0.2851333333333333,1.780386205028022,0.44774142,0.5999476,0.618042,0.6089948
2010-07-19 12:00:00,0.21,0.3173666666666667,1.2402469402998613,0.35862654,0.6378604,0.5542971,0.59607875
2010-07-19 13:00:00,0.3910333333333333,0.2658,0.9196595924551567,0.3423377,0.53388184,0.5479896,0.54093575
2010-07-19 14:00:00,0.3463666666666666,0.3264333333333333,0.8992909603920238,0.42620677,0.62731844,0.5633926,0.5953555
2010-07-19 15:00:00,0.5119,0.2299,0.8941206866029465,0.42332137,0.4746584,0.59300107,0.53382975
2010-07-19 16:00:00,0.409,0.2944666666666666,0.8887486625845944,0.55977327,0.52096164,0.6026898,0.56182575
2010-07-19 17:00:00,1.0613,0.2893,0.9022641160068919,0.5686743,0.51364064,0.59116775,0.55240417
2010-07-19 18:00:00,1.3475,0.9191,1.0409169940557632,0.60148305,0.72517914,0.61791223,0.6715457
2010-07-19 19:00:00,1.4029999999999998,1.2330666666666663,1.2842879209748048,1.180762,0.9561048,0.7344011,0.845253
2010-07-19 20:00:00,0.3713333333333333,1.1449333333333334,2.207196585791852,1.2012528,1.1059953,0.8755986,0.9907969
2010-07-19 21:00:00,0.3825,1.0483,2.4675721645597473,0.68775314,1.0922722,1.0114719,1.051872
2010-07-19 22:00:00,1.2311,1.0921666666666667,2.3185393575425275,0.6581211,1.0422466,1.0732573,1.0577519
2010-07-19 23:00:00,0.9906666666666666,1.4822333333333333,1.923438422680979,0.94685113,0.7640743,0.9680947,0.8660845
2010-07-20 00:00:00,0.4338666666666667,0.3711,1.8679734424307763,0.808783,0.5200645,0.7055446,0.61280453
2010-07-20 01:00:00,0.3684333333333333,0.2751666666666666,1.8256330306281285,0.40834534,0.4011932,0.48001856,0.44060588
2010-07-20 02:00:00,0.4647666666666666,0.2828666666666667,1.7222617313879691,0.4247044,0.4183522,0.38766629,0.40300924
2010-07-20 03:00:00,0.6963333333333334,0.2887333333333333,1.6584878250884698,0.42538795,0.4288359,0.32003003,0.37443298
2010-07-20 04:00:00,0.3470333333333333,0.3172666666666667,1.708545823786821,0.58046985,0.41266906,0.28326863,0.34796885
2010-07-20 05:00:00,0.4330333333333333,0.3062666666666667,1.6695710582078147,0.3783756,0.4673142,0.34984374,0.408579
2010-07-20 06:00:00,1.0626,0.9814666666666666,1.983948816569188,0.7780773,0.79509944,0.61659706,0.7058482
2010-07-20 07:00:00,0.3312,0.5998666666666667,2.3111043455391367,0.8467116,1.1830446,0.98752433,1.0852845
2010-07-20 08:00:00,0.3331333333333333,0.2998,2.576525360836151,0.5046239,0.7624225,1.0769591,0.91969085
2010-07-20 09:00:00,0.3535666666666666,0.3009333333333333,2.510110683249992,0.40380272,0.6852357,0.92559636,0.805416
2010-07-20 10:00:00,1.1478,0.3492666666666666,2.3600767468181902,0.42864063,0.68530506,0.77538025,0.7303426
2010-07-20 11:00:00,0.7602333333333333,0.3242,1.778306471932929,0.51989686,0.6794537,0.64386547,0.6616596
2010-07-20 12:00:00,0.3365,0.21,1.2381672072047682,0.4302096,0.5466095,0.52597153,0.5362905
2010-07-20 13:00:00,0.3436666666666667,0.3910333333333333,0.9175798593600635,0.47553027,0.6305393,0.44953555,0.5400374
2010-07-20 14:00:00,0.3074,0.3463666666666666,0.8972112272969308,0.3898177,0.61205024,0.40436912,0.5082097
2010-07-20 15:00:00,0.3230666666666666,0.5119,0.8920409535078535,0.44025454,0.6105377,0.39323157,0.50188464
2010-07-20 16:00:00,0.2845333333333333,0.409,0.8866689294895014,0.3701566,0.54952055,0.3859188,0.46771967
2010-07-20 17:00:00,0.4759666666666666,1.0613,0.9001843829117987,0.45317104,0.6636765,0.4476062,0.55564135
2010-07-20 18:00:00,0.7254333333333334,1.3475,1.03883726096067,0.8700539,0.7230541,0.49358302,0.60831857
2010-07-20 19:00:00,0.6658000000000001,1.4029999999999998,1.2822081878797116,1.1198558,1.0860391,0.59470034,0.8403697
2010-07-20 20:00:00,1.6181666666666668,0.3713333333333333,2.205116852696759,0.8927658,1.0387186,0.73289037,0.8858045
2010-07-20 21:00:00,0.7579666666666667,0.3825,2.4654924314646545,1.3466479,1.0632105,0.8847457,0.9739781
2010-07-20 22:00:00,0.7335333333333334,1.2311,2.3164596244474343,1.0673978,1.181977,0.9510579,1.0665175
2010-07-20 23:00:00,0.9597,0.9906666666666666,1.9213586895858858,0.58770925,0.8595123,0.8189088,0.83921057
2010-07-21 00:00:00,0.7822666666666667,0.4338666666666667,1.8658937093356833,1.1362549,0.47428045,0.59534305,0.53481174
2010-07-21 01:00:00,0.7374333333333334,0.3684333333333333,1.8235532975330355,0.42308375,0.40103552,0.44148964,0.42126256
2010-07-21 02:00:00,0.3359666666666667,0.4647666666666666,1.720181998292876,0.40153873,0.3778919,0.3641395,0.3710157
2010-07-21 03:00:00,0.3116333333333333,0.6963333333333334,1.6564080919933768,0.35864845,0.3976334,0.30353326,0.3505833
2010-07-21 04:00:00,0.3520333333333333,0.3470333333333333,1.7064660906917277,0.4274842,0.3964879,0.2796527,0.3380703
2010-07-21 05:00:00,0.3070333333333333,0.4330333333333333,1.6674913251127215,0.3985706,0.42779166,0.3291803,0.37848598
2010-07-21 06:00:00,0.3785,1.0626,1.9818690834740949,0.6754155,0.77088475,0.49340987,0.6321473
2010-07-21 07:00:00,0.6636333333333333,0.3312,2.3090246124440434,0.57238454,0.8757346,0.7522665,0.8140006
2010-07-21 08:00:00,0.8515,0.3331333333333333,2.574445627741058,0.7012003,0.8020072,0.8592614,0.8306343
2010-07-21 09:00:00,0.355,0.3535666666666666,2.5080309501548994,0.57793915,0.7965967,0.77438354,0.78549016
2010-07-21 10:00:00,0.3053666666666667,1.1478,2.357997013723097,0.4591744,0.8387868,0.6357497,0.7372682
2010-07-21 11:00:00,0.3334333333333333,0.7602333333333333,1.7762267388378359,0.47359848,0.8180262,0.49309134,0.65555876
2010-07-21 12:00:00,0.2865333333333333,0.3365,1.2360874741096752,0.40651754,0.67360675,0.36893415,0.52127045
2010-07-21 13:00:00,0.7761333333333333,0.3436666666666667,0.9155001262649705,0.3633988,0.6589415,0.2429542,0.45094785
2010-07-21 14:00:00,0.8655,0.3074,0.8951314942018376,0.9031498,0.691859,0.17464536,0.4332522
2010-07-21 15:00:00,0.7487666666666667,0.3230666666666666,0.8899612204127603,0.93383586,0.61228657,0.17273998,0.39251328
2010-07-21 16:00:00,1.2841999999999998,0.2845333333333333,0.8845891963944081,0.7189437,0.53396845,0.21714747,0.37555796
2010-07-21 17:00:00,0.7408666666666667,0.4759666666666666,0.8981046498167057,1.0396253,0.62424505,0.31252217,0.4683836
2010-07-21 18:00:00,0.3336333333333333,0.7254333333333334,1.0367575278655772,0.70481646,0.90143347,0.46452194,0.6829777
2010-07-21 19:00:00,0.7568,0.6658000000000001,1.2801284547846188,0.79376405,1.1194539,0.6581043,0.8887791
2010-07-21 20:00:00,1.2741,1.6181666666666668,2.2030371196016656,1.1993778,1.1428745,0.84696746,0.99492097
2010-07-21 21:00:00,0.4762333333333333,0.7579666666666667,2.4634126983695612,2.179937,0.9887558,0.9371532,0.9629545
2010-07-21 22:00:00,1.6014000000000002,0.7335333333333334,2.3143798913523415,0.8502813,1.0638514,0.8306639,0.94725764
2010-07-21 23:00:00,2.878133333333333,0.9597,1.919278956490793,0.9970912,0.80585146,0.57992464,0.692888
2010-07-22 00:00:00,2.6749333333333336,0.7822666666666667,1.86381397624059,1.7785091,0.5409796,0.39138907,0.46618435
2010-07-22 01:00:00,2.1680333333333333,0.7374333333333334,1.8214735644379423,1.7790964,0.5229174,0.35123634,0.43707687
2010-07-22 02:00:00,1.4624666666666668,0.3359666666666667,1.7181022651977829,1.6576136,0.45270425,0.32598156,0.3893429
2010-07-22 03:00:00,1.4041,0.3116333333333333,1.6543283588982838,1.3165689,0.38446018,0.27868456,0.33157235
2010-07-22 04:00:00,1.3682666666666667,0.3520333333333333,1.7043863575966347,1.3011627,0.35687414,0.2551638,0.30601895
2010-07-22 05:00:00,0.4356,0.3070333333333333,1.6654115920176285,1.3921593,0.35576388,0.3384326,0.34709823
2010-07-22 06:00:00,0.3667999999999999,0.3785,1.979789350379002,0.8595988,0.73774385,0.69019544,0.71396965
2010-07-22 07:00:00,0.4712333333333333,0.6636333333333333,2.3069448793489506,0.9783675,0.89329016,1.0975906,0.99544036
2010-07-22 08:00:00,1.018333333333333,0.8515,2.572365894645965,0.98639625,0.8810836,1.1216028,1.0013433
2010-07-22 09:00:00,0.3619333333333333,0.355,2.505951217059806,0.7449314,0.7630363,0.94379646,0.8534164
2010-07-22 10:00:00,0.3594333333333333,0.3053666666666667,2.3559172806280038,0.52291614,0.6997162,0.76701176,0.733364
2010-07-22 11:00:00,0.3411,0.3334333333333333,1.7741470057427426,0.47650728,0.61374325,0.6281346,0.6209389
2010-07-22 12:00:00,0.3692,0.2865333333333333,1.234007741014582,0.4365438,0.54460496,0.5146775,0.5296413
2010-07-22 13:00:00,0.3661333333333333,0.7761333333333333,0.9134203931698772,0.3802996,0.6203769,0.43009758,0.5252372
2010-07-22 14:00:00,1.3246,0.8655,0.8930517611067446,0.41658822,0.6608424,0.37265486,0.51674867
2010-07-22 15:00:00,0.3668333333333333,0.7487666666666667,0.8878814873176673,0.89140224,0.5472206,0.33304745,0.44013402
2010-07-22 16:00:00,0.3762666666666667,1.2841999999999998,0.8825094632993151,0.36333847,0.58113366,0.32139617,0.45126492
2010-07-22 17:00:00,0.3860333333333333,0.7408666666666667,0.8960249167216124,0.5136198,0.6499641,0.39192665,0.52094537
2010-07-22 18:00:00,0.3724666666666666,0.3336333333333333,1.034677794770484,0.5887304,0.5867787,0.60142064,0.59409964
2010-07-22 19:00:00,0.3748333333333333,0.7568,1.2780487216895255,0.8221066,0.922399,0.80362415,0.8630116
2010-07-22 20:00:00,0.3955666666666666,1.2741,2.200957386506573,0.72739476,1.2826935,1.059044,1.1708688
2010-07-22 21:00:00,0.9666,0.4762333333333333,2.461332965274468,0.7724519,0.85488045,1.0936846,0.9742825
2010-07-22 22:00:00,1.1483666666666668,1.6014000000000002,2.312300158257248,1.2928684,1.146026,0.87876546,1.0123957
2010-07-22 23:00:00,0.5283,2.878133333333333,1.9171992233956998,1.0404192,0.66306835,0.5857256,0.624397
2010-07-23 00:00:00,0.5345333333333334,2.6749333333333336,1.861734243145497,0.45671383,0.36067933,0.38834345,0.3745114
2010-07-23 01:00:00,1.2643333333333333,2.1680333333333333,1.8193938313428493,0.65505874,0.31514582,0.34874153,0.3319437
2010-07-23 02:00:00,0.5916666666666667,1.4624666666666668,1.7160225321026898,0.51034224,0.27633137,0.33769423,0.3070128
2010-07-23 03:00:00,1.2449666666666666,1.4041,1.6522486258031905,0.55060124,0.30570915,0.2959144,0.30081177
2010-07-23 04:00:00,1.1148,1.3682666666666667,1.7023066245015417,1.5069379,0.29999262,0.27426875,0.28713068
2010-07-23 05:00:00,0.8448333333333333,0.4356,1.6633318589225354,0.8619896,0.27012905,0.3420207,0.30607486
2010-07-23 06:00:00,0.3563,0.3667999999999999,1.9777096172839088,0.8392541,0.47090834,0.61900735,0.5449579
2010-07-23 07:00:00,0.3832,0.4712333333333333,2.3048651462538574,0.69430554,0.7536087,0.9487003,0.8511545
2010-07-23 08:00:00,0.7163,1.018333333333333,2.5702861615508716,0.8663071,0.8919871,1.0468376,0.9694123
2010-07-23 09:00:00,1.4133666666666669,0.3619333333333333,2.503871483964713,0.8003465,0.5687018,0.9769791,0.77284044
2010-07-23 10:00:00,0.4327333333333333,0.3594333333333333,2.353837547532911,1.084991,0.58600765,0.8378651,0.71193635
2010-07-23 11:00:00,0.3619,0.3411,1.7720672726476496,0.7009703,0.46297738,0.71911275,0.5910451
2010-07-23 12:00:00,0.5837666666666668,0.3692,1.231928007919489,0.45233816,0.44124162,0.6309708,0.5361062
2010-07-23 13:00:00,0.7842666666666667,0.3661333333333333,0.9113406600747842,0.89212143,0.4650292,0.574976,0.5200026
2010-07-23 14:00:00,0.4580333333333333,1.3246,0.8909720280116515,1.0320759,0.57172817,0.51857734,0.5451528
2010-07-23 15:00:00,0.9314333333333332,0.3668333333333333,0.8858017542225742,0.78391945,0.6474027,0.49206442,0.56973356
2010-07-23 16:00:00,0.5397,0.3762666666666667,0.8804297302042221,0.6022162,0.53342056,0.47045082,0.5019357
2010-07-23 17:00:00,0.3580666666666667,0.3860333333333333,0.8939451836265194,0.96154875,0.41420197,0.5263386,0.47027028
2010-07-23 18:00:00,0.3792999999999999,0.3724666666666666,1.0325980616753907,0.57218903,0.47585553,0.6691067,0.57248116
2010-07-23 19:00:00,1.4078666666666666,0.3748333333333333,1.2759689885944323,0.69513786,0.6332153,0.92489773,0.77905655
2010-07-23 20:00:00,1.5015666666666665,0.3955666666666666,2.1988776534114796,1.002929,0.7977945,1.1329163,0.9653554
2010-07-23 21:00:00,1.6510666666666665,0.9666,2.4592532321793747,1.2950243,0.91851926,1.1771997,1.0478594
2010-07-23 22:00:00,0.9489,1.1483666666666668,2.310220425162155,1.3858552,1.1962593,1.0188451,1.1075522
2010-07-23 23:00:00,0.7997333333333334,0.5283,1.9151194903006066,0.9462597,0.6841221,0.67897534,0.6815487
2010-07-24 00:00:00,0.7748666666666666,0.5345333333333334,1.859654510050404,0.5536126,0.63404626,0.4323246,0.5331854
2010-07-24 01:00:00,0.7538666666666667,1.2643333333333333,1.8173140982477562,0.6043233,0.8249776,0.40430313,0.61464036
2010-07-24 02:00:00,0.4745333333333333,0.5916666666666667,1.7139427990075968,0.49745333,0.5119658,0.3759421,0.44395396
2010-07-24 03:00:00,0.3524,1.2449666666666666,1.6501688927080975,0.47198358,0.4655731,0.3361594,0.40086627
2010-07-24 04:00:00,0.3703333333333333,1.1148,1.7002268914064484,0.39018473,0.44149944,0.32147735,0.38148838
2010-07-24 05:00:00,0.3556999999999999,0.8448333333333333,1.6612521258274422,0.40173516,0.29765546,0.36805147,0.33285347
2010-07-24 06:00:00,0.3877666666666667,0.3563,1.9756298841888156,0.48402438,0.36457106,0.57945615,0.4720136
2010-07-24 07:00:00,0.9122333333333332,0.3832,2.302785413158764,0.66521245,0.7071658,0.8632097,0.7851877
2010-07-24 08:00:00,0.5372333333333333,0.7163,2.5682064284557784,0.7623622,0.7326006,1.0720022,0.90230143
2010-07-24 09:00:00,0.3776,1.4133666666666669,2.50179175086962,0.766006,0.65741193,1.1762394,0.91682565
2010-07-24 10:00:00,0.3533666666666667,0.4327333333333333,2.3517578144378177,0.6907684,0.72937346,1.1794723,0.9544229
2010-07-24 11:00:00,0.3634666666666666,0.3619,1.7699875395525566,0.5370451,0.7205299,1.1501753,0.9353526
2010-07-24 12:00:00,0.6535333333333334,0.5837666666666668,1.229848274824396,0.54311824,0.72434664,1.1300168,0.9271817
2010-07-24 13:00:00,0.7953333333333333,0.7842666666666667,0.9092609269796912,0.89237654,0.76835215,1.1199926,0.9441724
2010-07-24 14:00:00,0.3424333333333333,0.4580333333333333,0.8888922949165583,1.0061119,0.6988586,1.098994,0.8989263
2010-07-24 15:00:00,0.3610333333333333,0.9314333333333332,0.883722021127481,0.4901412,0.7158305,1.0589145,0.8873725
2010-07-24 16:00:00,0.3634666666666666,0.5397,0.8783499971091289,0.5111206,0.66357446,1.0272498,0.84541214
2010-07-24 17:00:00,0.3762999999999999,0.3580666666666667,0.8918654505314264,0.5146921,0.6307082,1.0156289,0.8231686
2010-07-24 18:00:00,0.7580333333333333,0.3792999999999999,1.030518328580298,0.5622561,0.6810675,1.0895624,0.88531494
2010-07-24 19:00:00,0.8834666666666667,1.4078666666666666,1.2738892554993395,0.6573221,1.0313557,1.1968478,1.1141018
2010-07-24 20:00:00,0.6974,1.5015666666666665,2.1967979203163868,0.7102655,0.94224167,1.4223213,1.1822815
2010-07-24 21:00:00,1.7543,1.6510666666666665,2.457173499084282,1.0555482,1.1345581,1.5218471,1.3282026
2010-07-24 22:00:00,1.2302666666666666,0.9489,2.308140692067062,1.9463859,1.2901632,1.3467301,1.3184466
2010-07-24 23:00:00,1.1322,0.7997333333333334,1.9130397572055138,1.2015125,0.8709358,1.0238016,0.9473687
2010-07-25 00:00:00,1.092,0.7748666666666666,1.8575747769553108,0.9258379,0.55945134,0.765936,0.6626937
2010-07-25 01:00:00,0.9013666666666666,0.7538666666666667,1.815234365152663,0.97133577,0.4742504,0.6508386,0.5625445
2010-07-25 02:00:00,0.3519666666666666,0.4745333333333333,1.7118630659125036,0.6921481,0.39796102,0.5700157,0.48398837
2010-07-25 03:00:00,0.3241333333333333,0.3524,1.6480891596130043,0.39078158,0.4408032,0.47914803,0.4599756
2010-07-25 04:00:00,0.3849666666666666,0.3703333333333333,1.6981471583113554,0.38731816,0.37561992,0.42201537,0.39881766
2010-07-25 05:00:00,0.3683333333333333,0.3556999999999999,1.6591723927323492,0.45869148,0.38270578,0.39131367,0.38700974
2010-07-25 06:00:00,0.8814333333333334,0.3877666666666667,1.9735501510937228,0.44783995,0.3204705,0.3942908,0.35738066
2010-07-25 07:00:00,0.8028333333333334,0.9122333333333332,2.3007056800636714,0.80542123,0.6739705,0.45531076,0.56464064
2010-07-25 08:00:00,0.3766666666666666,0.5372333333333333,2.5661266953606856,0.7751027,0.5626975,0.5782501,0.5704738
2010-07-25 09:00:00,0.3548666666666667,0.3776,2.499712017774527,0.5557204,0.6411793,0.7212387,0.68120897
2010-07-25 10:00:00,1.3948333333333334,0.3533666666666667,2.3496780813427245,0.54752445,0.64865553,0.83849335,0.74357444
2010-07-25 11:00:00,1.6441333333333332,0.3634666666666666,1.7679078064574634,1.0652224,0.6962182,0.9162636,0.8062409
2010-07-25 12:00:00,1.5775,0.6535333333333334,1.2277685417293027,1.4728662,0.7689362,0.94873315,0.8588347
2010-07-25 13:00:00,0.8530333333333332,0.7953333333333333,0.907181193884598,1.425659,0.8163478,0.9670927,0.89172024
2010-07-25 14:00:00,0.3653333333333333,0.3424333333333333,0.8868125618214653,0.6332724,0.7300758,0.9971928,0.8636343
2010-07-25 15:00:00,0.3648333333333333,0.3610333333333333,0.881642288032388,0.5089201,0.68465894,1.0475003,0.86607957
2010-07-25 16:00:00,0.3855666666666666,0.3634666666666666,0.8762702640140358,0.49840748,0.7097918,1.1060743,0.90793306
2010-07-25 17:00:00,0.3613333333333333,0.3762999999999999,0.8897857174363332,0.60881335,0.70147103,1.180487,0.940979
2010-07-25 18:00:00,0.3721666666666667,0.7580333333333333,1.0284385954852047,0.74981475,0.8285304,1.3042316,1.066381
2010-07-25 19:00:00,0.8781,0.8834666666666667,1.2718095224042463,0.8971171,1.3277199,1.43073,1.379225
2010-07-25 20:00:00,0.6794666666666667,0.6974,2.1947181872212935,1.603859,1.3781121,1.4456604,1.4118862
2010-07-25 21:00:00,0.6416666666666667,1.7543,2.4550937659891887,1.3159677,1.7353048,1.300992,1.5181484
2010-07-25 22:00:00,0.6522666666666667,1.2302666666666666,2.306060958971969,0.920958,1.0590355,1.0779817,1.0685086
2010-07-25 23:00:00,2.831366666666667,1.1322,1.9109600241104205,0.7041944,0.71119165,0.84435546,0.77777356
2010-07-26 00:00:00,0.3406333333333333,1.092,1.8554950438602178,0.9293972,0.45428282,0.66136277,0.5578228
2010-07-26 01:00:00,0.3388,0.9013666666666666,1.81315463205757,0.3036408,0.3931023,0.3254053,0.3592538
2010-07-26 02:00:00,0.2787666666666666,0.3519666666666666,1.7097833328174106,0.3118888,0.37128487,0.27196074,0.3216228
2010-07-26 03:00:00,0.3625666666666667,0.3241333333333333,1.6460094265179113,0.34376478,0.35438254,0.20012712,0.27725482
2010-07-26 04:00:00,0.3076,0.3849666666666666,1.6960674252162624,0.35363233,0.3571443,0.15531069,0.2562275
2010-07-26 05:00:00,0.3338333333333333,0.3683333333333333,1.6570926596372562,0.39014968,0.3571443,0.23075682,0.29395056
2010-07-26 06:00:00,0.2578,0.8814333333333334,1.9714704179986295,0.91990787,0.774517,0.56997657,0.6722468
2010-07-26 07:00:00,0.3333,0.8028333333333334,2.298625946968578,0.95736665,0.9535234,1.0640643,1.0087938
2010-07-26 08:00:00,1.7709,0.3766666666666666,2.5640469622655924,0.4570866,0.8166862,1.1610582,0.9888722
2010-07-26 09:00:00,0.4124333333333333,0.3548666666666667,2.4976322846794337,1.2437866,0.7642649,0.98651075,0.8753878
2010-07-26 10:00:00,0.7432333333333333,1.3948333333333334,2.3475983482476317,0.8074137,0.9684385,0.81288564,0.8906621
2010-07-26 11:00:00,1.0832333333333333,1.6441333333333332,1.7658280733623704,0.4410707,0.7286293,0.68401265,0.706321
2010-07-26 12:00:00,0.5131666666666667,1.5775,1.2256888086342097,0.9104158,0.6338336,0.53525764,0.5845456
2010-07-26 13:00:00,0.3299666666666666,0.8530333333333332,0.9051014607895049,0.5835127,0.53245515,0.37303573,0.45274544
2010-07-26 14:00:00,0.3254666666666666,0.3653333333333333,0.8847328287263723,0.4057827,0.47834018,0.29418963,0.38626492
2010-07-26 15:00:00,0.2957333333333333,0.3648333333333333,0.879562554937295,0.35823068,0.46655986,0.26045942,0.36350965
2010-07-26 16:00:00,0.3364,0.3855666666666666,0.8741905309189428,0.36318955,0.4456918,0.22088426,0.333288
2010-07-26 17:00:00,0.2747,0.3613333333333333,0.8877059843412402,0.44038817,0.53230494,0.25759315,0.39494905
2010-07-26 18:00:00,0.3483,0.3721666666666667,1.0263588623901114,0.31841698,0.5941215,0.4254613,0.5097914
2010-07-26 19:00:00,0.2950333333333333,0.8781,1.269729789309153,0.61076236,0.97843516,0.66088676,0.81966096
2010-07-26 20:00:00,0.3242333333333333,0.6794666666666667,2.1926384541262003,0.54138243,0.81812143,0.9247626,0.871442
2010-07-26 21:00:00,1.1442666666666668,0.6416666666666667,2.453014032894096,0.57224464,1.0971183,1.1029782,1.1000483
2010-07-26 22:00:00,2.091266666666667,0.6522666666666667,2.3039812258768757,1.1673173,0.9992429,1.1015567,1.0503998
2010-07-26 23:00:00,1.8942,2.831366666666667,1.9088802910153273,0.87822676,0.8987973,0.81288624,0.85584176
2010-07-27 00:00:00,1.6456333333333333,0.3406333333333333,1.8534153107651246,1.2168761,0.5306665,0.529272,0.5299692
2010-07-27 01:00:00,1.6177666666666668,0.3388,1.811074898962477,1.5821079,0.42504004,0.43956316,0.43230158
2010-07-27 02:00:00,0.8101333333333333,0.2787666666666666,1.7077035997223176,1.0242366,0.35843393,0.41259533,0.38551462
2010-07-27 03:00:00,0.3568333333333333,0.3625666666666667,1.6439296934228183,0.32220244,0.3781554,0.37795222,0.3780538
2010-07-27 04:00:00,0.2897666666666667,0.3076,1.6939876921211692,0.34966815,0.34568653,0.36666453,0.35617554
2010-07-27 05:00:00,0.3115333333333333,0.3338333333333333,1.655012926542163,0.40170503,0.37125057,0.42870438,0.39997748
2010-07-27 06:00:00,0.3014,0.2578,1.9693906849035363,0.6830068,0.68574274,0.684888,0.6853154
2010-07-27 07:00:00,0.3202666666666667,0.3333,2.296546213873485,0.59453166,0.76095575,1.0598447,0.9104003
2010-07-27 08:00:00,0.2753333333333333,1.7709,2.5619672291704996,0.6163552,0.8337251,1.1685913,1.0011582
2010-07-27 09:00:00,1.1635333333333333,0.4124333333333333,2.495552551584341,0.42055258,0.714261,1.0522488,0.8832549
2010-07-27 10:00:00,0.7449333333333333,0.7432333333333333,2.3455186151525385,0.72144073,0.92957914,0.9326771,0.93112814
2010-07-27 11:00:00,0.5313666666666667,1.0832333333333333,1.7637483402672773,0.6576435,0.89984226,0.81328833,0.8565653
2010-07-27 12:00:00,0.5818333333333334,0.5131666666666667,1.2236090755391167,0.62610763,0.7401238,0.69189537,0.7160096
2010-07-27 13:00:00,0.4963333333333333,0.3299666666666666,0.9030217276944119,0.7810028,0.53102225,0.5787687,0.55489546
2010-07-27 14:00:00,0.2895333333333333,0.3254666666666666,0.882653095631279,0.5366728,0.5021544,0.45408183,0.47811812
2010-07-27 15:00:00,1.0975666666666666,0.2957333333333333,0.8774828218422017,0.323111,0.45530397,0.4078923,0.43159813
2010-07-27 16:00:00,0.3030666666666667,0.3364,0.8721107978238496,0.5459401,0.5128909,0.43086737,0.47187912
2010-07-27 17:00:00,0.2901666666666667,0.2747,0.8856262512461471,0.36847734,0.42830837,0.5078399,0.46807414
2010-07-27 18:00:00,0.3433,0.3483,1.0242791292950186,0.47938582,0.55542815,0.6561063,0.60576725
2010-07-27 19:00:00,0.2757666666666666,0.2950333333333333,1.2676500562140602,0.5916372,0.702332,0.83819044,0.7702612
2010-07-27 20:00:00,0.3292666666666666,0.3242333333333333,2.190558721031107,0.54601306,0.866291,1.0152998,0.9407954
2010-07-27 21:00:00,0.8642000000000001,1.1442666666666668,2.4509342997990027,0.7316764,1.051451,1.1502583,1.1008546
2010-07-27 22:00:00,1.2083333333333333,2.091266666666667,2.301901492781783,1.1180726,1.0985558,1.0587342,1.078645
2010-07-27 23:00:00,1.4248,1.8942,1.9068005579202345,0.9990006,0.5786299,0.78410196,0.68136597
2010-07-28 00:00:00,1.6895666666666669,1.6456333333333333,1.8513355776700315,1.3038852,0.48091722,0.5420221,0.51146966
2010-07-28 01:00:00,1.4232,1.6177666666666668,1.8089951658673837,1.9680809,0.4192425,0.4144932,0.41686785
2010-07-28 02:00:00,0.7068333333333334,0.8101333333333333,1.7056238666272243,0.81107527,0.38026142,0.34174234,0.36100188
2010-07-28 03:00:00,0.3252,0.3568333333333333,1.641849960327725,0.35047784,0.38722277,0.26860428,0.32791352
2010-07-28 04:00:00,0.3022333333333333,0.2897666666666667,1.6919079590260762,0.35389632,0.3917765,0.2460854,0.31893095
2010-07-28 05:00:00,0.3055,0.3115333333333333,1.65293319344707,0.36753437,0.37235275,0.30398762,0.33817017
2010-07-28 06:00:00,0.4513333333333333,0.3014,1.9673109518084435,0.4309144,0.54368716,0.55221707,0.5479521
2010-07-28 07:00:00,1.5366666666666666,0.3202666666666667,2.2944664807783917,0.80723643,0.7874637,0.96803296,0.87774837
2010-07-28 08:00:00,1.3219,0.2753333333333333,2.5598874960754063,1.2469854,0.794058,1.1086302,0.95134413
2010-07-28 09:00:00,1.2511666666666668,1.1635333333333333,2.4934728184892476,1.1779372,0.83732945,0.9505723,0.8939509
2010-07-28 10:00:00,0.2892666666666666,0.7449333333333333,2.343438882057445,0.89716107,0.8023752,0.76896113,0.78566813
2010-07-28 11:00:00,0.3096,0.5313666666666667,1.761668607172184,0.3874222,0.8003962,0.6290832,0.7147397
2010-07-28 12:00:00,0.3046,0.5818333333333334,1.2215293424440234,0.34692883,0.71524066,0.49286377,0.6040522
2010-07-28 13:00:00,0.3201666666666666,0.4963333333333333,0.9009419945993187,0.47015336,0.70166796,0.3508501,0.52625906
2010-07-28 14:00:00,0.2918333333333333,0.2895333333333333,0.880573362536186,0.39963117,0.5056718,0.24267071,0.37417126
2010-07-28 15:00:00,0.3210666666666666,1.0975666666666666,0.8754030887471087,0.35940766,0.6315865,0.20317864,0.41738257
2010-07-28 16:00:00,0.3160666666666666,0.3030666666666667,0.8700310647287566,0.45113063,0.5118331,0.2172293,0.3645312
2010-07-28 17:00:00,0.2830333333333333,0.2901666666666667,0.8835465181510539,0.4283083,0.4759849,0.2729562,0.37447053
2010-07-28 18:00:00,0.3363,0.3433,1.0221993961999254,0.435876,0.5263612,0.3810215,0.45369136
2010-07-28 19:00:00,0.6348,0.2757666666666666,1.265570323118967,0.5865336,0.57869965,0.57150996,0.57510483
2010-07-28 20:00:00,0.7385666666666667,0.3292666666666666,2.1884789879360143,0.5548001,0.75013953,0.7815335,0.7658365
2010-07-28 21:00:00,0.2951333333333333,0.8642000000000001,2.4488545667039094,0.713587,1.1608194,0.9469863,1.0539029
2010-07-28 22:00:00,0.3436,1.2083333333333333,2.2998217596866897,0.598708,1.3441931,0.91247416,1.1283336
2010-07-28 23:00:00,0.2799333333333333,1.4248,1.9047208248251413,0.61821115,0.719943,0.6772821,0.6986126
2010-07-29 00:00:00,0.3317,1.6895666666666669,1.8492558445749385,0.27250132,1.1078941,0.43945396,0.773674
2010-07-29 01:00:00,0.3173666666666667,1.4232,1.8069154327722907,0.21856421,1.007003,0.35335922,0.6801811
2010-07-29 02:00:00,0.2972666666666666,0.7068333333333334,1.7035441335321313,0.3520266,0.5956738,0.32653457,0.46110418
2010-07-29 03:00:00,0.3265333333333333,0.3252,1.639770227232632,0.33024454,0.45330724,0.3000273,0.37666726
2010-07-29 04:00:00,0.2993333333333333,0.3022333333333333,1.6898282259309831,0.34334457,0.43193546,0.3079728,0.3699541
2010-07-29 05:00:00,0.3222333333333333,0.3055,1.6508534603519769,0.41255563,0.33187565,0.41810495,0.37499028
2010-07-29 06:00:00,0.2748666666666667,0.4513333333333333,1.9652312187133503,0.5676145,0.600054,0.7634721,0.68176305
2010-07-29 07:00:00,1.234033333333333,1.5366666666666666,2.292386747683299,0.621107,1.0212258,1.0763927,1.0488093
2010-07-29 08:00:00,0.2946333333333333,1.3219,2.557807762980313,0.75570416,1.035359,1.083287,1.0593231
2010-07-29 09:00:00,0.3245333333333333,1.2511666666666668,2.4913930853941544,0.48072496,0.8384763,0.91217864,0.87532747
2010-07-29 10:00:00,0.2707666666666667,0.2892666666666666,2.341359148962352,0.39903417,0.5309207,0.73381245,0.63236654
2010-07-29 11:00:00,0.2760333333333333,0.3096,1.759588874077091,0.39097425,0.5137159,0.6095951,0.5616555
2010-07-29 12:00:00,0.2986666666666667,0.3046,1.2194496093489304,0.30439365,0.5357834,0.5180401,0.52691174
2010-07-29 13:00:00,0.3164666666666667,0.3201666666666666,0.8988622615042257,0.34997347,0.5361457,0.48499596,0.5105708
2010-07-29 14:00:00,0.3056,0.2918333333333333,0.8784936294410928,0.36478436,0.56283814,0.44546288,0.5041505
2010-07-29 15:00:00,0.2859666666666667,0.3210666666666666,0.8733233556520157,0.3026626,0.5208935,0.4014325,0.461163
2010-07-29 16:00:00,0.3366666666666666,0.3160666666666666,0.8679513316336636,0.31801364,0.4515086,0.40889943,0.43020403
2010-07-29 17:00:00,0.2716333333333333,0.2830333333333333,0.8814667850559609,0.43026116,0.46139982,0.44270277,0.45205128
2010-07-29 18:00:00,0.45,0.3363,1.0201196631048322,0.42429498,0.58933425,0.6314012,0.6103677
2010-07-29 19:00:00,1.0928666666666669,0.6348,1.2634905900238738,0.80790985,0.73214895,0.9383457,0.8352473
2010-07-29 20:00:00,0.3196333333333333,0.7385666666666667,2.186399254840921,0.69275564,0.9256515,1.1978313,1.0617414
2010-07-29 21:00:00,0.2858,0.2951333333333333,2.446774833608816,0.39911038,0.86204934,1.3118056,1.0869274
2010-07-29 22:00:00,0.3333666666666666,0.3436,2.2977420265915964,0.32716632,1.0100889,1.0921199,1.0511044
2010-07-29 23:00:00,0.2857666666666666,0.2799333333333333,1.902641091730048,0.3149823,0.5313693,0.67662925,0.60399926
2010-07-30 00:00:00,0.3081,0.3317,1.8471761114798453,0.3358461,0.47927603,0.406085,0.44268054
2010-07-30 01:00:00,0.3189333333333333,0.3173666666666667,1.8048356996771977,0.27829066,0.54944146,0.38061994,0.4650307
2010-07-30 02:00:00,0.291,0.2972666666666666,1.7014644004370383,0.36323777,0.3073902,0.36440223,0.33589622
2010-07-30 03:00:00,0.3068,0.3265333333333333,1.637690494137539,0.2974092,0.2928026,0.33209312,0.31244785
2010-07-30 04:00:00,0.3015,0.2993333333333333,1.68774849283589,0.33580244,0.23686635,0.2908445,0.26385543
2010-07-30 05:00:00,0.3122999999999999,0.3222333333333333,1.6487737272568836,0.35898873,0.27938607,0.38768637,0.3335362
2010-07-30 06:00:00,0.3608666666666666,0.2748666666666667,1.963151485618257,0.41793144,0.53052485,0.78498036,0.65775263
2010-07-30 07:00:00,1.1503,1.234033333333333,2.2903070145882056,0.7092154,1.0593894,1.1419518,1.1006706
2010-07-30 08:00:00,0.4764333333333334,0.2946333333333333,2.55572802988522,0.59550136,0.8413853,1.1814617,1.0114235
2010-07-30 09:00:00,0.3246666666666666,0.3245333333333333,2.4893133522990616,0.7729589,0.7071328,1.0689342,0.8880335
2010-07-30 10:00:00,0.2971,0.2707666666666667,2.339279415867259,0.41877165,0.4099431,0.92239356,0.66616833
2010-07-30 11:00:00,0.3067,0.2760333333333333,1.757509140981998,0.3987561,0.3859239,0.77945435,0.5826891
2010-07-30 12:00:00,0.2814333333333333,0.2986666666666667,1.2173698762538374,0.31962115,0.3929156,0.69665086,0.54478323
2010-07-30 13:00:00,0.2663,0.3164666666666667,0.8967825284091326,0.36957368,0.45643082,0.6716641,0.56404746
2010-07-30 14:00:00,0.2794999999999999,0.3056,0.8764138963459998,0.29632017,0.39529356,0.6369443,0.51611894
2010-07-30 15:00:00,0.3027333333333333,0.2859666666666667,0.8712436225569224,0.35362458,0.37908167,0.6078422,0.49346194
2010-07-30 16:00:00,0.3171666666666667,0.3366666666666666,0.8658715985385703,0.32033148,0.52620834,0.57458055,0.5503944
2010-07-30 17:00:00,1.2049666666666667,0.2716333333333333,0.8793870519608676,0.4438217,0.36792067,0.62220615,0.49506342
2010-07-30 18:00:00,0.3151666666666666,0.45,1.0180399300097394,0.78877,0.49161065,0.74585456,0.6187326
2010-07-30 19:00:00,0.2896333333333333,1.0928666666666669,1.261410856928781,0.5201777,0.77367204,1.0103127,0.89199233
2010-07-30 20:00:00,0.2808,0.3196333333333333,2.184319521745828,0.14737745,0.6690676,1.2670683,0.96806794
2010-07-30 21:00:00,0.2802,0.2858,2.4446951005137234,0.33046964,0.5008471,1.4319547,0.9664009
2010-07-30 22:00:00,0.3384999999999999,0.3333666666666666,2.2956622934965036,0.3410599,0.6529226,1.3168598,0.9848912
2010-07-30 23:00:00,0.2765666666666667,0.2857666666666666,1.9005613586349552,0.35331777,0.3404245,0.95899034,0.64970744
2010-07-31 00:00:00,0.3157333333333333,0.3081,1.8450963783847523,0.33475018,0.46855795,0.70255995,0.58555895
2010-07-31 01:00:00,0.3018333333333333,0.3189333333333333,1.8027559665821045,0.32610935,0.35639298,0.60038364,0.4783883
2010-07-31 02:00:00,0.3086666666666666,0.291,1.699384667341945,0.36669475,0.31094947,0.50610244,0.40852594
2010-07-31 03:00:00,0.2885666666666667,0.3068,1.6356107610424457,0.28895473,0.29073203,0.4077025,0.34921727
2010-07-31 04:00:00,0.5586666666666668,0.3015,1.6856687597407969,0.34870598,0.30429965,0.3511845,0.32774207
2010-07-31 05:00:00,1.0050333333333332,0.3122999999999999,1.6466939941617906,0.41918164,0.32178348,0.363168,0.34247574
2010-07-31 06:00:00,0.314,0.3608666666666666,1.9610717525231642,0.4197241,0.4215086,0.5031755,0.46234205
2010-07-31 07:00:00,0.3315333333333333,1.1503,2.2882272814931124,0.6046351,0.86247164,0.7080251,0.7852484
2010-07-31 08:00:00,0.2846333333333333,0.4764333333333334,2.553648296790127,0.50686264,0.65882707,0.866967,0.762897
2010-07-31 09:00:00,0.2968666666666666,0.3246666666666666,2.4872336192039683,0.38404018,0.51326,0.9369817,0.72512084
2010-07-31 10:00:00,0.2606333333333333,0.2971,2.337199682772166,0.3358165,0.46875444,0.94562685,0.70719063
2010-07-31 11:00:00,0.3007,0.3067,1.7554294078869048,0.36682042,0.57351655,0.90866154,0.74108905
2010-07-31 12:00:00,0.284,0.2814333333333333,1.2152901431587442,0.33808988,0.59564364,0.8763816,0.7360126
2010-07-31 13:00:00,0.3337,0.2663,0.8947027953140394,0.38552946,0.60617185,0.8906941,0.748433
2010-07-31 14:00:00,0.2824,0.2794999999999999,0.8743341632509067,0.42681268,0.56657726,0.8821622,0.72436976
2010-07-31 15:00:00,0.3185333333333334,0.3027333333333333,0.8691638894618294,0.39028108,0.55210626,0.89998627,0.72604626
2010-07-31 16:00:00,0.6855666666666667,0.3171666666666667,0.8637918654434773,0.40099427,0.6234416,0.9082772,0.76585937
2010-07-31 17:00:00,0.9024333333333332,1.2049666666666667,0.8773073188657746,0.6004596,0.93427795,0.94420266,0.93924034
2010-07-31 18:00:00,0.2888666666666666,0.3151666666666666,1.0159601969146461,0.56858206,0.774158,1.0334752,0.9038166
2010-07-31 19:00:00,0.3428,0.2896333333333333,1.2593311238336877,0.39224637,0.8940979,1.1288927,1.0114954
2010-07-31 20:00:00,0.3109666666666666,0.2808,2.182239788650735,0.39166772,0.6601991,1.1828318,0.92151546
2010-07-31 21:00:00,0.2978666666666666,0.2802,2.44261536741863,0.34796858,0.549728,1.1538976,0.85181284
2010-07-31 22:00:00,0.3373333333333334,0.3384999999999999,2.2935825604014104,0.3218926,0.7454226,1.0451918,0.8953072
2010-07-31 23:00:00,0.2922666666666667,0.2765666666666667,1.898481625539862,0.35332802,0.5399582,0.86575985,0.70285904
2010-08-01 00:00:00,0.3170666666666666,0.3157333333333333,1.843016645289659,0.32552427,0.59589344,0.6720978,0.63399565
2010-08-01 01:00:00,0.2928333333333333,0.3018333333333333,1.8006762334870114,0.3123075,0.4301727,0.5262445,0.4782086
2010-08-01 02:00:00,0.3350666666666667,0.3086666666666666,1.697304934246852,0.34252074,0.38503578,0.43277794,0.40890688
2010-08-01 03:00:00,0.2641666666666666,0.2885666666666667,1.6335310279473527,0.33922443,0.3331411,0.34561902,0.33938006
2010-08-01 04:00:00,0.6427333333333334,0.5586666666666668,1.6835890266457039,0.3186618,0.3426876,0.29041636,0.31655198
2010-08-01 05:00:00,0.9396,1.0050333333333332,1.6446142610666976,0.43445867,0.3847818,0.2748301,0.32980597
2010-08-01 06:00:00,0.3158333333333333,0.314,1.958992019428071,0.34637183,0.39789638,0.32126778,0.35958207
2010-08-01 07:00:00,0.2658,0.3315333333333333,2.2861475483980196,0.3457284,0.5669621,0.44685626,0.5069092
2010-08-01 08:00:00,0.3033,0.2846333333333333,2.551568563695034,0.39558288,0.38269827,0.61516416,0.49893123
2010-08-01 09:00:00,0.3096333333333333,0.2968666666666666,2.485153886108875,0.3750197,0.407057,0.754145,0.580601
2010-08-01 10:00:00,0.2906666666666667,0.2606333333333333,2.3351199496770727,0.40058237,0.46682408,0.8281474,0.64748573
2010-08-01 11:00:00,0.3392666666666667,0.3007,1.7533496747918118,0.41910246,0.48044747,0.870302,0.67537475
2010-08-01 12:00:00,0.2644,0.284,1.2132104100636512,0.43187264,0.5066429,0.91180515,0.709224
2010-08-01 13:00:00,0.3310333333333333,0.3337,0.8926230622189464,0.36115152,0.6542393,0.9321386,0.7931889
2010-08-01 14:00:00,0.2915,0.2824,0.8722544301558135,0.3891364,0.5153413,0.94629985,0.73082054
2010-08-01 15:00:00,0.3136666666666666,0.3185333333333334,0.8670841563667364,0.37016803,0.60302436,0.98851186,0.79576814
2010-08-01 16:00:00,0.6569,0.6855666666666667,0.8617121323483843,0.44447583,0.776617,1.0321654,0.90439117
2010-08-01 17:00:00,0.9184333333333332,0.9024333333333332,0.8752275857706816,0.7108178,0.8460191,1.0598264,0.9529227
2010-08-01 18:00:00,0.3032333333333333,0.2888666666666666,1.0138804638195529,0.48411363,0.57054377,1.1054261,0.8379849
2010-08-01 19:00:00,0.3121666666666666,0.3428,1.2572513907385945,0.43335146,0.8064553,1.1570148,0.9817351
2010-08-01 20:00:00,0.3283666666666667,0.3109666666666666,2.1801600555556417,0.34307802,0.7040212,1.2092556,0.9566384
2010-08-01 21:00:00,0.3054666666666666,0.2978666666666666,2.4405356343235374,0.40520188,0.60373724,1.2085589,0.9061481
2010-08-01 22:00:00,0.3077,0.3373333333333334,2.291502827306317,0.34671205,0.7545021,1.1241143,0.93930817
2010-08-01 23:00:00,0.3122333333333333,0.2922666666666667,1.8964018924447688,0.34924313,0.15844664,0.9340415,0.5462441
2010-08-02 00:00:00,0.3015,0.3170666666666666,1.840936912194566,0.38640627,0.415532,0.7378392,0.5766856
2010-08-02 01:00:00,0.2525333333333333,0.2928333333333333,1.7985965003919184,0.27860197,0.3356547,0.39365047,0.36465257
2010-08-02 02:00:00,0.3168333333333333,0.3350666666666667,1.695225201151759,0.3137649,0.32006434,0.31662244,0.3183434
2010-08-02 03:00:00,0.2770666666666666,0.2641666666666666,1.6314512948522597,0.32383606,0.29970682,0.26908284,0.28439483
2010-08-02 04:00:00,0.7077333333333333,0.6427333333333334,1.6815092935506106,0.37231392,0.3907766,0.2627638,0.3267702
2010-08-02 05:00:00,0.8600333333333334,0.9396,1.6425345279716044,0.4297012,0.4250523,0.35492927,0.38999078
2010-08-02 06:00:00,0.3291,0.3158333333333333,1.9569122863329778,0.46505842,0.5298097,0.5683667,0.54908824
2010-08-02 07:00:00,0.2859,0.2658,2.2840678153029264,0.44542843,0.58574367,0.86738133,0.7265625
2010-08-02 08:00:00,0.3164666666666667,0.3033,2.549488830599941,0.3431192,0.5034721,0.98210526,0.7427887
2010-08-02 09:00:00,0.3228333333333333,0.3096333333333333,2.4830741530137823,0.4291015,0.5045692,0.8533944,0.6789818
2010-08-02 10:00:00,0.2746666666666666,0.2906666666666667,2.33304021658198,0.41254982,0.44209746,0.68996453,0.566031
2010-08-02 11:00:00,0.3393333333333333,0.3392666666666667,1.7512699416967188,0.34933385,0.491788,0.55032593,0.52105695
2010-08-02 12:00:00,0.2793333333333334,0.2644,1.2111306769685581,0.3591118,0.4282567,0.43674058,0.43249863
2010-08-02 13:00:00,0.3226333333333333,0.3310333333333333,0.8905433291238534,0.3595026,0.40719217,0.38760793,0.39740005
2010-08-02 14:00:00,0.2917333333333333,0.2915,0.8701746970607205,0.3236433,0.35136828,0.3664549,0.35891157
2010-08-02 15:00:00,0.3312333333333333,0.3136666666666666,0.8650044232716432,0.332883,0.38020763,0.3828267,0.38151717
2010-08-02 16:00:00,0.7540333333333333,0.6569,0.859632399253291,0.37469018,0.45803127,0.3875333,0.4227823
2010-08-02 17:00:00,0.7425333333333334,0.9184333333333332,0.8731478526755884,0.49431607,0.5265781,0.46922392,0.49790102
2010-08-02 18:00:00,0.3167333333333333,0.3032333333333333,1.01180073072446,0.51556736,0.40420988,0.65834785,0.53127885
2010-08-02 19:00:00,0.3081666666666666,0.3121666666666666,1.2551716576435017,0.49299318,0.5809002,0.93656474,0.75873244
2010-08-02 20:00:00,0.3232,0.3283666666666667,2.1780803224605485,0.3692903,0.6301089,1.1872637,0.9086863
2010-08-02 21:00:00,0.3069666666666666,0.3054666666666666,2.438455901228444,0.42437896,0.6276453,1.2113156,0.91948044
2010-08-02 22:00:00,0.3078,0.3077,2.2894230942112244,0.3694889,0.6145908,0.9715185,0.7930547
2010-08-02 23:00:00,0.2896666666666666,0.3122333333333333,1.894322159349676,0.2568928,0.25287858,0.63209623,0.44248742
2010-08-03 00:00:00,0.3218666666666667,0.3015,1.838857179099473,0.3125467,0.19088952,0.4074933,0.29919142
2010-08-03 01:00:00,0.2728,0.2525333333333333,1.7965167672968252,0.27539262,0.2504318,0.3800841,0.31525797
2010-08-03 02:00:00,0.3206666666666667,0.3168333333333333,1.6931454680566658,0.3237846,0.2866392,0.3525417,0.31959045
2010-08-03 03:00:00,0.2901333333333333,0.2770666666666666,1.6293715617571665,0.3200325,0.2780479,0.29057044,0.28430915
2010-08-03 04:00:00,0.9235666666666666,0.7077333333333333,1.6794295604555176,0.36746824,0.35304105,0.24892306,0.30098206
2010-08-03 05:00:00,0.5683,0.8600333333333334,1.6404547948765114,0.35264987,0.3964301,0.32802212,0.36222613
2010-08-03 06:00:00,0.3189333333333333,0.3291,1.954832553237885,0.6627624,0.54176944,0.7901796,0.6659745
2010-08-03 07:00:00,0.2826666666666667,0.2859,2.281988082207833,0.45747814,0.7626209,1.3078681,1.0352445
2010-08-03 08:00:00,0.3582,0.3164666666666667,2.547409097504848,0.38839468,0.78066397,1.2412384,1.0109512
2010-08-03 09:00:00,0.4187666666666667,0.3228333333333333,2.480994419918689,0.46010867,0.59042335,1.0348288,0.81262606
2010-08-03 10:00:00,0.3802666666666666,0.2746666666666666,2.3309604834868867,0.5520906,0.47692072,0.90138304,0.6891519
2010-08-03 11:00:00,0.3907666666666666,0.3393333333333333,1.7491902086016256,0.5533789,0.53046834,0.8147391,0.6726037
2010-08-03 12:00:00,0.3639,0.2793333333333334,1.209050943873465,0.4894126,0.43605798,0.74154943,0.5888037
2010-08-03 13:00:00,0.4158333333333333,0.3226333333333333,0.8884635960287601,0.45191243,0.4145275,0.7045219,0.5595247
2010-08-03 14:00:00,0.3883,0.2917333333333333,0.8680949639656275,0.4706344,0.3992621,0.64220273,0.5207324
2010-08-03 15:00:00,0.4288666666666667,0.3312333333333333,0.8629246901765502,0.53878516,0.40907595,0.56677234,0.48792416
2010-08-03 16:00:00,1.3614,0.7540333333333333,0.857552666158198,0.6449285,0.55436784,0.5334233,0.5438956
2010-08-03 17:00:00,0.4335,0.7425333333333334,0.8710681195804953,1.0873091,0.5780983,0.53741854,0.55775845
2010-08-03 18:00:00,0.3534,0.3167333333333333,1.0097209976293668,0.6624691,0.5139702,0.6118869,0.56292856
2010-08-03 19:00:00,0.3944333333333333,0.3081666666666666,1.2530919245484085,0.5446736,0.592371,0.80855536,0.7004632
2010-08-03 20:00:00,0.3806,0.3232,2.1760005893654557,0.61992145,0.6484371,1.0858991,0.86716807
2010-08-03 21:00:00,0.2781,0.3069666666666666,2.436376168133351,0.5916018,0.5855746,1.3579457,0.97176015
2010-08-03 22:00:00,0.3220333333333333,0.3078,2.287343361116131,0.32466793,0.6189606,1.2439151,0.93143785
2010-08-03 23:00:00,0.2862333333333333,0.2896666666666666,1.8922424262545827,0.32353988,0.29079726,0.8414663,0.5661318
2010-08-04 00:00:00,0.3228666666666667,0.3218666666666667,1.8367774460043798,0.29439735,0.3104582,0.52721226,0.41883522
2010-08-04 01:00:00,0.2699999999999999,0.2728,1.7944370342017322,0.27542523,0.2476638,0.43528777,0.34147578
2010-08-04 02:00:00,0.3335,0.3206666666666667,1.6910657349615728,0.3385834,0.34512082,0.39253086,0.36882585
2010-08-04 03:00:00,0.3363666666666667,0.2901333333333333,1.6272918286620734,0.30233926,0.36235952,0.34551644,0.35393798
2010-08-04 04:00:00,1.1549333333333331,0.9235666666666666,1.6773498273604244,0.4955921,0.43525517,0.32172173,0.37848845
2010-08-04 05:00:00,0.3244333333333333,0.5683,1.6383750617814183,0.26481393,0.42713854,0.35951465,0.39332658
2010-08-04 06:00:00,0.2804,0.3189333333333333,1.9527528201427917,0.45482978,0.5624034,0.55037034,0.5563868
2010-08-04 07:00:00,0.3162333333333333,0.2826666666666667,2.2799083491127403,0.37949136,0.61500055,0.9045339,0.75976723
2010-08-04 08:00:00,0.3182999999999999,0.3582,2.5453293644097545,0.4151885,0.72738457,1.1045425,0.91596353
2010-08-04 09:00:00,0.3071333333333333,0.4187666666666667,2.478914686823596,0.43096644,0.6593082,1.0205904,0.8399493
2010-08-04 10:00:00,0.2806666666666667,0.3802666666666666,2.3288807503917934,0.34027728,0.61765665,0.86596185,0.74180925
2010-08-04 11:00:00,0.3258,0.3907666666666666,1.7471104755065325,0.36554626,0.6115752,0.68851304,0.6500441
2010-08-04 12:00:00,0.2550333333333333,0.3639,1.2069712107783719,0.35996053,0.6780946,0.5286365,0.60336554
2010-08-04 13:00:00,0.2775999999999999,0.4158333333333333,0.8863838629336671,0.32740793,0.66275954,0.39321738,0.52798843
2010-08-04 14:00:00,0.2946333333333333,0.3883,0.8660152308705342,0.2913171,0.6167137,0.33756834,0.47714102
2010-08-04 15:00:00,0.5886,0.4288666666666667,0.8608449570814571,0.35033393,0.54858524,0.23679805,0.39269164
2010-08-04 16:00:00,0.9815,1.3614,0.855472933063105,0.39609104,0.7062535,0.23329026,0.4697719
2010-08-04 17:00:00,0.3169666666666667,0.4335,0.8689883864854023,0.41864142,0.64132357,0.3119279,0.47662574
2010-08-04 18:00:00,0.3072666666666667,0.3534,1.0076412645342736,0.48172587,0.75883067,0.4864487,0.62263966
2010-08-04 19:00:00,0.2920666666666667,0.3944333333333333,1.2510121914533152,0.51304656,0.9589648,0.81705177,0.8880083
2010-08-04 20:00:00,0.3426666666666667,0.3806,2.1739208562703625,0.42204878,0.96753436,1.0996982,1.0336163
2010-08-04 21:00:00,0.2722666666666666,0.2781,2.4342964350382577,0.4418623,0.67853475,1.1786317,0.9285832
2010-08-04 22:00:00,0.3032666666666667,0.3220333333333333,2.285263628021038,0.3918279,0.8125517,0.97561467,0.89408314
2010-08-04 23:00:00,0.2534333333333333,0.2862333333333333,1.8901626931594895,0.3498587,0.5534933,0.6477741,0.60063374
2010-08-05 00:00:00,0.3086666666666666,0.3228666666666667,1.8346977129092867,0.32481974,0.47866166,0.4185719,0.44861677
2010-08-05 01:00:00,0.2728333333333333,0.2699999999999999,1.7923573011066392,0.2776627,0.38209182,0.3528344,0.3674631
2010-08-05 02:00:00,0.3272666666666666,0.3335,1.6889860018664797,0.34392676,0.38767886,0.3348267,0.36125278
2010-08-05 03:00:00,0.6917000000000001,0.3363666666666667,1.6252120955669804,0.31431773,0.39090273,0.2931602,0.34203148
2010-08-05 04:00:00,0.8628333333333333,1.1549333333333331,1.6752700942653314,0.40300965,0.6192681,0.26091278,0.44009045
2010-08-05 05:00:00,0.3146333333333333,0.3244333333333333,1.636295328686325,0.33798945,0.4017636,0.3455031,0.37363333
2010-08-05 06:00:00,0.2312,0.2804,1.9506730870476985,0.46658394,0.5869054,0.82217395,0.70453966
2010-08-05 07:00:00,0.2998333333333333,0.3162333333333333,2.277828616017647,0.31165072,0.8685706,1.3204126,1.0944916
2010-08-05 08:00:00,0.2988333333333333,0.3182999999999999,2.5432496313146613,0.3797029,0.8841383,1.2739161,1.0790272
2010-08-05 09:00:00,0.3189333333333333,0.3071333333333333,2.476834953728503,0.42000833,0.63143593,1.0251763,0.8283061
2010-08-05 10:00:00,0.2725666666666667,0.2806666666666667,2.3268010172967006,0.386904,0.5690996,0.8246767,0.69688815
2010-08-05 11:00:00,0.2775666666666667,0.3258,1.7450307424114395,0.371627,0.61702585,0.70469284,0.66085935
2010-08-05 12:00:00,0.2622,0.2550333333333333,1.2048914776832789,0.30550802,0.519432,0.6402767,0.57985437
2010-08-05 13:00:00,0.3145666666666666,0.2775999999999999,0.8843041298385741,0.3034589,0.4810798,0.5494498,0.5152648
2010-08-05 14:00:00,0.2877,0.2946333333333333,0.8639354977754412,0.3341215,0.5004042,0.50025326,0.5003287
2010-08-05 15:00:00,0.9668666666666668,0.5886,0.8587652239863639,0.34621632,0.60284853,0.4341238,0.51848614
2010-08-05 16:00:00,0.5365333333333333,0.9815,0.8533931999680118,0.35166323,0.63395834,0.412221,0.52308965
2010-08-05 17:00:00,0.3036,0.3169666666666667,0.8669086533903091,0.45665196,0.41107127,0.42082214,0.41594672
2010-08-05 18:00:00,0.3041999999999999,0.3072666666666667,1.0055615314391808,0.44251668,0.4296106,0.5518294,0.49072
2010-08-05 19:00:00,0.2853666666666666,0.2920666666666667,1.2489324583582224,0.41751084,0.5518647,0.8424439,0.6971543
2010-08-05 20:00:00,0.3356666666666666,0.3426666666666667,2.1718411231752697,0.3370695,0.6793263,1.1202388,0.89978254
2010-08-05 21:00:00,0.2085333333333333,0.2722666666666666,2.4322167019431644,0.46763662,0.50972253,1.3125455,0.911134
2010-08-05 22:00:00,0.3188,0.3032666666666667,2.283183894925945,0.318135,0.592214,1.1173835,0.85479873
2010-08-05 23:00:00,0.2903666666666666,0.2534333333333333,1.8880829600643967,0.3586607,0.43565333,0.64076555,0.53820944
2010-08-06 00:00:00,0.2985666666666667,0.3086666666666666,1.8326179798141937,0.34049228,0.36486724,0.36050612,0.3626867
2010-08-06 01:00:00,0.2807333333333333,0.2728333333333333,1.790277568011546,0.28280702,0.30818462,0.35376585,0.33097523
2010-08-06 02:00:00,0.2885,0.3272666666666666,1.6869062687713865,0.3439124,0.30218697,0.35147226,0.3268296
2010-08-06 03:00:00,1.2259,0.6917000000000001,1.6231323624718872,0.32461902,0.36303917,0.33361036,0.34832478
2010-08-06 04:00:00,0.3069333333333333,0.8628333333333333,1.6731903611702383,0.542662,0.4266265,0.3211993,0.3739129
2010-08-06 05:00:00,0.2977999999999999,0.3146333333333333,1.634215595591232,0.36053833,0.30365592,0.44488078,0.37426835
2010-08-06 06:00:00,0.2818333333333333,0.2312,1.9485933539526057,0.4924002,0.37638965,0.852098,0.6142438
2010-08-06 07:00:00,0.2632,0.2998333333333333,2.275748882922554,0.35827434,0.651195,1.2058204,0.9285077
2010-08-06 08:00:00,0.275,0.2988333333333333,2.5411698982195685,0.38892546,0.7232204,1.2507311,0.9869758
2010-08-06 09:00:00,0.2968,0.3189333333333333,2.47475522063341,0.4126281,0.5349108,1.1476557,0.84128326
2010-08-06 10:00:00,0.2746333333333333,0.2725666666666667,2.3247212842016074,0.32712376,0.42440742,1.0021651,0.7132863
2010-08-06 11:00:00,0.3009,0.2775666666666667,1.7429510093163463,0.37137938,0.39644167,0.88788265,0.64216214
2010-08-06 12:00:00,0.2164,0.2622,1.2028117445881856,0.32924116,0.33712175,0.8117682,0.57444495
2010-08-06 13:00:00,0.3241333333333333,0.3145666666666666,0.8822243967434809,0.26198947,0.4049524,0.7648326,0.5848925
2010-08-06 14:00:00,0.5978666666666667,0.2877,0.861855764680348,0.3404777,0.35725844,0.7107595,0.534009
2010-08-06 15:00:00,0.9192333333333332,0.9668666666666668,0.8566854908912709,0.5099068,0.6078139,0.6525471,0.6301805
2010-08-06 16:00:00,0.2670333333333333,0.5365333333333333,0.8513134668729188,0.36243972,0.55984443,0.6007625,0.58030343
2010-08-06 17:00:00,0.3032666666666667,0.3036,0.8648289202952161,0.35847306,0.39814544,0.6217816,0.5099635
2010-08-06 18:00:00,0.2873,0.3041999999999999,1.0034817983440876,0.37604156,0.483813,0.7604462,0.62212956
2010-08-06 19:00:00,0.2996999999999999,0.2853666666666666,1.2468527252631292,0.42455283,0.44864094,1.0861619,0.7674014
2010-08-06 20:00:00,0.2709,0.3356666666666666,2.1697613900801764,0.3497621,0.6944748,1.4119669,1.0532209
2010-08-06 21:00:00,0.2672,0.2085333333333333,2.4301369688480716,0.38466483,0.42086825,1.5766366,0.9987524
2010-08-06 22:00:00,0.3306333333333333,0.3188,2.281104161830852,0.37150165,0.565744,1.3545997,0.9601718
2010-08-06 23:00:00,0.2713,0.2903666666666666,1.8860032269693034,0.37173057,0.3738457,0.9115847,0.6427152
2010-08-07 00:00:00,0.2987,0.2985666666666667,1.8305382467191005,0.31806245,0.4218707,0.6126607,0.5172657
2010-08-07 01:00:00,0.2337666666666666,0.2807333333333333,1.788197834916453,0.28025135,0.35844326,0.52972335,0.4440833
2010-08-07 02:00:00,0.9127666666666666,0.2885,1.6848265356762935,0.2961225,0.31077096,0.45534593,0.38305843
2010-08-07 03:00:00,0.6713,1.2259,1.6210526293767942,0.29284146,0.39383745,0.3462928,0.37006512
2010-08-07 04:00:00,0.3227,0.3069333333333333,1.671110628075145,0.47821194,0.32531303,0.28420883,0.30476093
2010-08-07 05:00:00,0.2813,0.2977999999999999,1.632135862496139,0.351361,0.2934556,0.30912215,0.30128887
2010-08-07 06:00:00,0.2351333333333333,0.2818333333333333,1.9465136208575124,0.33842203,0.34377095,0.4929818,0.4183764
2010-08-07 07:00:00,0.306,0.2632,2.273669149827461,0.30603668,0.5099513,0.7802546,0.645103
2010-08-07 08:00:00,0.2949333333333333,0.275,2.5390901651244753,0.37368494,0.47040775,0.9730456,0.72172666
2010-08-07 09:00:00,0.3062333333333333,0.2968,2.4726754875383166,0.39089796,0.44739032,1.0296402,0.73851526
2010-08-07 10:00:00,0.2262666666666666,0.2746333333333333,2.322641551106514,0.36137214,0.51616395,1.0149876,0.76557577
2010-08-07 11:00:00,0.3064666666666667,0.3009,1.7408712762212533,0.30322886,0.585145,0.9744133,0.77977914
2010-08-07 12:00:00,0.2575,0.2164,1.2007320114930926,0.34558824,0.47651094,0.9476137,0.71206236
2010-08-07 13:00:00,0.3364,0.3241333333333333,0.8801446636483878,0.28709754,0.6201183,0.9381466,0.7791325
2010-08-07 14:00:00,0.8581333333333333,0.5978666666666667,0.859776031585255,0.5098572,0.7539681,0.9086669,0.83131754
2010-08-07 15:00:00,0.6198333333333333,0.9192333333333332,0.8546057577961779,0.5063493,0.8169213,0.8914085,0.8541649
2010-08-07 16:00:00,0.2899,0.2670333333333333,0.8492337337778257,0.5797515,0.66025543,0.8586715,0.7594634
2010-08-07 17:00:00,0.2991,0.3032666666666667,0.8627491872001231,0.37821636,0.59204966,0.8972248,0.74463725
2010-08-07 18:00:00,0.2804,0.2873,1.0014020652489943,0.36506298,0.6116574,1.0133342,0.81249577
2010-08-07 19:00:00,0.3393666666666667,0.2996999999999999,1.244772992168036,0.40815207,0.743546,1.1770687,0.96030736
2010-08-07 20:00:00,0.2285,0.2709,2.167681656985083,0.45419654,0.65211135,1.2901763,0.97114384
2010-08-07 21:00:00,0.2992666666666667,0.2672,2.428057235752979,0.27204219,0.6705897,1.2848735,0.9777316
2010-08-07 22:00:00,0.3097,0.3306333333333333,2.2790244287357586,0.34723383,0.7950306,1.120491,0.9577608
2010-08-07 23:00:00,0.2775999999999999,0.2713,1.8839234938742102,0.36714628,0.6081253,0.8707851,0.7394552
2010-08-08 00:00:00,0.3172666666666667,0.2987,1.8284585136240075,0.30932793,0.6033012,0.67126626,0.63728374
2010-08-08 01:00:00,0.285,0.2337666666666666,1.7861181018213599,0.3215546,0.40747783,0.5725322,0.49000502
2010-08-08 02:00:00,1.1826333333333332,0.9127666666666666,1.6827468025812005,0.4271562,0.46534485,0.49071765,0.47803125
2010-08-08 03:00:00,0.3200333333333333,0.6713,1.6189728962817012,0.3312858,0.4149323,0.4005971,0.4077647
2010-08-08 04:00:00,0.3169,0.3227,1.669030894980052,0.45132318,0.40067756,0.3308832,0.36578038
2010-08-08 05:00:00,0.2701666666666666,0.2813,1.6300561294010458,0.33075324,0.32906163,0.28284407,0.30595285
2010-08-08 06:00:00,0.3204666666666667,0.2351333333333333,1.9444338877624192,0.30387768,0.23127523,0.28162676,0.256451
2010-08-08 07:00:00,0.2682,0.306,2.271589416732368,0.362167,0.54537797,0.35323972,0.44930884
2010-08-08 08:00:00,0.2649,0.2949333333333333,2.5370104320293825,0.37019038,0.40629616,0.49887168,0.4525839
2010-08-08 09:00:00,0.2902333333333333,0.3062333333333333,2.4705957544432238,0.3277793,0.4992496,0.6625597,0.58090466
2010-08-08 10:00:00,0.3186333333333333,0.2262666666666666,2.3205618180114214,0.39197457,0.4149333,0.7786138,0.59677356
2010-08-08 11:00:00,0.2770666666666666,0.3064666666666667,1.73879154312616,0.41981578,0.6118208,0.8516864,0.7317536
2010-08-08 12:00:00,0.2422333333333333,0.2575,1.1986522783979996,0.3692025,0.5505907,0.88262564,0.71660817
2010-08-08 13:00:00,0.5302333333333333,0.3364,0.8780649305532948,0.2820104,0.690632,0.9247341,0.80768305
2010-08-08 14:00:00,1.0143,0.8581333333333333,0.8576962984901619,0.5218369,0.8256528,0.96499234,0.89532256
2010-08-08 15:00:00,0.3132666666666666,0.6198333333333333,0.8525260247010846,0.45061514,0.73398906,1.0084422,0.8712156
2010-08-08 16:00:00,0.2300666666666666,0.2899,0.8471540006827325,0.39153752,0.539395,1.076271,0.807833
2010-08-08 17:00:00,0.2929666666666666,0.2991,0.8606694541050298,0.31575143,0.51911,1.1433706,0.8312403
2010-08-08 18:00:00,0.2939,0.2804,0.9993223321539014,0.3525966,0.5484963,1.265813,0.9071547
2010-08-08 19:00:00,0.3342,0.3393666666666667,1.2426932590729431,0.44350424,0.8181763,1.3633802,1.0907782
2010-08-08 20:00:00,0.2095333333333333,0.2285,2.16560192388999,0.4062043,0.56513786,1.4180715,0.9916047
2010-08-08 21:00:00,0.3331,0.2992666666666667,2.4259775026578856,0.29298252,0.6984396,1.3777922,1.038116
2010-08-08 22:00:00,0.2691333333333333,0.3097,2.276944695640666,0.37132052,0.64126605,1.1746712,0.90796864
2010-08-08 23:00:00,0.3132333333333333,0.2775999999999999,1.8818437607791174,0.35107192,0.45361885,0.8908035,0.67221117
2010-08-09 00:00:00,0.2829666666666667,0.3172666666666667,1.8263787805289144,0.28719258,0.44301653,0.6725385,0.5577775
2010-08-09 01:00:00,0.8472666666666666,0.285,1.7840383687262666,0.3364396,0.33369023,0.336294,0.3349921
2010-08-09 02:00:00,0.6601666666666667,1.1826333333333332,1.6806670694861072,0.35979956,0.4173073,0.2931654,0.35523635
2010-08-09 03:00:00,0.3196,0.3200333333333333,1.616893163186608,0.45690432,0.36977592,0.23950672,0.3046413
2010-08-09 04:00:00,0.2962999999999999,0.3169,1.666951161884959,0.34180433,0.35680616,0.23959148,0.29819882
2010-08-09 05:00:00,0.2851333333333333,0.2701666666666666,1.6279763963059528,0.4038567,0.323868,0.35656625,0.3402171
2010-08-09 06:00:00,0.3177666666666666,0.3204666666666667,1.9423541546673264,0.38310564,0.53844166,0.67498964,0.6067157
2010-08-09 07:00:00,0.2921666666666667,0.2682,2.2695096836372746,0.47467586,0.7120422,1.0701063,0.89107424
2010-08-09 08:00:00,0.2481,0.2649,2.5349306989342892,0.37805754,0.5913837,1.1101341,0.8507589
2010-08-09 09:00:00,0.3048,0.2902333333333333,2.4685160213481305,0.30428904,0.5504412,0.92528903,0.7378651
2010-08-09 10:00:00,0.2981333333333333,0.3186333333333333,2.318482084916328,0.35676673,0.53822035,0.7505995,0.6444099
2010-08-09 11:00:00,0.2754666666666666,0.2770666666666666,1.736711810031067,0.29540762,0.48540223,0.61737686,0.5513896
2010-08-09 12:00:00,0.3330333333333333,0.2422333333333333,1.1965725453029064,0.32446206,0.3910568,0.5294586,0.4602577
2010-08-09 13:00:00,1.0964666666666667,0.5302333333333333,0.8759851974582016,0.38160652,0.5204959,0.41995126,0.47022358
2010-08-09 14:00:00,0.3942333333333333,1.0143,0.8556165653950687,0.60348827,0.62288195,0.36765307,0.4952675
2010-08-09 15:00:00,0.2846,0.3132666666666666,0.8504462916059916,0.4907046,0.4227515,0.33785176,0.38030162
2010-08-09 16:00:00,0.3208666666666666,0.2300666666666666,0.8450742675876395,0.34087604,0.36109442,0.3525617,0.35682806
2010-08-09 17:00:00,0.2699,0.2929666666666666,0.8585897210099368,0.39848748,0.38205725,0.41572618,0.39889172
2010-08-09 18:00:00,0.3022333333333333,0.2939,0.9972425990588082,0.42348048,0.43463662,0.57062227,0.50262946
2010-08-09 19:00:00,0.2678,0.3342,1.24061352597785,0.46795154,0.70440185,0.7783332,0.7413675
2010-08-09 20:00:00,0.3087999999999999,0.2095333333333333,2.163522190794897,0.38013563,0.41193178,0.9765893,0.69426054
2010-08-09 21:00:00,0.3081333333333333,0.3331,2.4238977695627923,0.36262438,0.689913,1.1638077,0.92686033
2010-08-09 22:00:00,0.3135666666666666,0.2691333333333333,2.2748649625455726,0.41089955,0.5864151,1.0908517,0.8386334
2010-08-09 23:00:00,0.2902333333333333,0.3132333333333333,1.8797640276840242,0.3323211,0.48754832,0.8066812,0.64711475
2010-08-10 00:00:00,0.3537666666666667,0.2829666666666667,1.8242990474338212,0.31077784,0.45585108,0.53401095,0.494931
2010-08-10 01:00:00,1.249,0.8472666666666666,1.7819586356311736,0.46754548,0.41648644,0.4242053,0.42034587
2010-08-10 02:00:00,0.2903666666666666,0.6601666666666667,1.6785873363910142,0.4130168,0.4693627,0.36501205,0.4171874
2010-08-10 03:00:00,0.2619333333333333,0.3196,1.614813430091515,0.32378852,0.3735569,0.2878067,0.3306818
2010-08-10 04:00:00,0.2945,0.2962999999999999,1.6648714287898658,0.3384014,0.2943492,0.25013697,0.27224308
2010-08-10 05:00:00,0.3137333333333333,0.2851333333333333,1.6258966632108598,0.40097147,0.29798666,0.32242018,0.31020343
2010-08-10 06:00:00,0.2842,0.3177666666666666,1.9402744215722332,0.41789258,0.60570943,0.6174981,0.61160374
2010-08-10 07:00:00,0.3331666666666667,0.2921666666666667,2.2674299505421818,0.41080663,0.75832325,1.1082544,0.9332888
2010-08-10 08:00:00,0.2579666666666667,0.2481,2.532850965839196,0.4223554,0.532067,1.218914,0.87549055
2010-08-10 09:00:00,0.3389666666666667,0.3048,2.4664362882530373,0.33658528,0.59166014,1.0750773,0.8333687
2010-08-10 10:00:00,0.2587333333333333,0.2981333333333333,2.316402351821235,0.40085053,0.5335192,0.9514586,0.74248886
2010-08-10 11:00:00,0.2742,0.2754666666666666,1.734632076935974,0.3257182,0.4958943,0.8240328,0.65996355
2010-08-10 12:00:00,0.4379,0.3330333333333333,1.1944928122078133,0.30619428,0.52149373,0.66378164,0.59263766
2010-08-10 13:00:00,1.1548666666666667,1.0964666666666667,0.8739054643631086,0.5318685,0.67182815,0.49724948,0.5845388
2010-08-10 14:00:00,0.2911,0.3942333333333333,0.8535368322999757,0.4580694,0.5576273,0.29491782,0.42627257
2010-08-10 15:00:00,0.3003666666666667,0.2846,0.8483665585108986,0.32288086,0.38841826,0.20836258,0.29839042
2010-08-10 16:00:00,0.3249,0.3208666666666666,0.8429945344925465,0.2881874,0.59092915,0.22678721,0.40885818
2010-08-10 17:00:00,0.2845,0.2699,0.8565099879148438,0.436439,0.39354968,0.2466346,0.32009214
2010-08-10 18:00:00,0.3223333333333333,0.3022333333333333,0.9951628659637152,0.4188396,0.4956283,0.42840505,0.46201667
2010-08-10 19:00:00,0.2620333333333333,0.2678,1.2385337928827567,0.5430504,0.6165531,0.7132432,0.66489816
2010-08-10 20:00:00,0.2996999999999999,0.3087999999999999,2.161442457699804,0.37818554,0.7775836,0.96761477,0.8725992
2010-08-10 21:00:00,0.2843,0.3081333333333333,2.421818036467699,0.3547644,0.7283473,1.084506,0.90642667
2010-08-10 22:00:00,0.3303,0.3135666666666666,2.2727852294504793,0.3579215,0.7287112,0.9367849,0.83274806
2010-08-10 23:00:00,0.2764666666666667,0.2902333333333333,1.877684294588931,0.33937156,0.46122006,0.6421032,0.5516616
2010-08-11 00:00:00,0.4366333333333333,0.3537666666666667,1.8222193143387282,0.34070647,0.46715853,0.42573988,0.44644922
2010-08-11 01:00:00,1.1349333333333331,1.249,1.7798789025360804,0.5123249,0.46897128,0.37533313,0.42215222
2010-08-11 02:00:00,0.3216,0.2903666666666666,1.6765076032959212,0.16654678,0.37725684,0.35579437,0.3665256
2010-08-11 03:00:00,0.2757666666666666,0.2619333333333333,1.6127336969964219,0.35554442,0.37253365,0.31247616,0.34250492
2010-08-11 04:00:00,0.327,0.2945,1.6627916956947728,0.2975904,0.30901372,0.29613924,0.30257648
2010-08-11 05:00:00,0.2411333333333333,0.3137333333333333,1.6238169301157666,0.3652541,0.36456892,0.39703828,0.38080359
2010-08-11 06:00:00,0.2839,0.2842,1.93819468847714,0.30575386,0.57877016,0.793154,0.6859621
2010-08-11 07:00:00,0.3261,0.3331666666666667,2.2653502174470885,0.378381,0.710676,1.2402025,0.9754393
2010-08-11 08:00:00,0.2825666666666667,0.2579666666666667,2.5307712327441028,0.43589154,0.6012478,1.2567744,0.9290111
2010-08-11 09:00:00,0.3212,0.3389666666666667,2.4643565551579445,0.37119174,0.65887934,1.0693512,0.86411524
2010-08-11 10:00:00,0.2798,0.2587333333333333,2.314322618726142,0.39811882,0.51543975,0.88295656,0.6991981
2010-08-11 11:00:00,0.3235,0.2742,1.7325523438408807,0.35994068,0.5262918,0.7339986,0.6301452
2010-08-11 12:00:00,0.4844333333333333,0.4379,1.1924130791127203,0.39051938,0.6335495,0.63225144,0.6329005
2010-08-11 13:00:00,1.0255666666666667,1.1548666666666667,0.8718257312680155,0.42030635,0.7377873,0.50041956,0.61910343
2010-08-11 14:00:00,0.2878,0.2911,0.8514570992048827,0.30892816,0.44798702,0.38566375,0.41682538
2010-08-11 15:00:00,0.3007666666666667,0.3003666666666667,0.8462868254158054,0.34232873,0.41699633,0.3326857,0.37484103
2010-08-11 16:00:00,0.2864666666666666,0.3249,0.8409148013974532,0.31002203,0.47872925,0.3149168,0.39682302
2010-08-11 17:00:00,0.3285,0.2845,0.8544302548197505,0.38852802,0.40732235,0.35543972,0.38138103
2010-08-11 18:00:00,0.2832,0.3223333333333333,0.9930831328686222,0.45724827,0.48752084,0.50692993,0.4972254
2010-08-11 19:00:00,0.3189333333333333,0.2620333333333333,1.2364540597876639,0.443465,0.5821147,0.8718988,0.72700673
2010-08-11 20:00:00,0.2576666666666666,0.2996999999999999,2.159362724604711,0.44417396,0.72006667,1.2812787,1.0006727
2010-08-11 21:00:00,0.2954666666666667,0.2843,2.419738303372606,0.32384625,0.62434995,1.4072464,1.0157981
2010-08-11 22:00:00,0.3141666666666667,0.3303,2.2707054963553865,0.35317108,0.6521255,1.1292232,0.89067435
2010-08-11 23:00:00,0.2962666666666667,0.2764666666666667,1.8756045614938381,0.3452941,0.4311881,0.7232736,0.5772308
2010-08-12 00:00:00,0.6167333333333332,0.4366333333333333,1.8201395812436352,0.33976844,0.45657682,0.44885212,0.45271447
2010-08-12 01:00:00,0.9415,1.1349333333333331,1.7777991694409874,0.41775504,0.5309385,0.3552242,0.44308135
2010-08-12 02:00:00,0.2776333333333333,0.3216,1.674427870200828,0.2851523,0.33411047,0.336905,0.33550775
2010-08-12 03:00:00,0.2701333333333334,0.2757666666666666,1.6106539639013286,0.31718022,0.27226508,0.29858977,0.28542742
2010-08-12 04:00:00,0.3089,0.327,1.6607119625996796,0.35621572,0.32433668,0.25948846,0.29191256
2010-08-12 05:00:00,0.2885999999999999,0.2411333333333333,1.6217371970206735,0.32765523,0.27778795,0.38391733,0.33085263
2010-08-12 06:00:00,0.3115333333333333,0.2839,1.9361149553820471,0.40299356,0.5086111,1.0048093,0.7567102
2010-08-12 07:00:00,0.2803666666666666,0.3261,2.2632704843519953,0.41418093,0.8075703,1.4058146,1.1066924
2010-08-12 08:00:00,0.2598666666666667,0.2825666666666667,2.52869149964901,0.40561396,0.68815905,1.2076579,0.9479085
2010-08-12 09:00:00,0.3069333333333333,0.3212,2.4622768220628513,0.33046037,0.50698256,0.9490753,0.7280289
2010-08-12 10:00:00,0.2762,0.2798,2.312242885631049,0.34893218,0.4486542,0.75794435,0.60329926
2010-08-12 11:00:00,0.3204,0.3235,1.7304726107457877,0.34958652,0.4871546,0.6906644,0.5889095
2010-08-12 12:00:00,0.7539333333333335,0.4844333333333333,1.190333346017627,0.35065818,0.54912513,0.61463356,0.5818794
2010-08-12 13:00:00,0.7424,1.0255666666666667,0.8697459981729223,0.4384636,0.6729802,0.58013237,0.6265563
2010-08-12 14:00:00,0.2872,0.2878,0.8493773661097894,0.39697823,0.3787942,0.5411891,0.45999163
2010-08-12 15:00:00,0.3151,0.3007666666666667,0.8442070923207123,0.33697426,0.35485482,0.48192626,0.41839054
2010-08-12 16:00:00,0.2699,0.2864666666666666,0.8388350683023602,0.33598214,0.36900988,0.42465103,0.39683044
2010-08-12 17:00:00,0.3038,0.3285,0.8523505217246575,0.39533916,0.39071035,0.41883385,0.4047721
2010-08-12 18:00:00,0.2460666666666666,0.2832,0.9910033997735289,0.39000273,0.4107788,0.5329026,0.47184068
2010-08-12 19:00:00,0.3109666666666666,0.3189333333333333,1.2343743266925706,0.39871,0.57652414,0.8817074,0.7291157
2010-08-12 20:00:00,0.3054666666666666,0.2576666666666666,2.157282991509618,0.37167862,0.51415765,1.2424662,0.87831193
2010-08-12 21:00:00,0.3128666666666667,0.2954666666666667,2.417658570277513,0.4146151,0.6152307,1.4163275,1.015779
2010-08-12 22:00:00,0.2614333333333333,0.3141666666666667,2.2686257632602933,0.3766869,0.6392728,1.1321629,0.88571787
2010-08-12 23:00:00,0.2603666666666667,0.2962666666666667,1.873524828398745,0.31600285,0.42643696,0.63969094,0.53306395
2010-08-13 00:00:00,1.0248666666666666,0.6167333333333332,1.818059848148542,0.35022697,0.3965529,0.38029295,0.3884229
2010-08-13 01:00:00,0.5477666666666666,0.9415,1.7757194363458944,0.21814786,0.4819084,0.36331207,0.42261022
2010-08-13 02:00:00,0.3143,0.2776333333333333,1.672348137105735,0.43855298,0.27716804,0.36147153,0.31931978
2010-08-13 03:00:00,0.2271333333333333,0.2701333333333334,1.6085742308062356,0.24909626,0.20826547,0.33428127,0.27127337
2010-08-13 04:00:00,0.3107333333333333,0.3089,1.6586322295045866,0.31900424,0.30440435,0.31458777,0.30949605
2010-08-13 05:00:00,0.2627333333333333,0.2885999999999999,1.6196574639255805,0.33970535,0.24153574,0.4213394,0.33143756
2010-08-13 06:00:00,0.3304999999999999,0.3115333333333333,1.934035222286954,0.38698262,0.47799742,0.8384311,0.6582143
2010-08-13 07:00:00,0.2691666666666666,0.2803666666666666,2.2611907512569025,0.45817232,0.7304753,1.2496834,0.99007934
2010-08-13 08:00:00,0.2537666666666667,0.2598666666666667,2.5266117665539167,0.39682886,0.7055578,1.2827338,0.9941458
2010-08-13 09:00:00,0.3145333333333333,0.3069333333333333,2.460197088967758,0.31774026,0.5322194,1.1584204,0.8453199
2010-08-13 10:00:00,0.2759999999999999,0.2762,2.3101631525359556,0.42014018,0.44732887,1.0061479,0.72673833
2010-08-13 11:00:00,0.3081,0.3204,1.7283928776506945,0.36639193,0.50451,0.845989,0.67524946
2010-08-13 12:00:00,1.1694,0.7539333333333335,1.188253612922534,0.39188164,0.60243934,0.7425655,0.6725024
2010-08-13 13:00:00,0.3408333333333333,0.7424,0.8676662650778293,0.66896194,0.63223505,0.66353685,0.6478859
2010-08-13 14:00:00,0.2553333333333333,0.2872,0.8472976330146964,0.3853257,0.39768285,0.6339433,0.5158131
2010-08-13 15:00:00,0.3295,0.3151,0.8421273592256193,0.31993195,0.43120837,0.5940194,0.5126139
2010-08-13 16:00:00,0.2618,0.2699,0.8367553352072672,0.33292976,0.3549952,0.55950475,0.45724997
2010-08-13 17:00:00,0.2516,0.3038,0.8502707886295645,0.33440843,0.36993602,0.56516343,0.46754974
2010-08-13 18:00:00,0.3005,0.2460666666666666,0.9889236666784359,0.32290876,0.32294014,0.65490824,0.4889242
2010-08-13 19:00:00,0.2965333333333333,0.3109666666666666,1.2322945935974774,0.48856056,0.62012655,0.91828775,0.7692071
2010-08-13 20:00:00,0.2919,0.3054666666666666,2.1552032584145246,0.3950028,0.6653548,1.2790936,0.97222424
2010-08-13 21:00:00,0.2528333333333333,0.3128666666666667,2.41557883718242,0.4259389,0.73338956,1.5164582,1.1249238
2010-08-13 22:00:00,0.3019333333333333,0.2614333333333333,2.2665460301652,0.31415123,0.549006,1.2621223,0.9055641
2010-08-13 23:00:00,0.4131333333333333,0.2603666666666667,1.8714450953036517,0.3337702,0.37482116,0.7731565,0.57398885
2010-08-14 00:00:00,1.1578000000000002,1.0248666666666666,1.815980115053449,0.52797323,0.4821762,0.48187256,0.48202437
2010-08-14 01:00:00,0.2223,0.5477666666666666,1.7736397032508011,0.17209221,0.4083203,0.43905962,0.42368996
2010-08-14 02:00:00,0.2961,0.3143,1.670268404010642,0.30664867,0.3334112,0.43188637,0.38264877
2010-08-14 03:00:00,0.283,0.2271333333333333,1.6064944977111426,0.28927508,0.26392698,0.36323017,0.31357858
2010-08-14 04:00:00,0.3174,0.3107333333333333,1.6565524964094935,0.35474232,0.31375346,0.33377784,0.32376564
2010-08-14 05:00:00,0.2003333333333333,0.2627333333333333,1.6175777308304873,0.34760764,0.29271433,0.38099492,0.33685464
2010-08-14 06:00:00,0.3201,0.3304999999999999,1.9319554891918607,0.27032122,0.40453073,0.6263478,0.5154393
2010-08-14 07:00:00,0.2679333333333333,0.2691666666666666,2.2591110181618093,0.4315401,0.60340154,1.0120902,0.8077459
2010-08-14 08:00:00,0.3122999999999999,0.2537666666666667,2.524532033458824,0.37843055,0.61174506,1.2306349,0.92119
2010-08-14 09:00:00,0.2116333333333333,0.3145333333333333,2.458117355872665,0.37842456,0.63227916,1.2638906,0.9480849
2010-08-14 10:00:00,0.3190333333333333,0.2759999999999999,2.308083419440863,0.31180328,0.56566256,1.2135328,0.88959765
2010-08-14 11:00:00,0.7287,0.3081,1.7263131445556015,0.39940318,0.6546724,1.1812378,0.9179551
2010-08-14 12:00:00,0.7658333333333333,1.1694,1.186173879827441,0.568595,0.90179133,1.1883,1.0450456
2010-08-14 13:00:00,0.2958666666666666,0.3408333333333333,0.8655865319827363,0.4474017,0.6623454,1.2155844,0.9389649
2010-08-14 14:00:00,0.2793333333333334,0.2553333333333333,0.8452178999196034,0.37848914,0.592643,1.2263786,0.9095108
2010-08-14 15:00:00,0.2941,0.3295,0.8400476261305261,0.3402095,0.6886259,1.176848,0.932737
2010-08-14 16:00:00,0.2379,0.2618,0.834675602112174,0.3445746,0.57228,1.1190383,0.84565914
2010-08-14 17:00:00,0.2874,0.2516,0.8481910555344713,0.2818015,0.5577328,1.097234,0.8274834
2010-08-14 18:00:00,0.2868,0.3005,0.9868439335833429,0.35744393,0.5862043,1.1263827,0.8562935
2010-08-14 19:00:00,0.2719333333333333,0.2965333333333333,1.2302148605023846,0.40843186,0.68168783,1.290265,0.9859764
2010-08-14 20:00:00,0.2736,0.2919,2.1531235253194314,0.33578882,0.6697138,1.6428492,1.1562815
2010-08-14 21:00:00,0.3038333333333333,0.2528333333333333,2.413499104087327,0.37262633,0.6359454,1.8303033,1.2331244
2010-08-14 22:00:00,0.2902333333333333,0.3019333333333333,2.2644662970701073,0.34707505,0.6249273,1.6745923,1.1497598
2010-08-14 23:00:00,1.0143666666666666,0.4131333333333333,1.8693653622085589,0.40861464,0.7143764,1.2347279,0.97455215
2010-08-15 00:00:00,0.4765666666666667,1.1578000000000002,1.813900381958356,0.3015708,0.7041571,0.8913863,0.7977717
2010-08-15 01:00:00,0.3296,0.2223,1.771559970155708,0.440068,0.40879586,0.7179779,0.56338686
2010-08-15 02:00:00,0.2583333333333333,0.2961,1.6681886709155487,0.25123832,0.4113922,0.6070187,0.50920546
2010-08-15 03:00:00,0.252,0.283,1.6044147646160494,0.34766495,0.40326867,0.50451684,0.45389277
2010-08-15 04:00:00,0.2822333333333333,0.3174,1.6544727633144003,0.26860547,0.3817767,0.43566334,0.40872002
2010-08-15 05:00:00,0.3090666666666666,0.2003333333333333,1.6154979977353943,0.3213667,0.3113074,0.39226186,0.35178465
2010-08-15 06:00:00,0.2648666666666666,0.3201,1.9298757560967679,0.31872973,0.3440797,0.38452518,0.36430246
2010-08-15 07:00:00,0.2644333333333333,0.2679333333333333,2.257031285066716,0.31358844,0.43437693,0.43620682,0.4352919
2010-08-15 08:00:00,0.2802666666666666,0.3122999999999999,2.5224523003637307,0.32211375,0.4869667,0.55934703,0.5231569
2010-08-15 09:00:00,0.294,0.2116333333333333,2.456037622777572,0.3794229,0.42673698,0.7211958,0.5739664
2010-08-15 10:00:00,0.3477333333333333,0.3190333333333333,2.3060036863457696,0.34220463,0.61063975,0.8463745,0.72850716
2010-08-15 11:00:00,1.2265666666666668,0.7287,1.7242334114605085,0.7045954,0.8847868,0.95054036,0.9176636
2010-08-15 12:00:00,0.2900666666666666,0.7658333333333333,1.1840941467323478,0.9193293,0.95646584,1.0007623,0.9786141
2010-08-15 13:00:00,0.3015,0.2958666666666666,0.863506798887643,0.33033824,0.5996307,1.0361089,0.8178698
2010-08-15 14:00:00,0.9983333333333332,0.2793333333333334,0.8431381668245101,0.39339906,0.63645756,1.0981451,0.86730134
2010-08-15 15:00:00,0.4085,0.2941,0.8379678930354331,1.6241981,0.5765968,1.1825396,0.8795682
2010-08-15 16:00:00,1.8561,0.2379,0.8325958690170809,0.6286644,0.59445715,1.2706742,0.9325657
2010-08-15 17:00:00,1.9023,0.2874,0.8461113224393783,1.6152006,0.6002763,1.4332823,1.0167793
2010-08-15 18:00:00,2.1767,0.2868,0.9847642004882496,1.6871363,0.6769926,1.5938501,1.1354214
2010-08-15 19:00:00,0.9298666666666668,0.2719333333333333,1.2281351274072914,2.2856653,0.750123,1.779983,1.265053
2010-08-15 20:00:00,1.2045,0.2736,2.1510437922243386,1.4086242,0.7359151,1.8152604,1.2755878
2010-08-15 21:00:00,0.9719666666666666,0.3038333333333333,2.411419370992234,1.4665625,1.0077058,1.6423274,1.3250166
2010-08-15 22:00:00,1.4498666666666666,0.2902333333333333,2.262386563975014,1.0169033,0.71334857,1.2953824,1.0043654
2010-08-15 23:00:00,0.5244,1.0143666666666666,1.8672856291134656,0.7278019,0.7969146,1.0125175,0.904716
2010-08-16 00:00:00,0.2976333333333333,0.4765666666666667,1.8118206488632627,0.4684938,0.563855,0.860985,0.71242
2010-08-16 01:00:00,0.3329333333333333,0.3296,1.769480237060615,0.35332385,0.38837504,0.41496205,0.40166855
2010-08-16 02:00:00,0.2638666666666666,0.2583333333333333,1.6661089378204557,0.32057607,0.32668808,0.40136558,0.36402684
2010-08-16 03:00:00,0.3024666666666666,0.252,1.6023350315209564,0.34108764,0.34684122,0.36741728,0.35712925
2010-08-16 04:00:00,0.3185666666666666,0.2822333333333333,1.6523930302193073,0.2950478,0.38390362,0.31764203,0.35077283
2010-08-16 05:00:00,0.3097,0.3090666666666666,1.6134182646403012,0.4038032,0.3670973,0.35854608,0.3628217
2010-08-16 06:00:00,0.2612,0.2648666666666666,1.9277960230016746,0.5744093,0.5883781,0.75568414,0.6720311
2010-08-16 07:00:00,0.9650666666666666,0.2644333333333333,2.2549515519716232,0.52855307,0.7931812,1.4238055,1.1084933
2010-08-16 08:00:00,1.5165666666666666,0.2802666666666666,2.5203725672686375,0.88670945,0.8019194,1.6189685,1.210444
2010-08-16 09:00:00,1.3763333333333334,0.294,2.4539578896824787,1.2898493,0.7328397,1.3743981,1.0536189
2010-08-16 10:00:00,1.3420333333333334,0.3477333333333333,2.3039239532506763,1.2074559,0.74672115,1.1407619,0.9437415
2010-08-16 11:00:00,0.2498,1.2265666666666668,1.7221536783654152,1.1330479,0.9505068,0.9741826,0.9623447
2010-08-16 12:00:00,0.4827333333333333,0.2900666666666666,1.1820144136372548,0.2964468,0.56972605,0.8228101,0.6962681
2010-08-16 13:00:00,0.7548,0.3015,0.86142706579255,0.7515372,0.58841795,0.62364066,0.6060293
2010-08-16 14:00:00,0.8666,0.9983333333333332,0.8410584337294171,0.71442693,0.7346487,0.6476004,0.69112456
2010-08-16 15:00:00,0.3209,0.4085,0.8358881599403398,0.58712226,0.7583169,0.60861576,0.6834663
2010-08-16 16:00:00,0.8527333333333333,1.8561,0.8305161359219879,0.42468616,0.89282656,0.6507185,0.7717725
2010-08-16 17:00:00,0.6712333333333333,1.9023,0.8440315893442852,0.5312906,0.7440596,0.734084,0.73907185
2010-08-16 18:00:00,0.7438333333333333,2.1767,0.9826844673931566,0.76535374,0.953547,0.8658397,0.90969336
2010-08-16 19:00:00,1.0497333333333334,0.9298666666666668,1.2260553943121981,0.75600934,1.1706274,1.2401712,1.2053993
2010-08-16 20:00:00,1.4753333333333332,1.2045,2.1489640591292454,1.3263426,1.2214061,1.6498089,1.4356074
2010-08-16 21:00:00,1.2868333333333335,0.9719666666666666,2.4093396378971406,1.6397702,1.3366643,1.787477,1.5620706
2010-08-16 22:00:00,1.5521666666666667,1.4498666666666666,2.260306830879921,1.2452779,1.3362551,1.3122548,1.324255
2010-08-16 23:00:00,1.235766666666667,0.5244,1.8652058960183724,1.1715394,0.8494509,0.70088136,0.77516615
2010-08-17 00:00:00,1.0600666666666667,0.2976333333333333,1.8097409157681696,0.99331826,0.48285076,0.4371459,0.4599983
2010-08-17 01:00:00,1.0796333333333334,0.3329333333333333,1.7674005039655218,0.77012527,0.3556981,0.36795408,0.3618261
2010-08-17 02:00:00,0.8246666666666667,0.2638666666666666,1.6640292047253626,0.6927597,0.36627176,0.35523653,0.36075413
2010-08-17 03:00:00,0.7446666666666667,0.3024666666666666,1.6002552984258633,0.5536218,0.38162822,0.31442523,0.34802672
2010-08-17 04:00:00,0.8127666666666666,0.3185666666666666,1.6503132971242143,0.6047001,0.40734312,0.30188817,0.35461563
2010-08-17 05:00:00,0.8006,0.3097,1.611338531545208,0.61296564,0.4194638,0.37680107,0.39813244
2010-08-17 06:00:00,0.7530666666666667,0.2612,1.9257162899065814,0.9609842,0.5493548,0.7433703,0.64636254
2010-08-17 07:00:00,1.0798666666666668,0.9650666666666666,2.25287181887653,1.126243,1.18942,1.441294,1.315357
2010-08-17 08:00:00,1.140966666666667,1.5165666666666666,2.518292834173544,1.4011179,1.3735529,1.6570207,1.5152868
2010-08-17 09:00:00,1.8965333333333336,1.3763333333333334,2.451878156587386,0.80203027,1.0167415,1.4748203,1.245781
2010-08-17 10:00:00,1.3446333333333331,1.3420333333333334,2.3018442201555835,1.4528879,1.0568771,1.3365985,1.1967378
2010-08-17 11:00:00,0.7785333333333334,0.2498,1.7200739452703222,1.1854501,0.65451086,1.2413228,0.9479168
2010-08-17 12:00:00,0.2910666666666666,0.4827333333333333,1.1799346805421618,0.7161482,0.70279384,1.1504391,0.9266165
2010-08-17 13:00:00,0.4182333333333333,0.7548,0.859347332697457,0.3415668,0.7664525,0.9945181,0.8804853
2010-08-17 14:00:00,0.3371666666666666,0.8666,0.8389787006343241,0.4731588,0.6643601,0.7833694,0.7238648
2010-08-17 15:00:00,0.3581666666666667,0.3209,0.8338084268452468,0.41597947,0.59571975,0.6442321,0.6199759
2010-08-17 16:00:00,0.7672333333333333,0.8527333333333333,0.8284364028268947,0.42517534,0.79783624,0.59323347,0.6955348
2010-08-17 17:00:00,0.3180666666666666,0.6712333333333333,0.841951856249192,0.5110806,0.67082655,0.69596934,0.68339795
2010-08-17 18:00:00,0.2351666666666667,0.7438333333333333,0.9806047342980634,0.59501034,0.82601315,0.85179406,0.8389036
2010-08-17 19:00:00,0.3628,1.0497333333333334,1.2239756612171053,0.669969,1.14676,1.190078,1.168419
2010-08-17 20:00:00,0.8698666666666667,1.4753333333333332,2.1468843260341526,0.6935467,1.4383913,1.5481886,1.49329
2010-08-17 21:00:00,0.888,1.2868333333333335,2.4072599048020473,1.2843584,1.4656829,1.6679573,1.5668201
2010-08-22 21:00:00,0.712,1.5521666666666667,2.258227097784828,1.3180017,1.6758045,1.2321507,1.4539776
2010-08-22 22:00:00,0.8115333333333333,1.235766666666667,1.8631261629232796,1.0810114,1.0797907,0.8365092,0.95814997
2010-08-22 23:00:00,0.3643666666666666,1.0600666666666667,1.8076611826730766,0.7029305,0.7476041,0.6296464,0.6886252
2010-08-23 00:00:00,0.3487,1.0796333333333334,1.7653207708704288,0.35820866,0.4900682,0.563228,0.5266481
2010-08-23 01:00:00,0.3358666666666667,0.8246666666666667,1.6619494716302694,0.36855707,0.38729456,0.20586449,0.29657954
2010-08-23 02:00:00,0.3663,0.7446666666666667,1.59817556533077,0.38537875,0.4246657,0.19709933,0.3108825
2010-08-23 03:00:00,0.7253000000000001,0.8127666666666666,1.648233564029121,0.37551114,0.43031543,0.15236902,0.29134223
2010-08-23 04:00:00,0.7053666666666667,0.8006,1.609258798450115,0.42334074,0.41630188,0.124171436,0.27023667
2010-08-23 05:00:00,0.3243666666666666,0.7530666666666667,1.9236365568114886,0.37333357,0.39186403,0.18218982,0.28702694
2010-08-23 06:00:00,0.3664,1.0798666666666668,2.2507920857814367,0.76461065,0.7340175,0.46081257,0.59741503
2010-08-23 07:00:00,1.3092666666666666,1.140966666666667,2.516213101078451,0.70829195,1.0273299,0.9671595,0.9972447
2010-08-23 08:00:00,1.4589,1.8965333333333336,2.4497984234922927,1.0154471,1.1861553,1.2465379,1.2163466
2010-08-23 09:00:00,0.6013666666666667,1.3446333333333331,2.2997644870604903,1.2295713,0.9202796,1.0619246,0.9911021
2010-08-23 10:00:00,0.3686999999999999,0.7785333333333334,1.7179942121752292,0.609996,0.7141102,0.7827389,0.74842453
2010-08-23 11:00:00,0.3399999999999999,0.2910666666666666,1.1778549474470685,0.53140235,0.61967707,0.59926605,0.60947156
2010-08-23 12:00:00,0.3449,0.4182333333333333,0.8572675996023638,0.4642165,0.87826157,0.52646506,0.7023633
2010-08-23 13:00:00,0.3479333333333333,0.3371666666666666,0.8368989675392309,0.41808587,0.57577366,0.5083168,0.54204524
2010-08-23 14:00:00,0.3176666666666666,0.3581666666666667,0.8317286937501538,0.36077085,0.54909116,0.5101635,0.5296273
2010-08-23 15:00:00,0.3702333333333333,0.7672333333333333,0.8263566697318017,0.3972886,0.5340077,0.32834452,0.43117613
2010-08-23 16:00:00,0.3078333333333333,0.3180666666666666,0.839872123154099,0.37531853,0.4636097,0.29397494,0.37879232
2010-08-23 17:00:00,0.3748333333333333,0.2351666666666667,0.9785250012029704,0.44212365,0.3653634,0.3662786,0.365821
2010-08-23 18:00:00,0.9786666666666668,0.3628,1.221895928122012,0.5109133,0.7366593,0.49875462,0.61770695
2010-08-23 19:00:00,0.4583333333333333,0.8698666666666667,2.1448045929390593,0.6489702,1.0030807,0.6693462,0.83621347
2010-08-23 20:00:00,0.5619999999999999,0.888,2.4051801717069545,0.76369524,1.1492434,0.8274572,0.9883503
2010-08-23 21:00:00,0.6539333333333333,0.712,2.2561473646897348,0.9078009,1.2668815,0.9295391,1.0982103
2010-08-23 22:00:00,0.4662333333333333,0.8115333333333333,1.8610464298281864,0.78963214,1.0627416,0.8525799,0.9576608
2010-08-23 23:00:00,0.3278666666666667,0.3643666666666666,1.8055814495779834,0.5277304,0.60373724,0.618383,0.61106014
2010-08-24 00:00:00,0.3574,0.3487,1.7632410377753356,0.35844502,0.61801326,0.46112925,0.5395713
2010-08-24 01:00:00,0.3172333333333333,0.3358666666666667,1.6598697385351764,0.34200355,0.43982363,0.39611417,0.4179689
2010-08-24 02:00:00,0.3532666666666666,0.3663,1.596095832235677,0.41525817,0.40527618,0.37392098,0.38959858
2010-08-24 03:00:00,0.3014666666666666,0.7253000000000001,1.646153830934028,0.37158436,0.4079853,0.32655948,0.36727238
2010-08-24 04:00:00,0.3601,0.7053666666666667,1.607179065355022,0.39111814,0.39766058,0.30223656,0.34994859
2010-08-24 05:00:00,0.6707000000000001,0.3243666666666666,1.9215568237163954,0.37516314,0.3902691,0.3903777,0.3903234
2010-08-24 06:00:00,0.716,0.3664,2.248712352686344,0.59573865,0.65166205,0.78344333,0.71755266
2010-08-24 07:00:00,0.996,1.3092666666666666,2.514133367983358,0.8024263,1.104807,1.2607037,1.1827554
2010-08-24 08:00:00,1.4222333333333337,1.4589,2.4477186903971995,0.6578634,1.1743962,1.2902385,1.2323173
2010-08-24 09:00:00,0.7737333333333333,0.6013666666666667,2.297684753965397,1.1182798,0.7862443,1.1436974,0.9649708
2010-08-24 10:00:00,0.346,0.3686999999999999,1.715914479080136,0.47677046,0.7082096,1.0011082,0.85465884
2010-08-24 11:00:00,0.3498666666666666,0.3399999999999999,1.1757752143519755,0.47221982,0.6653972,0.86278427,0.7640908
2010-08-24 12:00:00,0.3287666666666666,0.3449,0.8551878665072707,0.43328926,0.6444883,0.7084131,0.6764507
2010-08-24 13:00:00,0.3661333333333333,0.3479333333333333,0.8348192344441379,0.4050034,0.55203766,0.60618407,0.57911086
2010-08-24 14:00:00,0.3101,0.3176666666666666,0.8296489606550606,0.3486003,0.5549685,0.494017,0.52449274
2010-08-24 15:00:00,0.3254333333333333,0.3702333333333333,0.8242769366367086,0.41015974,0.5813094,0.44359434,0.5124519
2010-08-24 16:00:00,0.3030666666666667,0.3078333333333333,0.837792390059006,0.36106572,0.5320686,0.42358488,0.47782674
2010-08-24 17:00:00,0.3684,0.3748333333333333,0.9764452681078774,0.4006447,0.6112914,0.4950909,0.5531912
2010-08-24 18:00:00,0.9464,0.9786666666666668,1.2198161950269188,0.6408901,0.8000313,0.74337006,0.7717007
2010-08-24 19:00:00,0.3782333333333333,0.4583333333333333,2.142724859843966,0.6687526,0.8388549,1.0652319,0.9520434
2010-08-24 20:00:00,0.347,0.5619999999999999,2.4031004386118613,0.6615375,0.9103823,1.3545772,1.1324797
2010-08-24 21:00:00,0.3744333333333333,0.6539333333333333,2.2540676315946415,0.6764066,0.9532116,1.4226795,1.1879456
2010-08-24 22:00:00,0.6837,0.4662333333333333,1.8589666967330931,0.458508,0.8694297,1.011683,0.94055635
2010-08-24 23:00:00,0.3534666666666667,0.3278666666666667,1.8035017164828904,0.63436997,0.56803375,0.550386,0.5592099
2010-08-25 00:00:00,0.3427,0.3574,1.7611613046802426,0.39753923,0.50075173,0.34901422,0.42488298
2010-08-25 01:00:00,0.3297666666666667,0.3172333333333333,1.6577900054400834,0.3473453,0.42030883,0.32403398,0.3721714
2010-08-25 02:00:00,0.3562666666666667,0.3532666666666666,1.594016099140584,0.41202414,0.3743975,0.3134787,0.3439381
2010-08-25 03:00:00,0.3103666666666667,0.3014666666666666,1.644074097838935,0.33312014,0.3645248,0.29426062,0.32939273
2010-08-25 04:00:00,0.8391,0.3601,1.6050993322599287,0.42111367,0.3818262,0.2763437,0.32908493
2010-08-25 05:00:00,0.5518,0.6707000000000001,1.9194770906213021,0.35524338,0.38731295,0.38631576,0.38681436
2010-08-25 06:00:00,0.3571999999999999,0.716,2.2466326195912507,0.64997786,0.6525511,0.8542149,0.75338304
2010-08-25 07:00:00,1.1821333333333333,0.996,2.5120536348882654,0.6367702,1.1588912,1.3736037,1.2662475
2010-08-25 08:00:00,1.8391333333333333,1.4222333333333337,2.4456389573021067,0.7904728,1.2519653,1.3189472,1.2854562
2010-08-25 09:00:00,1.5416666666666667,0.7737333333333333,2.2956050208703043,1.4713475,0.9078205,1.1184485,1.0131345
2010-08-25 10:00:00,0.3367666666666666,0.346,1.713834745985043,0.8116988,0.7202822,0.9511742,0.83572817
2010-08-25 11:00:00,0.2713666666666666,0.3498666666666666,1.1736954812568825,0.40745935,0.6052207,0.8339809,0.7196008
2010-08-25 12:00:00,0.3104666666666666,0.3287666666666666,0.8531081334121777,0.404279,0.57348114,0.69222516,0.63285315
2010-08-25 13:00:00,0.3194333333333333,0.3661333333333333,0.8327395013490448,0.3739554,0.5789212,0.58429563,0.5816084
2010-08-25 14:00:00,0.3118333333333333,0.3101,0.8275692275599675,0.34041438,0.51705384,0.48250222,0.49977803
2010-08-25 15:00:00,0.3367666666666666,0.3254333333333333,0.8221972035416154,0.3829246,0.47822374,0.39583164,0.4370277
2010-08-25 16:00:00,0.2394666666666666,0.3030666666666667,0.8357126569639127,0.3547573,0.47096997,0.32585442,0.3984122
2010-08-25 17:00:00,0.3452,0.3684,0.9743655350127841,0.3201289,0.5378795,0.3355947,0.43673712
2010-08-25 18:00:00,0.9426,0.9464,1.217736461931826,0.6627177,0.8665347,0.5218748,0.69420475
2010-08-25 19:00:00,0.3534666666666666,0.3782333333333333,2.140645126748873,0.7357386,0.8783262,0.9204135,0.89936984
2010-08-25 20:00:00,1.0539333333333334,0.347,2.4010207055167685,0.4909926,0.829023,1.2438468,1.0364349
2010-08-25 21:00:00,1.5824,0.3744333333333333,2.2519878984995483,1.1664941,0.81352407,1.2701073,1.0418156
2010-08-25 22:00:00,1.4607,0.6837,1.8568869636380003,1.074398,0.90385133,0.9665101,0.9351807
2010-08-25 23:00:00,0.8256,0.3534666666666667,1.8014219833877974,0.6663419,0.52874774,0.5924798,0.56061375
2010-08-26 00:00:00,0.5391666666666667,0.3427,1.7590815715851496,0.3748395,0.48993397,0.39624947,0.44309172
2010-08-26 01:00:00,0.2715666666666667,0.3297666666666667,1.6557102723449901,0.4773112,0.3783011,0.33950114,0.35890114
2010-08-26 02:00:00,0.3238,0.3562666666666667,1.5919363660454908,0.31259444,0.34504724,0.33695483,0.34100103
2010-08-26 03:00:00,0.3172666666666667,0.3103666666666667,1.6419943647438417,0.32154784,0.38571128,0.28938657,0.3375489
2010-08-26 04:00:00,0.3435666666666667,0.8391,1.6030195991648357,0.39277944,0.4075531,0.26958716,0.33857012
2010-08-26 05:00:00,0.3033666666666666,0.5518,1.9173973575262093,0.35919005,0.40610278,0.33847034,0.37228656
2010-08-26 06:00:00,0.3378666666666666,0.3571999999999999,2.2445528864961575,0.492797,0.5667593,0.63201797,0.5993886
2010-08-26 07:00:00,1.3136333333333332,1.1821333333333333,2.509973901793172,0.74245083,0.8971016,1.0338856,0.96549356
2010-08-26 08:00:00,1.4059333333333333,1.8391333333333333,2.4435592242070134,1.1618614,1.0951242,1.1320826,1.1136034
2010-08-26 09:00:00,0.7121333333333334,1.5416666666666667,2.293525287775211,1.1666167,0.83132416,1.006086,0.9187051
2010-08-26 10:00:00,0.3293999999999999,0.3367666666666666,1.71175501288995,0.5371027,0.6435707,0.8421265,0.74284863
2010-08-26 11:00:00,0.3319666666666666,0.2713666666666666,1.1716157481617893,0.43554002,0.48891476,0.6639898,0.57645226
2010-08-26 12:00:00,0.5291,0.3104666666666666,0.8510284003170845,0.4327395,0.50321585,0.49994802,0.5015819
2010-08-26 13:00:00,0.3367666666666666,0.3194333333333333,0.8306597682539516,0.5901512,0.46337274,0.37452704,0.4189499
2010-08-26 14:00:00,0.3381999999999999,0.3118333333333333,0.8254894944648745,0.3921775,0.43218854,0.23332912,0.33275884
2010-08-26 15:00:00,0.3259999999999999,0.3367666666666666,0.8201174704465224,0.35920492,0.4391987,0.19085407,0.3150264
2010-08-26 16:00:00,0.3312,0.2394666666666666,0.8336329238688197,0.3672903,0.37621826,0.22038633,0.2983023
2010-08-26 17:00:00,0.3519333333333333,0.3452,0.9722858019176911,0.45518062,0.44933203,0.36036837,0.40485018
2010-08-26 18:00:00,0.9729666666666666,0.9426,1.2156567288367328,0.7014471,0.74815035,0.501086,0.6246182
2010-08-26 19:00:00,0.4751,0.3534666666666666,2.13856539365378,0.82140857,0.7690108,0.66910774,0.7190592
2010-08-26 20:00:00,0.3965666666666667,1.0539333333333334,2.3989409724216753,0.86608875,1.020756,0.8936156,0.9571858
2010-08-26 21:00:00,0.6557,1.5824,2.2499081654044555,0.5953542,1.099155,1.0146973,1.0569261
2010-08-26 22:00:00,0.3233,1.4607,1.854807230542907,0.6635031,0.9794084,0.90197283,0.94069064
2010-08-26 23:00:00,1.054366666666667,0.8256,1.7993422502927041,0.5234736,0.7078231,0.67636734,0.6920952
2010-08-27 00:00:00,0.5064,0.5391666666666667,1.7570018384900563,0.80719274,0.4188049,0.49021453,0.45450974
2010-08-27 01:00:00,0.4091666666666667,0.2715666666666667,1.6536305392498971,0.4867617,0.32064813,0.3644163,0.34253222
2010-08-27 02:00:00,0.3346666666666666,0.3238,1.5898566329503978,0.37842003,0.30343232,0.3107651,0.3070987
2010-08-27 03:00:00,0.3498333333333333,0.3172666666666667,1.6399146316487487,0.3690728,0.30815306,0.24467868,0.27641588
2010-08-27 04:00:00,1.1094333333333333,0.3435666666666667,1.6009398660697425,0.35980225,0.3352667,0.21314663,0.27420667
2010-08-27 05:00:00,0.3243666666666666,0.3033666666666666,1.915317624431116,0.23825087,0.30927002,0.26681966,0.28804484
2010-08-27 06:00:00,0.3486,0.3378666666666666,2.2424731534010647,0.45952004,0.504135,0.5009209,0.50252795
2010-08-27 07:00:00,0.5213333333333333,1.3136333333333332,2.507894168698079,0.64405763,0.8781479,0.86339045,0.87076914
2010-08-27 08:00:00,1.2256,1.4059333333333333,2.44147949111192,0.80648756,1.0322301,1.0359535,1.0340918
2010-08-27 09:00:00,1.6963,0.7121333333333334,2.291445554680118,0.74175024,0.7225953,0.99267167,0.8576335
2010-08-27 10:00:00,1.505966666666667,0.3293999999999999,1.7096752797948567,1.4714866,0.5833571,0.9256177,0.7544874
2010-08-27 11:00:00,1.5641,0.3319666666666666,1.1695360150666962,1.1826257,0.47620368,0.76801836,0.622111
2010-08-27 12:00:00,2.142533333333333,0.5291,0.8489486672219915,1.3457738,0.527511,0.59867984,0.56309545
2010-08-27 13:00:00,1.7725000000000002,0.3367666666666666,0.8285800351588586,1.8408523,0.52696484,0.5100651,0.518515
2010-08-27 14:00:00,2.996566666666667,0.3381999999999999,0.8234097613697813,1.8571868,0.45465583,0.41856968,0.43661276
2010-08-27 15:00:00,2.477133333333333,0.3259999999999999,0.8180377373514294,1.9278673,0.5555249,0.37386763,0.46469626
2010-08-27 16:00:00,0.7748333333333334,0.3312,0.8315531907737267,2.0504436,0.6428158,0.41033024,0.52657306
2010-08-27 17:00:00,1.778233333333333,0.3519333333333333,0.9702060688225981,1.0964758,0.6432726,0.5239551,0.5836139
2010-08-27 18:00:00,2.8016333333333336,0.9729666666666666,1.2135769957416396,1.367207,0.75505143,0.7177396,0.7363955
2010-08-27 19:00:00,3.052666666666666,0.4751,2.136485660558687,1.9930437,0.7671288,0.8400502,0.8035895
2010-08-27 20:00:00,2.0804666666666667,0.3965666666666667,2.396861239326582,2.0541856,1.2101817,0.8877332,1.0489575
2010-08-27 21:00:00,2.3304,0.6557,2.2478284323093622,1.924922,1.409628,0.86021674,1.1349224
2010-08-27 22:00:00,1.1623666666666668,0.3233,1.8527274974478138,1.264001,0.9944361,0.6665519,0.830494
2010-08-27 23:00:00,0.5790666666666666,1.054366666666667,1.797262517197611,0.76184636,0.74975854,0.47417426,0.6119664
2010-08-28 00:00:00,0.4565333333333333,0.5064,1.7549221053949633,0.48952937,0.46905804,0.3449605,0.40700927
2010-08-28 01:00:00,0.3438,0.4091666666666667,1.651550806154804,0.36984935,0.40087733,0.34838206,0.37462968
2010-08-28 02:00:00,0.3683666666666667,0.3346666666666666,1.5877768998553048,0.36810982,0.36355132,0.32727444,0.34541288
2010-08-28 03:00:00,0.3543333333333333,0.3498333333333333,1.6378348985536557,0.31771195,0.3462008,0.30293465,0.32456774
2010-08-28 04:00:00,0.3337,1.1094333333333333,1.5988601329746495,0.36474717,0.3470371,0.29878825,0.3229127
2010-08-28 05:00:00,0.9637,0.3243666666666666,1.9132378913360228,0.42209962,0.3325332,0.3649912,0.3487622
2010-08-28 06:00:00,0.3224,0.3486,2.2403934203059714,0.62123746,0.49113256,0.5692611,0.5301968
2010-08-28 07:00:00,0.3314666666666666,0.5213333333333333,2.5058144356029857,0.9638443,0.8481939,0.87241846,0.86030614
2010-08-28 08:00:00,0.4172,1.2256,2.4393997580168274,0.7885594,1.081593,1.0715774,1.0765853
2010-08-28 09:00:00,0.6422000000000001,1.6963,2.289365821585025,0.7497751,0.8756985,1.1709793,1.0233389
2010-08-28 10:00:00,0.6088666666666666,1.505966666666667,1.7075955466997637,0.85918665,0.89004815,1.2416277,1.0658379
2010-08-28 11:00:00,1.4582666666666666,1.5641,1.167456281971603,1.0307065,0.88907564,1.2758925,1.082484
2010-08-28 12:00:00,2.592233333333333,2.142533333333333,0.8468689341268985,1.2880994,0.71772236,1.3007896,1.009256
2010-08-28 13:00:00,2.348966666666666,1.7725000000000002,0.8265003020637656,1.8392051,0.78038454,1.3254948,1.0529397
2010-08-28 14:00:00,2.0538333333333334,2.996566666666667,0.8213300282746883,1.9678162,0.72805464,1.311096,1.0195754
2010-08-28 15:00:00,2.025333333333333,2.477133333333333,0.8159580042563361,1.8238842,0.66502464,1.2568275,0.96092606
2010-08-28 16:00:00,2.005333333333333,0.7748333333333334,0.8294734576786335,1.535948,0.7607342,1.1803133,0.9705238
2010-08-28 17:00:00,1.7953333333333332,1.778233333333333,0.9681263357275048,1.7111999,0.7302256,1.1317974,0.93101156
2010-08-28 18:00:00,1.453733333333333,2.8016333333333336,1.2114972626465468,1.7943026,1.1028005,1.144568,1.1236842
2010-08-28 19:00:00,1.4208666666666665,3.052666666666666,2.134405927463594,1.5028707,1.3320993,1.4239026,1.378001
2010-08-28 20:00:00,0.7807333333333334,2.0804666666666667,2.3947815062314888,1.4206463,1.367919,1.7471652,1.5575421
2010-08-28 21:00:00,0.3334,2.3304,2.245748699214269,0.9982993,1.5798118,1.8304577,1.7051347
2010-08-28 22:00:00,0.3025666666666666,1.1623666666666668,1.850647764352721,0.5620112,1.2981224,1.4680419,1.3830822
2010-08-28 23:00:00,0.3344333333333333,0.5790666666666666,1.795182784102518,0.5027865,1.1459674,0.95361686,1.049792
2010-08-29 00:00:00,0.6910666666666666,0.4565333333333333,1.7528423722998703,0.35877624,0.6963623,0.6467165,0.6715394
2010-08-29 01:00:00,0.3606,0.3438,1.6494710730597109,0.49278304,0.52549845,0.53571564,0.53060704
2010-08-29 02:00:00,0.3186333333333333,0.3683666666666667,1.5856971667602116,0.39401945,0.5067013,0.45755416,0.48212773
2010-08-29 03:00:00,0.3600333333333333,0.3543333333333333,1.6357551654585625,0.31604922,0.472331,0.40404654,0.43818876
2010-08-29 04:00:00,0.2747666666666666,0.3337,1.5967803998795564,0.37055928,0.5082755,0.35435766,0.43131658
2010-08-29 05:00:00,1.118866666666667,0.9637,1.91115815824093,0.37192082,0.498282,0.3418572,0.42006958
2010-08-29 06:00:00,0.2983,0.3224,2.238313687210878,0.45188323,0.58069474,0.39510125,0.487898
2010-08-29 07:00:00,0.3422333333333333,0.3314666666666666,2.5037347025078924,0.5577816,0.9887533,0.5209408,0.75484705
2010-08-29 08:00:00,0.4917333333333333,0.4172,2.437320024921734,0.6690461,1.1536623,0.7454276,0.94954497
2010-08-29 09:00:00,0.3921,0.6422000000000001,2.2872860884899318,0.92312807,1.177518,0.986747,1.0821326
2010-08-29 10:00:00,0.6474666666666666,0.6088666666666666,1.7055158136046706,0.6688131,1.0268208,1.0881643,1.0574925
2010-08-29 11:00:00,1.5473333333333334,1.4582666666666666,1.16537654887651,0.9884573,1.0976094,1.1741245,1.1358669
2010-08-29 12:00:00,2.5704,2.592233333333333,0.8447892010318052,1.2387564,1.0218593,1.2564285,1.139144
2010-08-29 13:00:00,2.1139,2.348966666666666,0.8244205689686723,1.7377253,1.0661976,1.2557552,1.1609764
2010-08-29 14:00:00,1.502133333333333,2.0538333333333334,0.819250295179595,1.7996503,1.0937033,1.2456336,1.1696684
2010-08-29 15:00:00,1.4193666666666669,2.025333333333333,0.8138782711612431,1.2372205,1.1342535,1.2512128,1.1927332
2010-08-29 16:00:00,0.3741666666666666,2.005333333333333,0.8273937245835404,1.0587076,1.0224446,1.2835833,1.153014
2010-08-29 17:00:00,1.4337666666666666,1.7953333333333332,0.9660466026324118,0.7223251,1.0463827,1.4033964,1.2248895
2010-08-29 18:00:00,1.1072,1.453733333333333,1.2094175295514535,1.4666053,1.3539978,1.6811855,1.5175917
2010-08-29 19:00:00,1.7450666666666668,1.4208666666666665,2.132326194368501,1.9958831,1.7001629,1.9908978,1.8455303
2010-08-29 20:00:00,2.1989333333333336,0.7807333333333334,2.392701773136396,1.8715533,1.7512381,2.1273134,1.9392757
2010-08-29 21:00:00,3.2344999999999997,0.3334,2.243668966119176,2.4115973,1.5449277,1.8877583,1.7163429
2010-08-29 22:00:00,2.3159666666666667,0.3025666666666666,1.8485680312576278,2.0499816,1.1702982,1.3856522,1.2779752
2010-08-29 23:00:00,0.9494666666666668,0.3344333333333333,1.7931030510074248,0.95637685,0.88597435,0.99051964,0.93824697
2010-08-30 00:00:00,0.5507333333333334,0.6910666666666666,1.750762639204777,0.40140155,0.46518528,0.807353,0.63626915
2010-08-30 01:00:00,0.4832333333333333,0.3606,1.6473913399646178,0.48085338,0.42596462,0.38225865,0.40411162
2010-08-30 02:00:00,0.3411333333333333,0.3186333333333333,1.5836174336651185,0.4855328,0.40618184,0.35498333,0.38058257
2010-08-30 03:00:00,0.2873666666666666,0.3600333333333333,1.6336754323634695,0.30911502,0.40857908,0.3336683,0.37112367
2010-08-30 04:00:00,0.2851,0.2747666666666666,1.5947006667844632,0.36631122,0.4020023,0.31551337,0.35875785
2010-08-30 05:00:00,0.2867333333333333,1.118866666666667,1.9090784251458368,0.37265077,0.49154583,0.38917333,0.4403596
2010-08-30 06:00:00,0.3367666666666666,0.2983,2.2362339541157854,0.59316725,0.7000712,0.79541016,0.7477407
2010-08-30 07:00:00,0.8905666666666666,0.3422333333333333,2.5016549694127996,0.88711154,1.198626,1.3670132,1.2828196
2010-08-30 08:00:00,1.4085333333333334,0.4917333333333333,2.435240291826641,1.0305365,1.194683,1.4105937,1.3026383
2010-08-30 09:00:00,1.0479,0.3921,2.2852063553948385,1.2001953,1.047296,1.1704218,1.108859
2010-08-30 10:00:00,0.8792666666666666,0.6474666666666666,1.7034360805095774,0.5348971,0.8441933,0.95630974,0.9002515
2010-08-30 11:00:00,1.5097,1.5473333333333334,1.163296815781417,0.5337777,0.8167038,0.7525621,0.7846329
2010-08-30 12:00:00,1.7421333333333335,2.5704,0.8427094679367122,1.210784,0.764443,0.655912,0.7101775
2010-08-30 13:00:00,2.218233333333333,2.1139,0.8223408358735793,1.4244289,0.6655425,0.5267301,0.59613633
2010-08-30 14:00:00,2.417133333333333,1.502133333333333,0.817170562084502,1.684408,0.7307543,0.472659,0.6017066
2010-08-30 15:00:00,1.8369,1.4193666666666669,0.8117985380661501,1.8458219,0.69605035,0.43121338,0.5636319
2010-08-30 16:00:00,1.6935666666666669,0.3741666666666666,0.8253139914884474,1.48819,0.6666538,0.4152391,0.5409465
2010-08-30 17:00:00,0.3625,1.4337666666666666,0.9639668695373188,1.3518274,0.6613584,0.52491105,0.59313476
2010-08-30 18:00:00,0.3312333333333333,1.1072,1.2073377964563603,0.82038206,0.9892488,0.76549816,0.87737346
2010-08-30 19:00:00,1.1589,1.7450666666666668,2.1302464612734076,0.76660365,1.2521878,1.2007896,1.2264887
2010-08-30 20:00:00,0.8696333333333333,2.1989333333333336,2.3906220400413027,1.6547014,1.1553454,1.6152896,1.3853176
2010-08-30 21:00:00,2.242233333333333,3.2344999999999997,2.241589233024083,1.374242,1.3745922,1.768589,1.5715907
2010-08-30 22:00:00,1.1637666666666666,2.3159666666666667,1.8464882981625346,1.3959278,1.0951095,1.1765331,1.1358213
2010-08-30 23:00:00,0.5701,0.9494666666666668,1.7910233179123318,0.98417056,0.83135414,0.5393095,0.6853318
2010-08-31 00:00:00,0.4017666666666667,0.5507333333333334,1.748682906109684,0.51437426,0.48060635,0.3423494,0.41147786
2010-08-31 01:00:00,0.3663666666666667,0.4832333333333333,1.6453116068695248,0.44799668,0.43191135,0.36501026,0.3984608
2010-08-31 02:00:00,0.3196333333333333,0.3411333333333333,1.5815377005700255,0.3178381,0.40899786,0.37228107,0.39063948
2010-08-31 03:00:00,0.2955333333333333,0.2873666666666666,1.6315956992683764,0.41908842,0.39243135,0.3527094,0.3725704
2010-08-31 04:00:00,1.0354333333333332,0.2851,1.5926209336893702,0.3216976,0.39155316,0.32354665,0.3575499
2010-08-31 05:00:00,0.3288,0.2867333333333333,1.9069986920507436,0.30034837,0.45791876,0.3904574,0.42418808
2010-08-31 06:00:00,0.2446333333333333,0.3367666666666666,2.234154221020692,0.68350255,0.7658676,0.9112371,0.83855236
2010-08-31 07:00:00,0.5892,0.8905666666666666,2.4995752363177064,1.0247641,1.2328434,1.5095209,1.3711822
2010-08-31 08:00:00,1.5327666666666666,1.4085333333333334,2.433160558731548,1.2445549,1.3519248,1.386357,1.3691409
2010-08-31 09:00:00,1.4823666666666666,1.0479,2.2831266222997457,1.397908,1.0540468,1.1989032,1.126475
2010-08-31 10:00:00,1.1666333333333334,0.8792666666666666,1.7013563474144844,1.5042769,0.95473206,1.0918387,1.0232854
2010-08-31 11:00:00,1.5806666666666669,1.5097,1.1612170826863237,0.94647706,0.91375595,1.0217346,0.9677453
2010-08-31 12:00:00,1.2884666666666666,1.7421333333333335,0.8406297348416192,1.2059325,0.90146637,0.944943,0.92320466
2010-08-31 13:00:00,1.0535666666666663,2.218233333333333,0.8202611027784863,0.9144926,0.7807651,0.8555202,0.81814265
2010-08-31 14:00:00,0.8699333333333333,2.417133333333333,0.815090828989409,1.6228387,0.77873564,0.7578896,0.76831263
2010-08-31 15:00:00,0.6130333333333333,1.8369,0.8097188049710569,0.9649496,0.7176357,0.6931098,0.70537275
2010-08-31 16:00:00,0.7542333333333333,1.6935666666666669,0.8232342583933542,0.7107357,0.6857205,0.63116914,0.6584448
2010-08-31 17:00:00,1.451733333333333,0.3625,0.9618871364422256,0.8952468,0.65448534,0.60609955,0.6302924
2010-08-31 18:00:00,1.7887,0.3312333333333333,1.2052580633612675,1.3437207,0.8530637,0.6240698,0.73856676
2010-08-31 19:00:00,1.3791,1.1589,2.1281667281783143,2.3829963,1.2498121,0.817655,1.0337336
2010-08-31 20:00:00,1.8193666666666668,0.8696333333333333,2.38854230694621,1.4188834,1.291645,1.269442,1.2805436
2010-08-31 21:00:00,1.1395666666666666,2.242233333333333,2.2395094999289897,2.2511225,1.7895712,1.6324252,1.7109982
2010-08-31 22:00:00,0.6880000000000001,1.1637666666666666,1.8444085650674418,1.0965664,1.3721527,1.2975872,1.3348699
2010-08-31 23:00:00,0.5622666666666666,0.5701,1.7889435848172388,0.43769723,0.7634913,0.65420294,0.7088471
2010-09-01 00:00:00,0.3771,0.4017666666666667,1.746603173014591,0.5359236,0.4976429,0.38188916,0.43976605
2010-09-01 01:00:00,0.2891333333333333,0.3663666666666667,1.6432318737744316,0.3523191,0.42278457,0.38459283,0.4036887
2010-09-01 02:00:00,0.3401666666666667,0.3196333333333333,1.5794579674749323,0.3540046,0.38301286,0.39074773,0.38688028
2010-09-01 03:00:00,0.3021333333333333,0.2955333333333333,1.6295159661732832,0.32563058,0.37172592,0.37496287,0.3733444
2010-09-01 04:00:00,0.8031666666666667,1.0354333333333332,1.5905412005942772,0.37812465,0.42598262,0.35732698,0.3916548
2010-09-01 05:00:00,0.3105333333333334,0.3288,1.9049189589556508,0.3693494,0.40276885,0.47014213,0.4364555
2010-09-01 06:00:00,0.4614,0.2446333333333333,2.232074487925599,0.62386304,0.62166184,1.0302354,0.8259486
2010-09-01 07:00:00,0.9840333333333332,0.5892,2.4974955032226136,1.081029,1.2635299,1.4893801,1.3764551
2010-09-01 08:00:00,1.4570666666666665,1.5327666666666666,2.431080825636455,1.1256133,1.6901071,1.3012662,1.4956867
2010-09-01 09:00:00,0.8423666666666667,1.4823666666666666,2.2810468892046525,1.3184825,1.2152221,1.0758344,1.1455283
2010-09-01 10:00:00,1.9099333333333337,1.1666333333333334,1.6992766143193914,0.5811392,0.9057464,0.9134406,0.90959346
2010-09-01 11:00:00,2.1177333333333332,1.5806666666666669,1.1591373495912307,1.67114,0.93104434,0.8101208,0.8705826
2010-09-01 12:00:00,1.6747333333333332,1.2884666666666666,0.8385500017465259,1.6530888,0.88660544,0.7361505,0.811378
2010-09-01 13:00:00,1.6333,1.0535666666666663,0.8181813696833931,1.4506648,0.7685114,0.66697586,0.71774364
2010-09-01 14:00:00,1.7136333333333331,0.8699333333333333,0.8130110958943157,1.4112182,0.7333068,0.5944019,0.66385436
2010-09-01 15:00:00,1.4292333333333334,0.6130333333333333,0.8076390718759638,1.4683434,0.77293324,0.5439669,0.65845007
2010-09-01 16:00:00,1.3891666666666669,0.7542333333333333,0.8211545252982612,1.2537694,0.73131466,0.5051202,0.61821747
2010-09-01 17:00:00,1.4856333333333334,1.451733333333333,0.9598074033471325,1.1691788,0.69351596,0.5035997,0.59855783
2010-09-01 18:00:00,0.5392333333333333,1.7887,1.2031783302661743,1.280473,0.6331606,0.581841,0.6075008
2010-09-01 19:00:00,0.5494333333333333,1.3791,2.1260869950832215,0.8139593,1.1884435,0.89534676,1.0418952
2010-09-01 20:00:00,1.8614333333333333,1.8193666666666668,2.3864625738511167,1.3281639,1.3882205,1.3011208,1.3446707
2010-09-01 21:00:00,2.5369,1.1395666666666666,2.237429766833897,2.313882,1.8070823,1.4891478,1.648115
2010-09-01 22:00:00,1.1801333333333337,0.6880000000000001,1.8423288319723485,1.5338757,1.4222082,1.1698076,1.2960079
2010-09-01 23:00:00,0.3677,0.5622666666666666,1.7868638517221456,0.51322305,0.8016106,0.6353245,0.71846753
2010-09-02 00:00:00,0.3330666666666667,0.3771,1.7445234399194978,0.36313677,0.5255322,0.3676951,0.44661364
2010-09-02 01:00:00,0.3055,0.2891333333333333,1.6411521406793386,0.33010587,0.38517505,0.38488233,0.3850287
2010-09-02 02:00:00,0.3465999999999999,0.3401666666666667,1.5773782343798393,0.3542777,0.42323723,0.3791328,0.40118504
2010-09-02 03:00:00,0.2548,0.3021333333333333,1.6274362330781902,0.3489671,0.31874523,0.34923327,0.33398926
2010-09-02 04:00:00,0.3398333333333333,0.8031666666666667,1.588461467499184,0.3655951,0.5045817,0.3490348,0.42680824
2010-09-02 05:00:00,0.3009333333333333,0.3105333333333334,1.9028392258605575,0.38293675,0.37785506,0.5220353,0.44994518
2010-09-02 06:00:00,1.0378666666666667,0.4614,2.229994754830506,0.69021684,0.6405755,1.0257186,0.83314705
2010-09-02 07:00:00,0.7744333333333333,0.9840333333333332,2.4954157701275204,1.2738138,1.3737956,1.3701301,1.3719628
2010-09-02 08:00:00,1.5999333333333332,1.4570666666666665,2.4290010925413617,1.381124,1.5999261,1.3124022,1.4561641
2010-09-02 09:00:00,1.6337333333333333,0.8423666666666667,2.2789671561095592,1.4130559,1.1022443,1.1523793,1.1273117
2010-09-02 10:00:00,1.7061,1.9099333333333337,1.6971968812242981,1.4874346,0.7667574,0.98842686,0.87759215
2010-09-02 11:00:00,1.6545333333333334,2.1177333333333332,1.1570576164961377,1.3747544,0.7621059,0.82041883,0.7912624
2010-09-02 12:00:00,1.5187666666666668,1.6747333333333332,0.8364702686514329,1.4687519,0.7678889,0.6675464,0.71771765
2010-09-02 13:00:00,1.36,1.6333,0.8161016365883,1.2641717,0.673509,0.5092153,0.5913621
2010-09-02 14:00:00,1.4055333333333333,1.7136333333333331,0.8109313627992227,1.1404206,0.5025843,0.3804688,0.44152653
2010-09-02 15:00:00,0.8876333333333334,1.4292333333333334,0.8055593387808708,1.1360846,0.59965694,0.3244173,0.46203712
2010-09-02 16:00:00,0.3390666666666667,1.3891666666666669,0.8190747922031681,0.4323184,0.5899865,0.33960986,0.46479818
2010-09-02 17:00:00,0.4942,1.4856333333333334,0.9577276702520395,0.4278001,0.6695939,0.3732251,0.5214095
2010-09-02 18:00:00,0.7261666666666666,0.5392333333333333,1.201098597171081,0.84116054,0.78137606,0.4624464,0.6219112
2010-09-02 19:00:00,0.6808666666666666,0.5494333333333333,2.1240072619881283,1.0753635,0.94662076,0.72340494,0.83501285
2010-09-02 20:00:00,2.4065,1.8614333333333333,2.3843828407560235,1.4905006,1.5052481,1.0798271,1.2925376
2010-09-02 21:00:00,1.588833333333333,2.5369,2.2353500337388037,2.0936346,1.6609739,1.3083327,1.4846532
2010-09-02 22:00:00,0.9164333333333332,1.1801333333333337,1.8402490988772553,1.2282188,1.0994685,1.1247548,1.1121116
2010-09-02 23:00:00,0.5968666666666667,0.3677,1.7847841186270526,0.5281789,0.86822116,0.6932051,0.78071314
2010-09-03 00:00:00,0.3901666666666666,0.3330666666666667,1.7424437068244047,0.554601,0.4880226,0.41515893,0.45159078
2010-09-03 01:00:00,0.345,0.3055,1.6390724075842453,0.3913406,0.39650625,0.36795318,0.38222972
2010-09-03 02:00:00,0.3454666666666667,0.3465999999999999,1.5752985012847462,0.37364033,0.41352978,0.36450708,0.38901842
2010-09-03 03:00:00,0.4543,0.2548,1.6253564999830972,0.3613417,0.38739774,0.3312589,0.35932833
2010-09-03 04:00:00,0.6939333333333334,0.3398333333333333,1.586381734404091,0.45991346,0.44628042,0.3209545,0.38361746
2010-09-03 05:00:00,0.9556333333333332,0.3009333333333333,1.9007594927654643,0.5748201,0.38134113,0.450024,0.41568255
2010-09-03 06:00:00,0.9327666666666666,1.0378666666666667,2.227915021735413,0.8089646,0.7788039,0.8648873,0.8218456
2010-09-03 07:00:00,1.1414666666666666,0.7744333333333333,2.493336037032427,1.439048,1.2700619,1.2512462,1.260654
2010-09-03 08:00:00,1.5048,1.5999333333333332,2.426921359446269,1.5666653,1.626574,1.3287412,1.4776576
2010-09-03 09:00:00,1.4632,1.6337333333333333,2.2768874230144664,1.4767284,1.3254166,1.2574248,1.2914207
2010-09-03 10:00:00,1.3639333333333332,1.7061,1.695117148129205,1.1979548,1.0694144,1.1145642,1.0919893
2010-09-03 11:00:00,1.4092333333333331,1.6545333333333334,1.1549778834010445,1.1645114,1.0976312,0.95547354,1.0265524
2010-09-03 12:00:00,1.6444666666666667,1.5187666666666668,0.8343905355563399,1.2778187,1.2957531,0.83173543,1.0637443
2010-09-03 13:00:00,0.7313666666666666,1.36,0.814021903493207,1.477017,0.9854503,0.7441522,0.8648013
2010-09-03 14:00:00,0.3552333333333333,1.4055333333333333,0.8088516297041297,0.9082456,1.1551012,0.6720604,0.9135808
2010-09-03 15:00:00,0.4102333333333333,0.8876333333333334,0.8034796056857776,0.5821969,1.1212176,0.614638,0.8679278
2010-09-03 16:00:00,0.3091333333333333,0.3390666666666667,0.8169950591080749,0.5359313,0.89788526,0.57775694,0.7378211
2010-09-03 17:00:00,0.3439666666666666,0.4942,0.9556479371569463,0.3654528,1.1330355,0.5686235,0.8508295
2010-09-03 18:00:00,0.3648333333333333,0.7261666666666666,1.1990188640759882,0.5533775,1.2679129,0.640358,0.9541354
2010-09-03 19:00:00,0.531,0.6808666666666666,2.1219275288930355,0.80640763,1.4136504,0.91446114,1.1640558
2010-09-03 20:00:00,2.3058666666666667,2.4065,2.3823031076609302,1.4634558,1.8469205,1.3000864,1.5735035
2010-09-03 21:00:00,1.8044333333333331,1.588833333333333,2.2332703006437105,2.158871,2.1246843,1.4906642,1.8076743
2010-09-03 22:00:00,1.6770333333333334,0.9164333333333332,1.8381693657821625,1.8691233,1.3819098,1.2706752,1.3262925
2010-09-03 23:00:00,0.9627666666666668,0.5968666666666667,1.7827043855319595,0.89400905,1.0292672,0.79253685,0.910902
2010-09-04 00:00:00,0.4686666666666667,0.3901666666666666,1.7403639737293117,0.73423773,0.522794,0.48070234,0.5017482
2010-09-04 01:00:00,0.3332666666666666,0.345,1.6369926744891523,0.5004674,0.44433463,0.4127205,0.42852756
2010-09-04 02:00:00,0.2752666666666667,0.3454666666666667,1.573218768189653,0.33239534,0.41112998,0.37255913,0.39184457
2010-09-04 03:00:00,0.3137666666666667,0.4543,1.623276766888004,0.3272199,0.37596244,0.33847088,0.35721666
2010-09-04 04:00:00,1.0629666666666666,0.6939333333333334,1.5843020013089977,0.34928194,0.4126193,0.32711273,0.369866
2010-09-04 05:00:00,0.3228999999999999,0.9556333333333332,1.8986797596703715,0.31914154,0.5192096,0.37412786,0.44666874
2010-09-04 06:00:00,0.6717333333333334,0.9327666666666666,2.2258352886403197,0.5632338,0.5834495,0.60334325,0.59339637
2010-09-04 07:00:00,1.9570333333333332,1.1414666666666666,2.491256303937334,0.8529684,1.1061337,0.9301353,1.0181345
2010-09-04 08:00:00,1.4460000000000002,1.5048,2.4248416263511756,1.66175,1.2002194,1.1375811,1.1689003
2010-09-04 09:00:00,0.779,1.4632,2.274807689919373,1.2582846,1.232896,1.1995016,1.2161988
2010-09-04 10:00:00,0.9023666666666668,1.3639333333333332,1.693037415034112,0.6951177,1.2302493,1.1813334,1.2057914
2010-09-04 11:00:00,1.6402333333333334,1.4092333333333331,1.1528981503059514,1.1193547,1.3704702,1.1652728,1.2678715
2010-09-04 12:00:00,1.3255666666666668,1.6444666666666667,0.8323108024612467,1.7426592,1.3103342,1.1518822,1.2311082
2010-09-04 13:00:00,1.1751666666666667,0.7313666666666666,0.8119421703981138,1.2239764,1.4724488,1.1650345,1.3187417
2010-09-04 14:00:00,2.1475999999999997,0.3552333333333333,0.8067718966090365,1.4001944,1.5619031,1.1947489,1.3783259
2010-09-04 15:00:00,1.7486666666666666,0.4102333333333333,0.8013998725906846,1.5608197,1.3183975,1.1571205,1.237759
2010-09-04 16:00:00,0.7704666666666667,0.3091333333333333,0.8149153260129819,1.4470793,1.345773,1.1331143,1.2394437
2010-09-04 17:00:00,0.5642333333333334,0.3439666666666666,0.9535682040618533,0.8212616,1.2974538,1.1278825,1.2126682
2010-09-04 18:00:00,1.6102,0.3648333333333333,1.196939130980895,1.1498613,1.2824817,1.151653,1.2170674
2010-09-04 19:00:00,1.6162333333333334,0.531,2.1198477957979422,1.4316652,1.3758682,1.26717,1.3215191
2010-09-04 20:00:00,2.278833333333333,2.3058666666666667,2.3802233745658374,1.619411,1.7971302,1.5091399,1.6531351
2010-09-04 21:00:00,2.5189666666666666,1.8044333333333331,2.2311905675486177,1.9687527,1.8955635,1.6094437,1.7525036
2010-09-04 22:00:00,2.1733666666666664,1.6770333333333334,1.8360896326870693,1.6141257,1.47411,1.4233216,1.4487158
2010-09-04 23:00:00,0.9615,0.9627666666666668,1.7806246524368663,1.181918,1.2196329,1.0908895,1.1552612
2010-09-05 00:00:00,0.5580999999999999,0.4686666666666667,1.7382842406342185,0.82430214,0.80992234,0.8212962,0.8156093
2010-09-05 01:00:00,0.4830333333333333,0.3332666666666666,1.6349129413940593,0.48621893,0.5517372,0.65617526,0.6039562
2010-09-05 02:00:00,0.5433,0.2752666666666667,1.57113903509456,0.44993865,0.47635934,0.5371,0.50672966
2010-09-05 03:00:00,0.3478,0.3137666666666667,1.621197033792911,0.48942307,0.45220357,0.4254501,0.43882683
2010-09-05 04:00:00,0.3080333333333333,1.0629666666666666,1.5822222682139047,0.3670114,0.45390105,0.34951758,0.40170932
2010-09-05 05:00:00,0.3382333333333333,0.3228999999999999,1.8966000265752783,0.37860668,0.5869773,0.31645763,0.45171747
2010-09-05 06:00:00,0.2695333333333333,0.6717333333333334,2.223755555545227,0.4737086,0.54563344,0.36785662,0.45674503
2010-09-05 07:00:00,0.3099666666666666,1.9570333333333332,2.489176570842241,0.49497953,0.89920235,0.52808785,0.7136451
2010-09-05 08:00:00,1.3496,1.4460000000000002,2.4227618932560824,0.51175153,0.879856,0.7603468,0.8201014
2010-09-05 09:00:00,0.4319666666666666,0.779,2.27272795682428,1.1345121,0.98980993,0.9302578,0.9600339
2010-09-05 10:00:00,1.256,0.9023666666666668,1.6909576819390189,0.7806981,1.1548723,1.0192465,1.0870594
2010-09-05 11:00:00,1.6126,1.6402333333333334,1.1508184172108582,1.0129112,1.3180875,1.1046554,1.2113714
2010-09-05 12:00:00,0.9832,1.3255666666666668,0.8302310693661537,1.5530941,1.446323,1.1269864,1.2866547
2010-09-05 13:00:00,0.7988999999999999,1.1751666666666667,0.8098624373030208,1.772151,1.4296997,1.143161,1.2864304
2010-09-05 14:00:00,1.2334666666666665,2.1475999999999997,0.8046921635139435,1.2255758,1.2171314,1.153535,1.1853333
2010-09-05 15:00:00,2.2218333333333335,1.7486666666666666,0.7993201394955916,1.2755495,1.299227,1.1504737,1.2248504
2010-09-05 16:00:00,1.0086333333333333,0.7704666666666667,0.8128355929178889,1.3534454,1.0544441,1.1468211,1.1006327
2010-09-05 17:00:00,0.5999333333333333,0.5642333333333334,0.9514884709667603,1.4213929,1.307241,1.1568638,1.2320523
2010-09-05 18:00:00,0.8549,1.6102,1.1948593978858018,0.94576544,1.1848754,1.2081182,1.1964967
2010-09-05 19:00:00,1.3828666666666665,1.6162333333333334,2.117768062702849,0.98925126,1.4052285,1.3475224,1.3763754
2010-09-05 20:00:00,1.0963666666666667,2.278833333333333,2.378143641470744,1.9340585,2.0478246,1.5437872,1.7958059
2010-09-05 21:00:00,2.119,2.5189666666666666,2.2291108344535244,1.7871169,2.0239968,1.5861543,1.8050756
2010-09-05 22:00:00,1.5342333333333331,2.1733666666666664,1.834009899591976,1.374134,1.3134967,1.3404216,1.3269591
2010-09-05 23:00:00,0.4088,0.9615,1.7785449193417733,0.73464614,1.0510024,0.97991705,1.0154598
2010-09-06 00:00:00,0.3614666666666666,0.5580999999999999,1.7362045075391255,0.43100896,0.54319733,0.7530947,0.64814603
2010-09-06 01:00:00,0.3339333333333333,0.4830333333333333,1.632833208298966,0.33007264,0.4479422,0.37326282,0.4106025
2010-09-06 02:00:00,0.3425666666666666,0.5433,1.569059301999467,0.39259285,0.40407777,0.31080353,0.35744065
2010-09-06 03:00:00,0.2824333333333333,0.3478,1.619117300697818,0.31869826,0.41063708,0.25950295,0.33507
2010-09-06 04:00:00,0.351,0.3080333333333333,1.5801425351188116,0.3596316,0.4512271,0.2637154,0.35747123
2010-09-06 05:00:00,0.2231,0.3382333333333333,1.894520293480185,0.37274373,0.42668343,0.37593377,0.4013086
2010-09-06 06:00:00,1.5419333333333334,0.2695333333333333,2.2216758224501336,0.45862544,0.67872816,0.65558624,0.6671572
2010-09-06 07:00:00,1.8616333333333333,0.3099666666666666,2.487096837747148,1.5655524,1.3063619,1.0453836,1.1758728
2010-09-06 08:00:00,1.5826333333333331,1.3496,2.4206821601609896,1.5411327,1.5711639,1.1965028,1.3838334
2010-09-06 09:00:00,1.4338000000000002,0.4319666666666666,2.270648223729187,1.3501607,1.1730698,1.069485,1.1212773
2010-09-06 10:00:00,0.5483666666666667,1.256,1.6888779488439258,1.2392956,0.95092386,0.89863837,0.9247811
2010-09-06 11:00:00,0.3156,1.6126,1.1487386841157652,0.76435447,0.9693885,0.7304734,0.84993094
2010-09-06 12:00:00,1.241766666666667,0.9832,0.8281513362710606,0.36782327,0.9311564,0.5581362,0.7446463
2010-09-06 13:00:00,1.3418333333333334,0.7988999999999999,0.8077827042079277,1.2048514,0.90507394,0.4062431,0.6556585
2010-09-06 14:00:00,0.3654333333333333,1.2334666666666665,0.8026124304188504,0.9627638,1.0366876,0.27077514,0.65373135
2010-09-06 15:00:00,0.9581666666666668,2.2218333333333335,0.7972404064004983,0.39007342,1.0063902,0.30577534,0.65608275
2010-09-06 16:00:00,1.4072333333333331,1.0086333333333333,0.8107558598227956,0.4978964,0.8328909,0.47428036,0.6535857
2010-09-06 17:00:00,2.497666666666667,0.5999333333333333,0.949408737871667,1.1048945,0.5982155,0.5546935,0.5764545
2010-09-06 18:00:00,0.8907,0.8549,1.1927796647907085,1.8506634,0.71765524,0.69344056,0.7055479
2010-09-06 19:00:00,1.2747333333333333,1.3828666666666665,2.1156883296077558,1.6336385,1.4204957,0.9349585,1.1777271
2010-09-06 20:00:00,1.1888666666666663,1.0963666666666667,2.3760639083756514,1.8860782,1.582087,1.2584648,1.4202759
2010-09-06 21:00:00,1.7181666666666666,2.119,2.227031101358431,2.3807628,2.218675,1.4482263,1.8334506
2010-09-06 22:00:00,1.2335,1.5342333333333331,1.8319301664968832,1.5270672,1.5437889,1.1829735,1.3633811
2010-09-06 23:00:00,0.4180666666666666,0.4088,1.7764651862466803,0.5401863,1.0028481,0.73933524,0.8710917
2010-09-07 00:00:00,0.6620666666666666,0.3614666666666666,1.7341247744440325,0.3959163,0.53387135,0.48791748,0.5108944
2010-09-07 01:00:00,0.6508333333333333,0.3339333333333333,1.630753475203873,0.38192055,0.44000387,0.40903765,0.42452076
2010-09-07 02:00:00,0.2722,0.3425666666666666,1.5669795689043737,0.36842525,0.433941,0.37840492,0.40617296
2010-09-07 03:00:00,0.3152666666666667,0.2824333333333333,1.6170375676027247,0.2965397,0.42283615,0.33638084,0.3796085
2010-09-07 04:00:00,0.305,0.351,1.5780628020237184,0.3553362,0.44911477,0.3167429,0.38292885
2010-09-07 05:00:00,0.3268666666666666,0.2231,1.8924405603850922,0.3781057,0.3561038,0.3946035,0.37535363
2010-09-07 06:00:00,0.6378,1.5419333333333334,2.2195960893550404,0.774248,0.75156957,0.6881832,0.7198764
2010-09-07 07:00:00,1.8521333333333336,1.8616333333333333,2.485017104652055,1.3360397,1.2472117,1.222273,1.2347424
2010-09-07 08:00:00,1.4305333333333332,1.5826333333333331,2.4186024270658963,1.4916978,1.5168327,1.4496264,1.4832296
2010-09-07 09:00:00,1.4320333333333333,1.4338000000000002,2.268568490634094,1.2781732,1.3034954,1.3120123,1.3077538
2010-09-07 10:00:00,0.6150333333333333,0.5483666666666667,1.6867982157488328,1.2076386,1.1578889,1.184334,1.1711115
2010-09-07 11:00:00,1.0950666666666666,0.3156,1.1466589510206722,1.1002373,1.3153999,1.0726162,1.1940081
2010-09-07 12:00:00,0.4864666666666667,1.241766666666667,0.8260716031759674,1.4862446,1.1202208,0.9607916,1.0405061
2010-09-07 13:00:00,0.4363666666666666,1.3418333333333334,0.8057029711128345,0.69548774,0.8383799,0.90233016,0.870355
2010-09-07 14:00:00,0.3362,0.3654333333333333,0.8005326973237572,0.59841335,0.8165799,0.8050314,0.8108057
2010-09-07 15:00:00,0.3363333333333333,0.9581666666666668,0.7951606733054051,0.509206,0.7617822,0.7003976,0.73108995
2010-09-07 16:00:00,0.9365,1.4072333333333331,0.8086761267277026,0.4562745,0.80354774,0.57635313,0.68995047
2010-09-07 17:00:00,0.3335,2.497666666666667,0.947329004776574,0.48838145,0.82287675,0.62269515,0.72278595
2010-09-07 18:00:00,1.0712666666666666,0.8907,1.1906999316956157,0.75494957,1.2608818,0.85281456,1.0568482
2010-09-07 19:00:00,2.7609333333333335,1.2747333333333333,2.113608596512663,1.6725004,1.4336877,1.1994768,1.3165822
2010-09-07 20:00:00,2.150833333333334,1.1888666666666663,2.373984175280558,2.1833026,1.7187556,1.4455053,1.5821304
2010-09-07 21:00:00,2.2494333333333336,1.7181666666666666,2.2249513682633384,2.3939323,1.8980966,1.4545106,1.6763036
2010-09-07 22:00:00,2.4007666666666667,1.2335,1.82985043340179,1.2924911,1.3635215,1.0394361,1.2014787
2010-09-07 23:00:00,1.1041333333333334,0.4180666666666666,1.774385453151587,1.2718425,0.7710931,0.5815094,0.67630124
2010-09-08 00:00:00,0.3659666666666666,0.6620666666666666,1.7320450413489392,0.38023,0.50558925,0.3628651,0.43422717
2010-09-08 01:00:00,0.3497666666666666,0.6508333333333333,1.6286737421087798,0.41857076,0.47094652,0.32767534,0.39931095
2010-09-08 02:00:00,0.4579,0.2722,1.5648998358092807,0.340125,0.38194486,0.3045274,0.34323615
2010-09-08 03:00:00,0.3013333333333333,0.3152666666666667,1.6149578345076316,0.46433547,0.38390955,0.25740182,0.3206557
2010-09-08 04:00:00,0.346,0.305,1.5759830689286254,0.37329733,0.35287383,0.25060737,0.3017406
2010-09-08 05:00:00,0.3224333333333333,0.3268666666666666,1.890360827289999,0.4072043,0.3712573,0.3768298,0.37404355
2010-09-08 06:00:00,0.7884333333333333,0.6378,2.2175163562599476,0.7851003,0.7033618,0.77440304,0.7388824
2010-09-08 07:00:00,1.9181,1.8521333333333336,2.482937371556962,1.6456064,1.5995079,1.3429462,1.471227
2010-09-08 08:00:00,1.6187,1.4305333333333332,2.416522693970803,1.5585523,1.61611,1.4672372,1.5416737
2010-09-08 09:00:00,1.4468333333333334,1.4320333333333333,2.2664887575390007,1.4120067,1.3285414,1.2699937,1.2992675
2010-09-08 10:00:00,0.4638666666666667,0.6150333333333333,1.6847184826537396,1.3569211,1.2999992,1.0981159,1.1990576
2010-09-08 11:00:00,0.3372,1.0950666666666666,1.144579217925579,1.0685482,1.3311899,0.96528554,1.1482377
2010-09-08 12:00:00,0.6727666666666666,0.4864666666666667,0.8239918700808744,0.60595906,1.2055812,0.85564494,1.0306131
2010-09-08 13:00:00,0.4571333333333333,0.4363666666666666,0.8036232380177415,0.89764917,1.2450603,0.73522955,0.99014497
2010-09-08 14:00:00,0.5007,0.3362,0.7984529642286642,0.85143137,1.1126148,0.66576546,0.8891901
2010-09-08 15:00:00,0.4572,0.3363333333333333,0.7930809402103123,0.72435606,1.144029,0.5512441,0.8476366
2010-09-08 16:00:00,0.5627333333333334,0.9365,0.8065963936326096,0.7843442,1.3574138,0.5535635,0.9554886
2010-09-08 17:00:00,0.9294,0.3335,0.945249271681481,0.88940805,1.3540934,0.76965,1.0618718
2010-09-08 18:00:00,1.6340333333333334,1.0712666666666666,1.1886201986005225,1.3924365,1.0587189,1.1669682,1.1128435
2010-09-08 19:00:00,0.7245333333333334,2.7609333333333335,2.1115288634175697,1.6547123,1.4953734,1.611815,1.5535941
2010-09-08 20:00:00,1.853,2.150833333333334,2.371904442185465,1.697004,1.9275275,1.8634601,1.8954937
2010-09-08 21:00:00,2.8006,2.2494333333333336,2.222871635168245,2.3469923,2.1855874,1.6875745,1.9365809
2010-09-08 22:00:00,1.4298333333333333,2.4007666666666667,1.8277707003066967,1.4892728,1.3739682,1.0769933,1.2254808
2010-09-08 23:00:00,0.9917333333333332,1.1041333333333334,1.772305720056494,0.7185972,0.80607444,0.63347906,0.71977675
2010-09-09 00:00:00,0.9049666666666668,0.3659666666666666,1.7299653082538462,0.77565634,0.49550962,0.45277673,0.47414318
2010-09-09 01:00:00,0.4724666666666666,0.3497666666666666,1.626594009013687,0.61696076,0.4170309,0.36696,0.39199543
2010-09-09 02:00:00,0.3279333333333333,0.4579,1.5628201027141877,0.5119953,0.38406226,0.36097187,0.37251705
2010-09-09 03:00:00,0.2828,0.3013333333333333,1.6128781014125386,0.3226093,0.34180582,0.32927215,0.33553898
2010-09-09 04:00:00,0.2496,0.346,1.5739033358335324,0.3895428,0.3954789,0.29078454,0.34313172
2010-09-09 05:00:00,0.7349333333333334,0.3224333333333333,1.8882810941949058,0.33467492,0.38667345,0.3737486,0.38021103
2010-09-09 06:00:00,0.8782666666666666,0.7884333333333333,2.2154366231648543,0.9478025,0.8928439,0.89248383,0.89266384
2010-09-09 07:00:00,1.9046,1.9181,2.4808576384618686,1.2602524,1.4818176,1.5680015,1.5249095
2010-09-09 08:00:00,1.4102,1.6187,2.41444296087571,1.5827136,1.6909028,1.4980178,1.5944602
2010-09-09 09:00:00,0.9942666666666666,1.4468333333333334,2.264409024443908,1.3002287,1.5012121,1.1959751,1.3485936
2010-09-09 10:00:00,0.4267666666666666,0.4638666666666667,1.6826387495586466,0.7140736,1.1534293,0.9459536,1.0496914
2010-09-09 11:00:00,0.8445666666666667,0.3372,1.142499484830486,0.68186563,1.1629368,0.80395997,0.9834484
2010-09-09 12:00:00,0.8244666666666667,0.6727666666666666,0.8219121369857814,0.6182401,1.1286455,0.7359531,0.9322993
2010-09-09 13:00:00,0.958,0.4571333333333333,0.8015435049226485,1.1034219,0.9261848,0.6217876,0.7739862
2010-09-09 14:00:00,0.4209666666666666,0.5007,0.7963732311335712,0.7816712,0.9372691,0.53237545,0.7348223
2010-09-09 15:00:00,0.7772333333333333,0.4572,0.791001207115219,0.8853721,0.6229034,0.47825205,0.55057776
2010-09-09 16:00:00,0.3003666666666666,0.5627333333333334,0.8045166605375164,0.5156479,0.6263485,0.4126824,0.51951545
2010-09-09 17:00:00,0.7164666666666667,0.9294,0.9431695385863877,0.4394807,0.5741155,0.38355726,0.4788364
2010-09-09 18:00:00,0.47,1.6340333333333334,1.1865404655054292,1.018056,0.94443274,0.48245704,0.7134449
2010-09-09 19:00:00,1.5420666666666667,0.7245333333333334,2.109449130322477,1.0348169,1.2156992,0.9259975,1.0708483
2010-09-09 20:00:00,2.6474333333333333,1.853,2.3698247090903717,2.0667822,2.035712,1.4479281,1.7418201
2010-09-09 21:00:00,1.2951666666666666,2.8006,2.220791902073152,2.357298,2.1146774,1.631979,1.8733282
2010-09-09 22:00:00,0.8265333333333333,1.4298333333333333,1.825690967211604,1.7242699,1.4589477,1.2286189,1.3437833
2010-09-09 23:00:00,0.4351666666666666,0.9917333333333332,1.770225986961401,0.6065821,0.821683,0.657221,0.739452
2010-09-10 00:00:00,0.3246,0.9049666666666668,1.7278855751587532,0.4181955,0.5152961,0.39433515,0.45481563
2010-09-10 01:00:00,0.8062666666666666,0.4724666666666666,1.6245142759185938,0.38483894,0.386411,0.35164595,0.36902848
2010-09-10 02:00:00,0.4391,0.3279333333333333,1.5607403696190945,0.30546504,0.3974331,0.3610791,0.3792561
2010-09-10 03:00:00,0.3361666666666666,0.2828,1.6107983683174454,0.45853567,0.38072813,0.3330527,0.3568904
2010-09-10 04:00:00,0.2793333333333334,0.2496,1.5718236027384391,0.35157168,0.3672222,0.29007965,0.32865092
2010-09-10 05:00:00,0.2612666666666666,0.7349333333333334,1.8862013610998125,0.41611817,0.42358536,0.34874678,0.38616607
2010-09-10 06:00:00,0.9106666666666666,0.8782666666666666,2.213356890069761,0.88874227,0.83527136,0.8275638,0.83141756
2010-09-10 07:00:00,1.698,1.9046,2.4787779053667753,1.6755333,1.5821531,1.3497999,1.4659765
2010-09-10 08:00:00,0.3198333333333333,1.4102,2.412363227780617,1.4594427,1.6460572,1.3665276,1.5062923
2010-09-10 09:00:00,0.307,0.9942666666666666,2.2623292913488147,0.74794495,1.4627144,1.2427177,1.3527161
2010-09-10 10:00:00,0.3499333333333333,0.4267666666666666,1.6805590164635535,0.49223194,1.1929533,1.0936477,1.1433005
2010-09-10 11:00:00,0.4699333333333333,0.8445666666666667,1.140419751735393,0.5987871,1.0743343,0.937214,1.0057741
2010-09-10 12:00:00,0.2324333333333333,0.8244666666666667,0.8198324038906881,0.6604099,1.1887081,0.77098274,0.9798454
2010-09-10 13:00:00,0.3742666666666666,0.958,0.7994637718275552,0.41528577,0.83631855,0.67375016,0.7550343
2010-09-10 14:00:00,0.4270333333333333,0.4209666666666666,0.7942934980384779,0.39109242,0.6551599,0.59923327,0.62719655
2010-09-10 15:00:00,0.3281,0.7772333333333333,0.7889214740201258,0.5598373,0.7172814,0.55772996,0.63750565
2010-09-10 16:00:00,0.9026,0.3003666666666666,0.8024369274424233,0.38017383,0.6012077,0.521307,0.56125736
2010-09-10 17:00:00,1.0888,0.7164666666666667,0.9410898054912947,0.5234887,0.69571596,0.51304656,0.60438126
2010-09-10 18:00:00,2.1483,0.47,1.1844607324103364,1.0239983,0.87298506,0.6762229,0.77460396
2010-09-10 19:00:00,1.8013,1.5420666666666667,2.1073693972273837,2.1727858,1.1845213,1.1034402,1.1439807
2010-09-10 20:00:00,2.3795,2.6474333333333333,2.367744975995279,1.9479878,2.1080673,1.5243776,1.8162224
2010-09-10 21:00:00,2.0765,1.2951666666666666,2.218712168978059,2.246838,1.9248246,1.6529614,1.788893
2010-09-10 22:00:00,2.3522000000000003,0.8265333333333333,1.8236112341165107,1.3344393,1.3992919,1.3275838,1.3634379
2010-09-10 23:00:00,1.5219999999999998,0.4351666666666666,1.7681462538663077,1.2091732,0.81769586,0.8575028,0.83759934
2010-09-11 00:00:00,1.0361333333333334,0.3246,1.72580584206366,1.1810712,0.52097434,0.5857234,0.5533489
2010-09-11 01:00:00,0.461,0.8062666666666666,1.6224345428235005,0.8345884,0.45980585,0.48230374,0.4710548
2010-09-11 02:00:00,0.345,0.4391,1.5586606365240014,0.4343689,0.4050608,0.43406212,0.41956145
2010-09-11 03:00:00,0.2740666666666666,0.3361666666666666,1.6087186352223524,0.35234746,0.39612228,0.33837813,0.3672502
2010-09-11 04:00:00,0.3428,0.2793333333333334,1.5697438696433461,0.34071872,0.3851911,0.23921955,0.3122053
2010-09-11 05:00:00,0.3025666666666666,0.2612666666666666,1.8841216280047197,0.3494387,0.37617856,0.24366897,0.30992377
2010-09-11 06:00:00,0.7187666666666667,0.9106666666666666,2.2112771569746683,0.7556423,0.7283542,0.41683793,0.5725961
2010-09-11 07:00:00,1.6514,1.698,2.4766981722716825,1.635179,1.5404218,0.75120735,1.1458147
2010-09-11 08:00:00,1.4151,0.3198333333333333,2.410283494685524,1.5360379,1.256923,1.0031121,1.1300175
2010-09-11 09:00:00,0.8931,0.307,2.2602495582537214,1.2261113,0.92947173,1.0948596,1.0121657
2010-09-11 10:00:00,1.3423,0.3499333333333333,1.6784792833684603,0.79702526,1.1064683,1.0656602,1.0860643
2010-09-11 11:00:00,0.4276666666666667,0.4699333333333333,1.1383400186402997,1.0338948,1.2600968,1.0039428,1.1320198
2010-09-11 12:00:00,1.0580333333333334,0.2324333333333333,0.8177526707955949,0.74715286,1.1373701,1.0087317,1.073051
2010-09-11 13:00:00,1.7219,0.3742666666666666,0.7973840387324622,1.6119844,1.0790195,1.005557,1.0422883
2010-09-11 14:00:00,1.8109,0.4270333333333333,0.7922137649433849,1.4361262,1.292596,0.9944775,1.1435368
2010-09-11 15:00:00,0.9680666666666669,0.3281,0.786841740925033,1.6821654,1.2101618,0.989757,1.0999594
2010-09-11 16:00:00,0.4590666666666667,0.9026,0.8003571943473303,1.164347,1.1433719,0.98872703,1.0660495
2010-09-11 17:00:00,1.2209333333333334,1.0888,0.9390100723962017,0.7421693,1.1192031,1.0269042,1.0730536
2010-09-11 18:00:00,0.7318333333333332,2.1483,1.1823809993152432,0.97774255,1.3279976,1.0880313,1.2080145
2010-09-11 19:00:00,0.3817666666666666,1.8013,2.1052896641322905,1.0340369,1.5410701,1.2286701,1.38487
2010-09-11 20:00:00,1.0722999999999998,2.3795,2.3656652429001856,0.83080274,1.9950608,1.4097139,1.7023873
2010-09-11 21:00:00,1.8524,2.0765,2.216632435882966,1.5834283,1.9728608,1.430702,1.7017814
2010-09-11 22:00:00,1.9503333333333333,2.3522000000000003,1.8215315010214175,1.3255457,1.7399004,1.2461004,1.4930004
2010-09-11 23:00:00,1.9510666666666665,1.5219999999999998,1.7660665207712147,1.5849032,1.2820454,0.9636754,1.1228604
2010-09-12 00:00:00,1.9163,1.0361333333333334,1.723726108968567,1.5140179,0.7963433,0.75113314,0.77373827
2010-09-12 01:00:00,1.7626333333333333,0.461,1.6203548097284077,1.5516703,0.5298137,0.64378977,0.58680177
2010-09-12 02:00:00,2.2741,0.345,1.5565809034289084,1.5822582,0.55207926,0.5615124,0.55679584
2010-09-12 03:00:00,2.235966666666667,0.2740666666666666,1.6066389021272593,1.5445668,0.39893612,0.46860248,0.4337693
2010-09-12 04:00:00,1.4288333333333334,0.3428,1.567664136548253,1.2819624,0.43167832,0.39488274,0.41328055
2010-09-12 05:00:00,0.2998,0.3025666666666666,1.8820418949096265,0.50698596,0.41726214,0.33234924,0.3748057
2010-09-12 06:00:00,0.2696,0.7187666666666667,2.209197423879575,0.44041413,0.56533617,0.30185884,0.4335975
2010-09-12 07:00:00,0.3461,1.6514,2.4746184391765893,0.47229922,0.8309043,0.3599167,0.59541047
2010-09-12 08:00:00,0.3628,1.4151,2.4082037615904306,0.79450923,1.0522262,0.51665664,0.7844414
2010-09-12 09:00:00,0.4345,0.8931,2.2581698251586286,0.5788072,1.0343649,0.7193858,0.8768754
2010-09-12 10:00:00,0.2618666666666666,1.3423,1.6763995502733673,0.8788748,1.3386323,0.87386876,1.1062505
2010-09-12 11:00:00,0.8206,0.4276666666666667,1.1362602855452066,0.5252629,1.4609394,0.9595188,1.2102292
2010-09-12 12:00:00,1.1534333333333333,1.0580333333333334,0.8156729377005021,0.61175126,1.2700089,0.99537367,1.1326913
2010-09-12 13:00:00,2.1095333333333333,1.7219,0.7953043056373692,1.6943904,1.2485019,1.007362,1.127932
2010-09-12 14:00:00,1.6432,1.8109,0.7901340318482919,2.1617937,1.2690601,1.033301,1.1511805
2010-09-12 15:00:00,1.5487333333333335,0.9680666666666669,0.7847620078299398,1.6180696,1.4653544,1.0856701,1.2755122
2010-09-12 16:00:00,1.0166,0.4590666666666667,0.7982774612522371,1.345856,1.2456352,1.1007864,1.1732109
2010-09-12 17:00:00,0.4826,1.2209333333333334,0.9369303393011085,1.0167847,1.1752392,1.1193125,1.1472759
2010-09-12 18:00:00,0.4251666666666667,0.7318333333333332,1.18030126622015,0.95315164,1.3508595,1.2211317,1.2859956
2010-09-12 19:00:00,0.3076666666666667,0.3817666666666666,2.1032099310371972,1.0022027,1.6779901,1.4603722,1.5691812
2010-09-12 20:00:00,1.3974,1.0722999999999998,2.363585509805093,0.93669045,1.9978732,1.7111406,1.854507
2010-09-12 21:00:00,1.5438333333333332,1.8524,2.2145527027878726,2.1239023,2.25175,1.6969213,1.9743357
2010-09-12 22:00:00,1.5374333333333332,1.9503333333333333,1.8194517679263247,1.2069774,1.8071041,1.3264396,1.5667719
2010-09-12 23:00:00,1.2895,1.9510666666666665,1.7639867876761217,1.2019762,1.1133082,0.8994724,1.0063903
2010-09-13 00:00:00,0.7721333333333333,1.9163,1.721646375873474,1.0685253,0.6083752,0.6465968,0.627486
2010-09-13 01:00:00,0.3366,1.7626333333333333,1.6182750766333145,0.29179332,0.42807266,0.27667677,0.35237473
2010-09-13 02:00:00,0.9683333333333334,2.2741,1.5545011703338152,0.3649344,0.4385197,0.26052302,0.34952134
2010-09-13 03:00:00,0.3106666666666667,2.235966666666667,1.604559169032166,0.37131777,0.38189864,0.2616402,0.32176942
2010-09-13 04:00:00,0.2142,1.4288333333333334,1.5655844034531599,0.40009716,0.36576965,0.2851892,0.32547945
2010-09-13 05:00:00,0.2632,0.2998,1.8799621618145332,0.34442273,0.36777255,0.43402588,0.40089923
2010-09-13 06:00:00,0.6192333333333333,0.2696,2.207117690784482,0.6868029,0.87736094,0.8859166,0.88163877
2010-09-13 07:00:00,1.9085666666666663,0.3461,2.4725387060814965,1.7013336,1.6949534,1.388459,1.5417062
2010-09-13 08:00:00,1.4395666666666669,0.3628,2.406124028495338,1.5571758,1.5685339,1.3777918,1.4731629
2010-09-13 09:00:00,0.5902333333333334,0.4345,2.2560900920635354,1.315542,1.3403182,1.1877552,1.2640367
2010-09-13 10:00:00,0.3597666666666666,0.2618666666666666,1.6743198171782743,0.64640105,0.863587,0.9852803,0.92443365
2010-09-13 11:00:00,0.3375666666666667,0.8206,1.1341805524501136,0.4271054,0.72111964,0.77455986,0.74783975
2010-09-13 12:00:00,0.2678666666666666,1.1534333333333333,0.8135932046054088,0.48291317,0.8533786,0.63826185,0.7458202
2010-09-13 13:00:00,1.2969000000000002,2.1095333333333333,0.793224572542276,0.33188525,0.7150561,0.5808266,0.64794135
2010-09-13 14:00:00,0.3499666666666667,1.6432,0.7880542987531987,0.95178205,0.62226963,0.4944371,0.55835336
2010-09-13 15:00:00,0.2418,1.5487333333333335,0.7826822747348465,0.44215727,0.68811345,0.4273265,0.55771995
2010-09-13 16:00:00,0.3480666666666667,1.0166,0.7961977281571441,0.3185532,0.79991215,0.40132356,0.6006179
2010-09-13 17:00:00,0.3459,0.4826,0.9348506062060155,0.3873051,1.0094689,0.43506795,0.72226846
2010-09-13 18:00:00,0.7102666666666667,0.4251666666666667,1.1782215331250572,0.6491403,0.740752,0.5782659,0.65950894
2010-09-13 19:00:00,1.227833333333333,0.3076666666666667,2.1011301979421044,1.3213449,1.1152109,0.8825815,0.9988962
2010-09-13 20:00:00,1.4991,1.3974,2.3615057767099996,1.7063961,1.6849345,1.2757049,1.4803197
2010-09-13 21:00:00,1.7951,1.5438333333333332,2.21247296969278,2.442325,1.9850605,1.5420723,1.7635664
2010-09-13 22:00:00,1.4222333333333337,1.5374333333333332,1.8173720348312314,1.4236605,1.4979029,1.3023491,1.400126
2010-09-13 23:00:00,0.3135666666666666,1.2895,1.7619070545810285,0.71396387,0.93559587,0.83469826,0.8851471
2010-09-14 00:00:00,0.3368333333333334,0.7721333333333333,1.7195666427783807,0.38415363,0.62884676,0.50944406,0.56914544
2010-09-14 01:00:00,0.3358,0.3366,1.6161953435382213,0.31361774,0.49172273,0.40287155,0.44729716
2010-09-14 02:00:00,0.3402,0.9683333333333334,1.5524214372387222,0.33543327,0.5898177,0.3666913,0.4782545
2010-09-14 03:00:00,0.2792333333333333,0.3106666666666667,1.602479435937073,0.3168432,0.4874889,0.31634384,0.40191638
2010-09-14 04:00:00,0.2566666666666666,0.2142,1.5635046703580668,0.29868037,0.38681716,0.30562508,0.34622112
2010-09-14 05:00:00,0.2604,0.2632,1.8778824287194404,0.35513335,0.39242154,0.39311737,0.39276946
2010-09-14 06:00:00,0.6287,0.6192333333333333,2.205037957689389,0.8547168,0.7576934,0.7221812,0.7399373
2010-09-14 07:00:00,1.7493333333333334,1.9085666666666663,2.4704589729864033,1.8105202,1.4989271,1.2915468,1.395237
2010-09-14 08:00:00,1.4405,1.4395666666666669,2.4040442954002446,1.5040308,1.3499068,1.5069244,1.4284155
2010-09-14 09:00:00,2.193433333333333,0.5902333333333334,2.254010358968442,1.3026459,1.2311591,1.3542476,1.2927034
2010-09-14 10:00:00,0.9704666666666668,0.3597666666666666,1.672240084083181,1.9132546,0.8494411,1.1992676,1.0243543
2010-09-14 11:00:00,1.7899,0.3375666666666667,1.1321008193550204,1.5489758,0.96262187,1.0357324,0.9991771
2010-09-14 12:00:00,0.5667666666666666,0.2678666666666666,0.8115134715103156,1.1218122,0.6434811,0.88071376,0.7620974
2010-09-14 13:00:00,0.5091666666666667,1.2969000000000002,0.791144839447183,0.7190008,0.7869862,0.6941857,0.7405859
2010-09-14 14:00:00,0.9451666666666668,0.3499666666666667,0.7859745656581056,0.7558114,0.6424347,0.5052439,0.5738393
2010-09-14 15:00:00,0.3289666666666667,0.2418,0.7806025416397537,0.3559188,0.5753841,0.37873703,0.47706056
2010-09-14 16:00:00,0.3869666666666667,0.3480666666666667,0.794117995062051,0.4430837,0.7122272,0.33362615,0.5229267
2010-09-14 17:00:00,0.5251666666666667,0.3459,0.9327708731109224,0.4940636,0.56048006,0.32566202,0.44307104
2010-09-14 18:00:00,1.5987,0.7102666666666667,1.176141800029964,0.8832058,0.7653364,0.40030152,0.582819
2010-09-14 19:00:00,1.9842333333333333,1.227833333333333,2.099050464847011,1.4443495,1.1279923,0.69715554,0.91257393
2010-09-14 20:00:00,2.094433333333334,1.4991,2.3594260436149064,1.988915,1.7454237,1.059231,1.4023273
2010-09-14 21:00:00,2.1402666666666668,1.7951,2.2103932365976866,1.6649396,1.8486897,1.2679292,1.5583094
2010-09-14 22:00:00,1.3248333333333333,1.4222333333333337,1.8152923017361382,1.9814879,1.2222157,1.050683,1.1364493
2010-09-14 23:00:00,0.8584999999999999,0.3135666666666666,1.7598273214859355,0.80333686,0.7580546,0.62204593,0.69005024
2010-09-15 00:00:00,0.3932,0.3368333333333334,1.7174869096832877,0.43067417,0.4711382,0.36310452,0.41712135
2010-09-15 01:00:00,0.4083666666666666,0.3358,1.6141156104431282,0.35650262,0.38584536,0.33320427,0.35952482
2010-09-15 02:00:00,0.3807333333333333,0.3402,1.5503417041436292,0.36162215,0.38773614,0.33163935,0.35968775
2010-09-15 03:00:00,0.351,0.2792333333333333,1.60039970284198,0.34232655,0.40440765,0.30860877,0.3565082
2010-09-15 04:00:00,0.2393333333333333,0.2566666666666666,1.5614249372629738,0.32286948,0.3490996,0.30578625,0.32744294
2010-09-15 05:00:00,0.305,0.2604,1.8758026956243472,0.35350555,0.3568529,0.3986851,0.377769
2010-09-15 06:00:00,0.8122666666666667,0.6287,2.202958224594296,0.9715491,0.7903224,0.78739107,0.78885674
2010-09-15 07:00:00,2.0184,1.7493333333333334,2.46837923989131,1.7007276,1.6854551,1.2803277,1.4828913
2010-09-15 08:00:00,1.5053666666666667,1.4405,2.4019645623051513,1.5214854,1.4430627,1.3270692,1.3850659
2010-09-15 09:00:00,1.1082333333333334,2.193433333333333,2.2519306258733494,1.259037,1.2780731,1.152969,1.2155211
2010-09-15 10:00:00,0.3105666666666666,0.9704666666666668,1.670160350988088,0.6390813,0.92143637,1.0022655,0.9618509
2010-09-15 11:00:00,0.2289666666666666,1.7899,1.1300210862599274,0.38607657,0.8886728,0.8999239,0.8942984
2010-09-15 12:00:00,0.3728666666666667,0.5667666666666666,0.8094337384152228,0.4291881,0.8680986,0.7897016,0.8289001
2010-09-15 13:00:00,0.2737666666666666,0.5091666666666667,0.7890651063520899,0.49989876,0.76068,0.6178299,0.689255
2010-09-15 14:00:00,0.3443333333333333,0.9451666666666668,0.7838948325630126,0.358285,0.787347,0.4310416,0.6091943
2010-09-15 15:00:00,0.3588666666666666,0.3289666666666667,0.7785228085446605,0.38957992,0.5527179,0.30407894,0.42839843
2010-09-15 16:00:00,0.4031333333333333,0.3869666666666667,0.7920382619669578,0.44317162,0.7304072,0.23950881,0.484958
2010-09-15 17:00:00,0.3624,0.5251666666666667,0.9306911400158292,0.621779,0.7924685,0.3448096,0.56863904
2010-09-15 18:00:00,0.9830333333333332,1.5987,1.1740620669348707,0.7370338,1.0597537,0.5284456,0.7940996
2010-09-15 19:00:00,0.2080333333333333,1.9842333333333333,2.096970731751918,0.928162,1.4900469,0.9963702,1.2432085
2010-09-15 20:00:00,0.7553,2.094433333333334,2.357346310519813,0.8566286,1.9061587,1.5663687,1.7362638
2010-09-15 21:00:00,1.586666666666667,2.1402666666666668,2.2083135035025934,1.3111612,2.099429,1.7845017,1.9419653
2010-09-15 22:00:00,1.7083666666666666,1.3248333333333333,1.8132125686410454,1.5082376,1.5541099,1.3046172,1.4293635
2010-09-15 23:00:00,1.0167,0.8584999999999999,1.7577475883908424,1.1895864,0.91233593,0.7026758,0.80750585
2010-09-16 00:00:00,0.4185666666666667,0.3932,1.7154071765881946,0.7879073,0.45307446,0.44864732,0.4508609
2010-09-16 01:00:00,0.3141333333333333,0.4083666666666666,1.6120358773480352,0.3876905,0.37782505,0.39678413,0.3873046
2010-09-16 02:00:00,0.2648666666666666,0.3807333333333333,1.548261971048536,0.32652727,0.36520442,0.3740459,0.36962515
2010-09-16 03:00:00,0.9835,0.351,1.5983199697468868,0.3424569,0.35343012,0.34041178,0.34692097
2010-09-16 04:00:00,0.2645,0.2393333333333333,1.5593452041678806,0.24801397,0.26527297,0.2985235,0.28189823
2010-09-16 05:00:00,0.3103999999999999,0.305,1.873722962529254,0.41731519,0.3383934,0.34355313,0.34097326
2010-09-16 06:00:00,0.6315666666666666,0.8122666666666667,2.2008784914992026,0.86537373,0.79027396,0.94787025,0.8690721
2010-09-16 07:00:00,1.9140666666666664,2.0184,2.466299506796217,1.820571,1.8323952,1.5538943,1.6931448
2010-09-16 08:00:00,1.4490333333333334,1.5053666666666667,2.3998848292100585,1.5443867,1.5752736,1.4118187,1.4935462
2010-09-16 09:00:00,0.5514666666666667,1.1082333333333334,2.249850892778256,1.3416799,1.2848777,1.1425334,1.2137055
2010-09-16 10:00:00,0.5208333333333334,0.3105666666666666,1.668080617892995,0.6325519,0.7920458,0.9308876,0.86146665
2010-09-16 11:00:00,1.34,0.2289666666666666,1.1279413531648343,0.5819723,0.68495417,0.774632,0.7297931
2010-09-16 12:00:00,1.4146666666666663,0.3728666666666667,0.8073540053201296,1.1317394,0.7403469,0.67023873,0.7052928
2010-09-16 13:00:00,1.4808333333333332,0.2737666666666666,0.7869853732569967,1.2444121,0.6399581,0.6039828,0.6219704
2010-09-16 14:00:00,0.5958666666666667,0.3443333333333333,0.7818150994679194,1.1427425,0.6387818,0.5350178,0.58689976
2010-09-16 15:00:00,0.2752666666666667,0.3588666666666666,0.7764430754495673,0.54631215,0.6618672,0.46724737,0.5645573
2010-09-16 16:00:00,0.2105,0.4031333333333333,0.7899585288718648,0.35411474,0.6249395,0.41870588,0.5218227
2010-09-16 17:00:00,0.2618333333333333,0.3624,0.9286114069207362,0.37458405,0.6890944,0.46676785,0.57793117
2010-09-16 18:00:00,0.7915333333333333,0.9830333333333332,1.171982333839778,0.60814214,0.89365625,0.67961544,0.7866359
2010-09-16 19:00:00,1.3970333333333331,0.2080333333333333,2.094890998656825,1.3495761,1.2577163,1.2009957,1.229356
2010-09-16 20:00:00,2.9842999999999997,0.7553,2.3552665774247203,2.2675495,1.5856405,1.7711711,1.6784058
2010-09-16 21:00:00,1.731933333333333,1.586666666666667,2.2062337704075006,2.2248945,1.9345263,1.7882085,1.8613675
2010-09-16 22:00:00,1.4389,1.7083666666666666,1.8111328355459522,1.8023416,1.4775786,1.1674428,1.3225107
2010-09-16 23:00:00,0.7833666666666667,1.0167,1.7556678552957492,0.9252111,0.8247232,0.6006774,0.71270025
2010-09-17 00:00:00,0.4765666666666667,0.4185666666666667,1.7133274434931014,0.5693799,0.45355707,0.37182963,0.41269335
2010-09-17 01:00:00,0.2953,0.3141333333333333,1.609956144252942,0.45385906,0.35233766,0.37596822,0.36415294
2010-09-17 02:00:00,0.5791000000000001,0.2648666666666666,1.5461822379534427,0.29907006,0.33387676,0.39385486,0.3638658
2010-09-17 03:00:00,0.6627333333333334,0.9835,1.5962402366517938,0.38282695,0.3715977,0.35485858,0.36322814
2010-09-17 04:00:00,0.1994999999999999,0.2645,1.5572654710727876,0.3623358,0.32761806,0.2894621,0.30854008
2010-09-17 05:00:00,0.2623666666666666,0.3103999999999999,1.8716432294341612,0.34464967,0.36920348,0.3612439,0.3652237
2010-09-17 06:00:00,0.6324333333333333,0.6315666666666666,2.1987987584041098,0.87838393,0.75087667,0.920876,0.83587635
2010-09-17 07:00:00,1.9198,1.9140666666666664,2.464219773701124,1.7347834,1.6082474,1.466607,1.5374272
2010-09-17 08:00:00,1.3942666666666663,1.4490333333333334,2.3978050961149653,1.5478142,1.3005928,1.43766,1.3691263
2010-09-17 09:00:00,0.8596,0.5514666666666667,2.247771159683163,1.2354186,0.9134199,1.2816118,1.0975158
2010-09-17 10:00:00,0.1999,0.5208333333333334,1.6660008847979018,0.516323,0.8777654,1.1219238,0.9998446
2010-09-17 11:00:00,0.2872333333333333,1.34,1.125861620069741,0.4447689,0.7952791,0.95751035,0.87639475
2010-09-17 12:00:00,0.5261666666666667,1.4146666666666663,0.8052742722250363,0.34453493,0.73921674,0.84100854,0.7901126
2010-09-17 13:00:00,0.3563,1.4808333333333332,0.7849056401619037,0.5839197,0.72563815,0.7586546,0.7421464
2010-09-17 14:00:00,0.7945666666666666,0.5958666666666667,0.7797353663728264,0.43036512,0.681862,0.6942575,0.68805975
2010-09-17 15:00:00,1.6732333333333334,0.2752666666666667,0.7743633423544742,1.0458409,0.5211828,0.63765913,0.5794209
2010-09-17 16:00:00,2.9641666666666664,0.2105,0.7878787957767718,1.5514928,0.50871235,0.58392763,0.54631996
2010-09-17 17:00:00,1.5464666666666669,0.2618333333333333,0.9265316738256432,2.0995226,0.5850192,0.55728036,0.57114977
2010-09-17 18:00:00,1.945633333333333,0.7915333333333333,1.1699026007446847,1.4091383,1.052721,0.66684234,0.8597817
2010-09-17 19:00:00,2.9272,1.3970333333333331,2.092811265561732,1.9142177,1.2308078,1.0926623,1.161735
2010-09-17 20:00:00,2.8731333333333335,2.9842999999999997,2.353186844329627,2.497056,1.8132954,1.6695017,1.7413986
2010-09-17 21:00:00,0.5738333333333333,1.731933333333333,2.2041540373124073,2.2178817,2.023017,1.8222325,1.9226247
2010-09-17 22:00:00,0.5266333333333334,1.4389,1.809053102450859,0.769156,1.5481071,1.3417794,1.4449432
2010-09-17 23:00:00,0.484,0.7833666666666667,1.7535881222006562,0.6528329,0.9799205,0.7219011,0.8509108
2010-09-18 00:00:00,0.2914333333333333,0.4765666666666667,1.7112477103980084,0.46956605,0.51530206,0.44432765,0.47981486
2010-09-18 01:00:00,0.2673666666666667,0.2953,1.607876411157849,0.35390735,0.44965997,0.4615063,0.45558316
2010-09-18 02:00:00,0.8251666666666666,0.5791000000000001,1.5441025048583499,0.32885474,0.40983683,0.4679339,0.43888536
2010-09-18 03:00:00,0.3550333333333333,0.6627333333333334,1.5941605035567008,0.298232,0.46069375,0.4358074,0.4482506
2010-09-18 04:00:00,0.331,0.1994999999999999,1.5551857379776945,0.3433889,0.36531004,0.40443468,0.38487238
2010-09-18 05:00:00,0.2082333333333333,0.2623666666666666,1.869563496339068,0.3619165,0.41578636,0.4562117,0.43599904
2010-09-18 06:00:00,0.6108666666666667,0.6324333333333333,2.1967190253090165,0.70080364,0.6796476,0.7500737,0.7148607
2010-09-18 07:00:00,1.804,1.9198,2.4621400406060308,1.6032478,1.5724826,1.2624115,1.4174471
2010-09-18 08:00:00,1.3785999999999998,1.3942666666666663,2.395725363019872,1.5490611,1.5079978,1.5571685,1.5325831
2010-09-18 09:00:00,0.8287,0.8596,2.2456914265880696,1.2351539,1.2301692,1.5768924,1.4035308
2010-09-18 10:00:00,0.5166333333333334,0.1999,1.6639211517028087,0.9033604,1.2667483,1.4910765,1.3789124
2010-09-18 11:00:00,0.3648666666666667,0.2872333333333333,1.123781886974648,0.71656317,1.2949059,1.4043099,1.349608
2010-09-18 12:00:00,0.3004,0.5261666666666667,0.8031945391299435,0.6540817,1.2796334,1.3481297,1.3138816
2010-09-18 13:00:00,0.8346333333333333,0.3563,0.7828259070668107,0.56587124,1.354519,1.3540734,1.3542962
2010-09-18 14:00:00,1.0549333333333333,0.7945666666666666,0.7776556332777333,1.0617644,1.1888971,1.3653977,1.2771474
2010-09-18 15:00:00,0.8408666666666667,1.6732333333333334,0.7722836092593812,1.0125226,1.1163338,1.3503152,1.2333245
2010-09-18 16:00:00,0.9072666666666668,2.9641666666666664,0.7857990626816785,0.7376349,1.0181283,1.3140861,1.1661072
2010-09-18 17:00:00,1.3213666666666666,1.5464666666666669,0.9244519407305499,0.62322164,1.162685,1.4094613,1.2860732
2010-09-18 18:00:00,0.7356333333333333,1.945633333333333,1.1678228676495914,1.3509961,1.2477523,1.6259397,1.436846
2010-09-18 19:00:00,1.5119,2.9272,2.0907315324666387,1.1597933,1.6239376,2.0774312,1.8506844
2010-09-18 20:00:00,1.7384666666666666,2.8731333333333335,2.3511071112345343,1.3944188,2.09996,2.3828344,2.2413974
2010-09-18 21:00:00,1.5982333333333334,0.5738333333333333,2.202074304217314,1.6599275,1.875184,2.159544,2.017364
2010-09-18 22:00:00,1.6708,0.5266333333333334,1.8069733693557661,1.4202473,1.5264714,1.5322845,1.5293779
2010-09-18 23:00:00,0.5027,0.484,1.7515083891055632,1.110163,1.2392565,1.0723736,1.1558151
2010-09-19 00:00:00,0.3826,0.2914333333333333,1.7091679773029154,0.49687684,0.75632435,0.8773179,0.8168211
2010-09-19 01:00:00,0.4039666666666666,0.2673666666666667,1.605796678062756,0.42707723,0.60059434,0.76555395,0.6830741
2010-09-19 02:00:00,0.414,0.8251666666666666,1.5420227717632566,0.4641034,0.6755684,0.6767185,0.6761434
2010-09-19 03:00:00,0.4856999999999999,0.3550333333333333,1.5920807704616076,0.37853405,0.5275034,0.5639883,0.54574585
2010-09-19 04:00:00,0.2816333333333333,0.331,1.5531060048826013,0.44461823,0.49034318,0.46063095,0.47548705
2010-09-19 05:00:00,0.1971,0.2082333333333333,1.8674837632439747,0.30710167,0.4092995,0.37905735,0.39417842
2010-09-19 06:00:00,0.2370666666666666,0.6108666666666667,2.1946392922139233,0.40864444,0.5588046,0.4343047,0.49655464
2010-09-19 07:00:00,0.5294333333333333,1.804,2.460060307510938,0.45287392,0.92246044,0.739521,0.83099073
2010-09-19 08:00:00,0.9478333333333332,1.3785999999999998,2.3936456299247793,0.85985833,0.833151,1.2299045,1.0315278
2010-09-19 09:00:00,0.8190666666666666,0.8287,2.243611693492977,0.89131176,1.0452651,1.4609263,1.2530956
2010-09-19 10:00:00,0.5698333333333333,0.5166333333333334,1.6618414186077157,0.6824828,1.1057917,1.4884741,1.297133
2010-09-19 11:00:00,0.2659,0.3648666666666667,1.121702153879555,0.6545365,1.2602797,1.4873315,1.3738055
2010-09-19 12:00:00,0.2129333333333333,0.3004,0.8011148060348503,0.46147382,1.0363866,1.5001485,1.2682676
2010-09-19 13:00:00,0.4809333333333334,0.8346333333333333,0.7807461739717174,0.51198494,1.1804422,1.5174968,1.3489695
2010-09-19 14:00:00,0.3187333333333333,1.0549333333333333,0.7755759001826401,0.7653403,1.1070127,1.497986,1.3024993
2010-09-19 15:00:00,0.2951,0.8408666666666667,0.770203876164288,0.51869625,1.1368845,1.4603404,1.2986124
2010-09-19 16:00:00,0.2527999999999999,0.9072666666666668,0.7837193295865855,0.43631172,1.2596741,1.4008282,1.3302512
2010-09-19 17:00:00,0.3328,1.3213666666666666,0.9223722076354569,0.4903001,1.0572226,1.3958912,1.2265569
2010-09-19 18:00:00,1.6387333333333334,0.7356333333333333,1.1657431345544986,0.71216375,1.1747041,1.5340112,1.3543577
2010-09-19 19:00:00,1.0944666666666667,1.5119,2.088651799371546,1.7608124,1.7021117,1.9040365,1.8030741
2010-09-19 20:00:00,2.343566666666667,1.7384666666666666,2.349027378139441,1.8749543,2.0782921,2.2717528,2.1750226
2010-09-19 21:00:00,1.8975666666666664,1.5982333333333334,2.1999945711222213,2.319084,1.5891935,2.2358751,1.9125342
2010-09-19 22:00:00,0.7172333333333333,1.6708,1.804893636260673,1.2735376,1.3606395,1.6759381,1.5182889
2010-09-19 23:00:00,0.2076666666666667,0.5027,1.74942865601047,0.641425,0.76324064,1.0678573,0.9155489
2010-09-20 00:00:00,0.3577666666666667,0.3826,1.7070882442078221,0.3071621,0.448312,0.7917776,0.6200448
2010-09-20 01:00:00,0.3307333333333334,0.4039666666666666,1.6037169449676627,0.34842545,0.4160444,0.38054627,0.39829534
2010-09-20 02:00:00,0.8504666666666666,0.414,1.5399430386681634,0.32032812,0.39662883,0.34640712,0.37151796
2010-09-20 03:00:00,0.2718666666666667,0.4856999999999999,1.5900010373665145,0.29282233,0.4208514,0.33488375,0.37786758
2010-09-20 04:00:00,0.1951,0.2816333333333333,1.5510262717875083,0.38241094,0.47209737,0.33878434,0.40544087
2010-09-20 05:00:00,0.2795333333333333,0.1971,1.865404030148882,0.3440178,0.3356606,0.46174902,0.39870483
2010-09-20 06:00:00,0.6302,0.2370666666666666,2.1925595591188305,0.6169389,0.788596,0.94277084,0.86568344
2010-09-20 07:00:00,2.116966666666667,0.5294333333333333,2.4579805744158447,1.6375312,1.5913364,1.5286604,1.5599984
2010-09-20 08:00:00,1.4034333333333333,0.9478333333333332,2.391565896829686,1.6131235,1.5863883,1.5363424,1.5613654
2010-09-20 09:00:00,1.3784666666666667,0.8190666666666666,2.2415319603978836,1.3244921,1.0776988,1.2976587,1.1876788
2010-09-20 10:00:00,1.4202666666666666,0.5698333333333333,1.6597616855126225,1.2600958,0.8544639,1.1072458,0.98085487
2010-09-20 11:00:00,0.8689,0.2659,1.1196224207844618,1.2656914,0.60637754,0.9951591,0.8007683
2010-09-20 12:00:00,2.172266666666667,0.2129333333333333,0.7990350729397571,1.3099195,0.46730196,0.8130169,0.6401594
2010-09-20 13:00:00,1.165266666666667,0.4809333333333334,0.7786664408766244,1.5820845,0.7557554,0.63449645,0.69512594
2010-09-20 14:00:00,0.9749333333333332,0.3187333333333333,0.7734961670875471,0.79967976,0.5157631,0.52401865,0.5198909
2010-09-20 15:00:00,1.3373333333333333,0.2951,0.768124143069195,0.75853413,0.36921477,0.483765,0.4264899
2010-09-20 16:00:00,1.3559,0.2527999999999999,0.7816395964914925,1.0793469,0.4284495,0.4785207,0.4534851
2010-09-20 17:00:00,1.4825333333333333,0.3328,0.9202924745403639,1.0638736,0.59654653,0.4766327,0.5365896
2010-09-20 18:00:00,1.1808666666666667,1.6387333333333334,1.1636634014594054,1.3231261,0.6196802,0.5882024,0.6039413
2010-09-20 19:00:00,1.3009,1.0944666666666667,2.0865720662764526,1.64189,1.2533835,0.95191103,1.1026473
2010-09-20 20:00:00,2.063066666666667,2.343566666666667,2.346947645044348,1.778237,1.7476617,1.3896863,1.5686741
2010-09-20 21:00:00,2.5983666666666663,1.8975666666666664,2.197914838027128,2.2579706,1.6868628,1.5833561,1.6351094
2010-09-20 22:00:00,1.689366666666667,0.7172333333333333,1.8028139031655797,1.5771734,1.1593549,1.2353543,1.1973546
2010-09-20 23:00:00,0.6227,0.2076666666666667,1.747348922915377,0.6313487,0.61408746,0.72328496,0.6686862
2010-09-21 00:00:00,0.4720333333333333,0.3577666666666667,1.705008511112729,0.5000646,0.5044834,0.4609673,0.48272535
2010-09-21 01:00:00,0.3028333333333333,0.3307333333333334,1.6016372118725697,0.40493533,0.40937337,0.42760408,0.41848874
2010-09-21 02:00:00,0.2044666666666666,0.8504666666666666,1.5378633055730706,0.34171897,0.39439324,0.4076916,0.4010424
2010-09-21 03:00:00,0.2689,0.2718666666666667,1.5879213042714215,0.3155373,0.37128964,0.33815646,0.35472304
2010-09-21 04:00:00,0.2723,0.1951,1.5489465386924153,0.33572838,0.32634112,0.27659768,0.3014694
2010-09-21 05:00:00,0.9105,0.2795333333333333,1.8633242970537887,0.34962147,0.400066,0.39345717,0.3967616
2010-09-21 06:00:00,0.6151666666666668,0.6302,2.1904798260237373,0.74423736,0.78205335,0.96762896,0.87484115
2010-09-21 07:00:00,1.8787333333333336,2.116966666666667,2.4559008413207515,1.8651242,1.5817819,1.4704406,1.5261112
2010-09-21 08:00:00,1.3339666666666663,1.4034333333333333,2.3894861637345928,1.5403652,1.3535302,1.3550928,1.3543115
2010-09-21 09:00:00,1.3714666666666666,1.3784666666666667,2.2394522273027904,1.2987951,1.4294232,1.189858,1.3096406
2010-09-21 10:00:00,1.0264,1.4202666666666666,1.6576819524175295,1.1336768,0.96685797,1.066064,1.016461
2010-09-21 11:00:00,0.7342333333333334,0.8689,1.1175426876893688,1.1572663,0.8472497,0.95178246,0.8995161
2010-09-21 12:00:00,0.8323666666666667,2.172266666666667,0.7969553398446643,0.700564,0.9214215,0.8566842,0.88905287
2010-09-21 13:00:00,0.5928666666666668,1.165266666666667,0.7765867077815314,0.61061376,0.76446193,0.76841104,0.76643646
2010-09-21 14:00:00,0.3046333333333333,0.9749333333333332,0.7714164339924541,0.57402676,0.6846139,0.69380057,0.6892072
2010-09-21 15:00:00,0.4209333333333333,1.3373333333333333,0.766044409974102,0.25980178,0.65167063,0.6458198,0.6487452
2010-09-21 16:00:00,0.4111333333333333,1.3559,0.7795598633963993,0.36306816,0.65165025,0.6204342,0.63604224
2010-09-21 17:00:00,0.2477333333333333,1.4825333333333333,0.9182127414452707,0.4400377,0.69192564,0.61116505,0.65154535
2010-09-21 18:00:00,0.3106333333333334,1.1808666666666667,1.1615836683643121,0.4680701,0.96890545,0.70732254,0.838114
2010-09-21 19:00:00,0.5627666666666666,1.3009,2.0844923331813594,0.77911097,1.2722232,1.0730727,1.172648
2010-09-21 20:00:00,2.0710333333333333,2.063066666666667,2.3448679119492546,1.5569435,2.0682404,1.5389205,1.8035805
2010-09-21 21:00:00,2.0067666666666666,2.5983666666666663,2.195835104932035,1.7193838,2.2033198,1.6630064,1.9331632
2010-09-21 22:00:00,1.0306666666666666,1.689366666666667,1.8007341700704864,1.3261077,1.2303159,1.2272149,1.2287655
2010-09-21 23:00:00,0.3404,0.6227,1.745269189820284,0.70319766,0.73270065,0.659933,0.69631684
2010-09-22 00:00:00,0.2854333333333333,0.4720333333333333,1.702928778017636,0.40617555,0.47262937,0.4148221,0.44372573
2010-09-22 01:00:00,0.3053666666666667,0.3028333333333333,1.5995574787774767,0.35616735,0.36964446,0.39597714,0.3828108
2010-09-22 02:00:00,0.3270666666666666,0.2044666666666666,1.5357835724779774,0.3095706,0.36774388,0.39918035,0.38346213
2010-09-22 03:00:00,0.2604333333333333,0.2689,1.5858415711763283,0.32212293,0.36811957,0.36661553,0.36736757
2010-09-22 04:00:00,0.7687,0.2723,1.546866805597322,0.31008726,0.3266765,0.34579915,0.33623782
2010-09-22 05:00:00,0.3939666666666667,0.9105,1.8612445639586954,0.37072328,0.43276858,0.5497264,0.4912475
2010-09-22 06:00:00,0.5784,0.6151666666666668,2.188400092928644,1.0531522,0.7793696,1.181983,0.9806763
2010-09-22 07:00:00,2.0355333333333334,1.8787333333333336,2.4538211082256582,1.827069,1.9383821,1.4223776,1.6803799
2010-09-22 08:00:00,1.8892,1.3339666666666663,2.3874064306395,1.6607621,1.6585244,1.1753759,1.4169502
2010-09-22 09:00:00,1.8499333333333332,1.3714666666666666,2.2373724942076976,1.7857234,1.4133551,0.99142027,1.2023877
2010-09-22 10:00:00,1.5564,1.0264,1.6556022193224365,1.4364954,0.9982992,0.86305326,0.9306762
2010-09-22 11:00:00,0.3938333333333333,0.7342333333333334,1.1154629545942758,0.7917809,0.7126402,0.7518406,0.73224044
2010-09-22 12:00:00,0.7272666666666667,0.8323666666666667,0.794875606749571,0.5370722,0.74694246,0.68647444,0.7167084
2010-09-22 13:00:00,1.437466666666667,0.5928666666666668,0.7745069746864381,0.7666053,0.7088078,0.6496422,0.679225
2010-09-22 14:00:00,0.3046333333333333,0.3046333333333333,0.7693367008973608,1.0868928,0.5989221,0.60520357,0.6020628
2010-09-22 15:00:00,0.9953,0.4209333333333333,0.7639646768790087,0.2930419,0.683144,0.56812346,0.6256337
2010-09-22 16:00:00,1.3890333333333331,0.4111333333333333,0.777480130301306,0.5495408,0.683144,0.53642344,0.6097837
2010-09-22 17:00:00,1.4524333333333332,0.2477333333333333,0.9161330083501776,1.1654831,0.64545345,0.52824795,0.5868507
2010-09-22 18:00:00,1.643,0.3106333333333334,1.1595039352692194,1.237362,0.82626945,0.62072384,0.7234967
2010-09-22 19:00:00,1.6807,0.5627666666666666,2.0824126000862666,1.7231961,1.0165735,0.98748046,1.002027
2010-09-22 20:00:00,2.1387,2.0710333333333333,2.342788178854162,2.0942793,1.6535016,1.4064863,1.529994
2010-09-22 21:00:00,1.5795666666666668,2.0067666666666666,2.193755371836942,1.8322904,1.952202,1.5579885,1.7550952
2010-09-22 22:00:00,0.8024,1.0306666666666666,1.7986544369753936,1.3117458,1.5107584,1.1918893,1.3513238
2010-09-22 23:00:00,0.3784666666666666,0.3404,1.7431894567251907,0.5314481,0.7667665,0.67609227,0.72142935
2010-09-23 00:00:00,0.3320666666666667,0.2854333333333333,1.7008490449225429,0.41492042,0.4567284,0.42131674,0.43902257
2010-09-23 01:00:00,0.4959,0.3053666666666667,1.5974777456823834,0.34609997,0.40987858,0.37649375,0.39318615
2010-09-23 02:00:00,0.7034,0.3270666666666666,1.5337038393828841,0.4307384,0.3513732,0.36045146,0.35591233
2010-09-23 03:00:00,0.2988333333333333,0.2604333333333333,1.5837618380812353,0.3029154,0.36654192,0.32128024,0.34391108
2010-09-23 04:00:00,0.2033333333333333,0.7687,1.544787072502229,0.33131224,0.38027722,0.3241517,0.35221446
2010-09-23 05:00:00,0.2656,0.3939666666666667,1.8591648308636026,0.36026978,0.3982487,0.49195713,0.44510293
2010-09-23 06:00:00,0.7313666666666666,0.5784,2.186320359833551,0.9122873,0.7221877,0.95485324,0.83852047
2010-09-23 07:00:00,2.5547,2.0355333333333334,2.4517413751305654,1.8647634,1.6788709,1.3240178,1.5014443
2010-09-23 08:00:00,1.9102333333333337,1.8892,2.3853266975444067,1.6995199,1.4522276,1.265648,1.3589377
2010-09-23 09:00:00,1.4231666666666667,1.8499333333333332,2.2352927611126043,1.5626408,1.088598,1.0801558,1.0843769
2010-09-23 10:00:00,1.818466666666667,1.5564,1.6535224862273432,1.4608968,0.9430583,0.91166687,0.92736256
2010-09-23 11:00:00,0.8200666666666667,0.3938333333333333,1.1133832214991826,1.4723265,0.8543187,0.76830775,0.8113132
2010-09-23 12:00:00,1.5701,0.7272666666666667,0.7927958736544778,0.55811286,0.80244875,0.6193431,0.7108959
2010-09-23 13:00:00,1.4991,1.437466666666667,0.7724272415913451,1.0922737,0.76020753,0.46190614,0.6110568
2010-09-23 14:00:00,1.401166666666667,0.3046333333333333,0.7672569678022678,1.1494356,0.5253642,0.35955334,0.44245878
2010-09-23 15:00:00,0.6156666666666666,0.9953,0.7618849437839157,1.1779509,0.573755,0.29677862,0.43526682
2010-09-23 16:00:00,0.3339,1.3890333333333331,0.7754003972062132,0.41528472,0.5391574,0.26024896,0.39970317
2010-09-23 17:00:00,0.3684333333333333,1.4524333333333332,0.9140532752550846,0.46296272,0.60921806,0.31439555,0.4618068
2010-09-23 18:00:00,0.6257333333333333,1.643,1.1574242021741261,0.8177379,0.8254813,0.5437901,0.6846357
2010-09-23 19:00:00,1.2010333333333334,1.6807,2.0803328669911734,1.4263282,1.3467079,0.8817257,1.1142168
2010-09-23 20:00:00,0.9679333333333332,2.1387,2.3407084457590686,1.8878136,2.0943139,1.1772048,1.6357594
2010-09-23 21:00:00,2.0422333333333333,1.5795666666666668,2.191675638741849,1.5087712,2.0059054,1.2866749,1.6462901
2010-09-23 22:00:00,1.0331,0.8024,1.7965747038803004,1.3406907,1.4474849,1.0204974,1.2339911
2010-09-23 23:00:00,0.9488333333333332,0.3784666666666666,1.7411097236300974,0.6681631,0.76539266,0.65966314,0.7125279
2010-09-24 00:00:00,0.4999333333333333,0.3320666666666667,1.6987693118274498,0.6556939,0.48930237,0.43105417,0.46017826
2010-09-24 01:00:00,0.3203,0.4959,1.5953980125872904,0.46097165,0.4333987,0.34592372,0.3896612
2010-09-24 02:00:00,0.3141666666666666,0.7034,1.5316241062877913,0.34765708,0.41006523,0.3125,0.36128262
2010-09-24 03:00:00,0.2668333333333333,0.2988333333333333,1.5816821049861423,0.30828255,0.32854262,0.26944727,0.29899496
2010-09-24 04:00:00,0.2029,0.2033333333333333,1.542707339407136,0.33892992,0.3278902,0.24930853,0.28859937
2010-09-24 05:00:00,0.7952666666666667,0.2656,1.8570850977685094,0.35469303,0.39959866,0.3479941,0.37379637
2010-09-24 06:00:00,0.7827666666666667,0.7313666666666666,2.184240626738458,0.806517,0.839864,0.7232552,0.7815596
2010-09-24 07:00:00,2.1366666666666663,2.5547,2.449661642035472,1.7116824,1.8178369,1.1752107,1.4965239
2010-09-24 08:00:00,1.4683333333333333,1.9102333333333337,2.3832469644493135,1.6470399,1.5519558,1.3048899,1.4284229
2010-09-24 09:00:00,1.3575333333333333,1.4231666666666667,2.233213028017511,1.2135468,1.3167144,1.2527741,1.2847443
2010-09-24 10:00:00,1.2882,1.818466666666667,1.6514427531322502,1.2363226,1.2115953,1.1578628,1.1847291
2010-09-24 11:00:00,0.3957666666666666,0.8200666666666667,1.1113034884040895,1.097641,0.9527903,1.0416538,0.99722207
2010-09-24 12:00:00,0.5886666666666667,1.5701,0.790716140559385,0.5252654,0.8121329,0.8460629,0.82909787
2010-09-24 13:00:00,0.8107,1.4991,0.7703475084962521,0.6557581,0.8253162,0.70816255,0.76673937
2010-09-24 14:00:00,0.9828333333333332,1.401166666666667,0.7651772347071748,0.7558712,0.78272617,0.60252506,0.69262564
2010-09-24 15:00:00,0.2648666666666666,0.6156666666666666,0.7598052106888227,0.8308079,1.1419854,0.48982263,0.815904
2010-09-24 16:00:00,0.6632,0.3339,0.77332066411112,0.2772306,1.4585859,0.45537364,0.95697975
2010-09-24 17:00:00,0.7355333333333333,0.3684333333333333,0.9119735421599914,0.6012606,1.1788504,0.53606224,0.8574563
2010-09-24 18:00:00,0.8364666666666667,0.6257333333333333,1.1553444690790329,0.9140991,1.1922222,0.86642885,1.0293255
2010-09-24 19:00:00,2.0984,1.2010333333333334,2.07825313389608,1.7751181,1.8633021,1.4617862,1.6625441
2010-09-24 20:00:00,2.2476,0.9679333333333332,2.3386287126639758,2.9414017,2.0764291,1.8491901,1.9628096
2010-09-24 21:00:00,1.5723666666666667,2.0422333333333333,2.1895959056467555,1.879034,1.7382151,1.7669532,1.7525842
2010-09-24 22:00:00,1.0881666666666667,1.0331,1.7944949707852071,1.4069939,1.2932706,1.2412136,1.2672421
2010-09-24 23:00:00,0.4157333333333333,0.9488333333333332,1.7390299905350046,0.60684013,0.86537164,0.7744668,0.8199192
2010-09-25 00:00:00,0.3555,0.4999333333333333,1.6966895787323568,0.4271984,0.55196434,0.5425933,0.5472788
2010-09-25 01:00:00,0.9487333333333332,0.3203,1.5933182794921974,0.32476738,0.42921332,0.46499985,0.4471066
2010-09-25 02:00:00,0.2379666666666667,0.3141666666666666,1.529544373192698,0.22482346,0.4055221,0.43582326,0.42067268
2010-09-25 03:00:00,0.2406071428571428,0.2668333333333333,1.579602371891049,0.31551132,0.39792928,0.3633095,0.3806194
2010-09-28 19:00:00,2.1969787234042553,0.2029,1.5406276063120428,0.5536775,0.6479118,0.31557053,0.48174116
2010-09-28 20:00:00,1.9826333333333332,0.7952666666666667,1.8550053646734161,2.4579673,1.1698302,0.3440296,0.7569299
2010-09-28 21:00:00,2.0791666666666666,0.7827666666666667,2.1821608936433647,2.0039809,1.4263313,0.6365757,1.0314535
2010-09-28 22:00:00,1.0864333333333334,2.1366666666666663,2.4475819089403794,1.4403756,1.6656458,0.96682173,1.3162338
2010-09-28 23:00:00,0.9712333333333334,1.4683333333333333,2.3811672313542207,0.6232575,1.0211312,1.1865637,1.1038475
2010-09-29 00:00:00,0.9060333333333334,1.3575333333333333,2.2311332949224183,0.7922168,0.73620766,1.2398039,0.98800576
2010-09-29 01:00:00,0.7261666666666666,1.2882,1.6493630200371572,0.70412993,0.62965184,0.9833679,0.80650985
2010-09-29 02:00:00,0.8463999999999999,0.3957666666666666,1.1092237553089965,0.58413583,0.44063723,0.9017986,0.6712179
2010-09-29 03:00:00,0.5398333333333334,0.5886666666666667,0.7886364074642918,0.33997017,0.4848595,1.0260254,0.75544244
2010-09-29 04:00:00,0.3545666666666667,0.8107,0.7682677754011589,0.60451376,0.5431712,1.1850653,0.8641182
2010-09-29 05:00:00,0.3657666666666667,0.9828333333333332,0.7630975016120816,0.39694154,0.8074268,1.1926708,1.0000489
2010-09-29 06:00:00,0.7652333333333333,0.2648666666666666,0.7577254775937294,0.8057394,0.7279285,1.0937581,0.9108433
2010-09-29 07:00:00,2.4926000000000004,0.6632,0.7712409310160268,1.4927891,1.2004298,0.9842295,1.0923296
2010-09-29 08:00:00,1.5998666666666668,0.7355333333333333,0.9098938090648984,1.8134025,1.2049433,0.91508836,1.0600158
2010-09-29 09:00:00,1.5772666666666666,0.8364666666666667,1.15326473598394,1.3873019,1.1276754,0.887696,1.0076857
2010-09-29 10:00:00,1.4527,2.0984,2.0761734008009873,1.4784006,1.4103714,0.8907218,1.1505466
2010-09-29 11:00:00,1.4236666666666666,2.2476,2.3365489795688825,1.3551284,1.369974,0.9095291,1.1397516
2010-09-29 12:00:00,1.0519666666666667,1.5723666666666667,2.1875161725516628,1.2803544,1.2250745,0.9387746,1.0819246
2010-09-29 13:00:00,0.3959666666666666,1.0881666666666667,1.7924152376901143,0.9828199,1.1645935,0.90373695,1.0341651
2010-09-29 14:00:00,1.1739333333333333,0.4157333333333333,1.7369502574399114,0.9758357,0.8576691,0.8443773,0.8510232
2010-09-29 15:00:00,1.6014333333333333,0.3555,1.6946098456372636,0.73786706,0.7150105,0.7922137,0.7536121
2010-09-29 16:00:00,1.4675333333333331,0.9487333333333332,1.5912385463971042,1.4339001,0.8150166,0.8529865,0.83400154
2010-09-29 17:00:00,1.4179666666666668,0.2379666666666667,1.5274646400976049,1.2622952,0.48165035,1.0373492,0.7594998
2010-09-29 18:00:00,1.231,0.2406071428571428,1.577522638795956,1.2807702,0.5151007,1.208835,0.86196786
2010-09-29 19:00:00,0.9260666666666668,2.1969787234042553,1.5385478732169497,1.1481942,1.3867286,1.4083614,1.3975451
2010-09-29 20:00:00,1.7860666666666667,1.9826333333333332,1.8529256315783234,1.3501116,1.4769913,1.6431683,1.5600798
2010-09-29 21:00:00,1.5102666666666666,2.0791666666666666,2.180081160548272,2.1332295,1.516972,1.5404483,1.5287101
2010-09-29 22:00:00,1.3882,1.0864333333333334,2.445502175845286,1.7056091,1.49286,1.1211772,1.3070185
2010-09-29 23:00:00,1.0732666666666666,0.9712333333333334,2.3790874982591275,0.44668,1.0058695,0.71924436,0.86255693
2010-09-30 00:00:00,0.4951,0.9060333333333334,2.229053561827325,0.49376607,0.7062671,0.49862242,0.60244477
2010-09-30 01:00:00,0.6155666666666666,0.7261666666666666,1.647283286942064,0.5173504,0.54463226,0.37491935,0.4597758
2010-09-30 02:00:00,0.6082,0.8463999999999999,1.1071440222139033,0.4744133,0.44573262,0.35825443,0.4019935
2010-09-30 03:00:00,0.4977999999999999,0.5398333333333334,0.7865566743691985,0.4718445,0.37273896,0.34388757,0.35831326
2010-09-30 04:00:00,0.5483,0.3545666666666667,0.7661880423060659,0.5195825,0.40277934,0.3765784,0.38967887
2010-09-30 05:00:00,0.4808,0.3657666666666667,0.7610177685169885,0.57425886,0.43926308,0.5146053,0.4769342
2010-09-30 06:00:00,0.9968333333333332,0.7652333333333333,0.7556457444986364,0.91262984,0.6797914,0.9143957,0.7970935
2010-09-30 07:00:00,2.6383666666666667,2.4926000000000004,0.769161197920934,1.6735581,1.4426064,1.4499736,1.44629
2010-09-30 08:00:00,1.6083,1.5998666666666668,0.9078140759698053,1.8261312,1.3312303,1.5833406,1.4572854
2010-09-30 09:00:00,1.3473333333333335,1.5772666666666666,1.1511850028888468,1.4333993,1.3723475,1.4132892,1.3928183
2010-09-30 10:00:00,1.447633333333333,1.4527,2.074093667705894,1.2409995,1.3806299,1.2298768,1.3052533
2010-09-30 11:00:00,1.1480333333333337,1.4236666666666666,2.3344692464737893,1.4947848,1.7871745,1.0853922,1.4362833
2010-09-30 12:00:00,0.5352,1.0519666666666667,2.1854364394565695,0.7565789,1.5206536,0.9838512,1.2522523
2010-09-30 13:00:00,0.5711333333333334,0.3959666666666666,1.790335504595021,0.8056659,1.1402757,0.9371308,1.0387032
2010-09-30 14:00:00,0.6650666666666666,1.1739333333333333,1.7348705243448181,0.69660825,0.9144336,0.90827274,0.9113532
2010-09-30 15:00:00,0.6374333333333334,1.6014333333333333,1.6925301125421706,0.7603344,0.7714056,0.8728181,0.82211185
2010-09-30 16:00:00,0.4538666666666666,1.4675333333333331,1.5891588133020111,0.7395661,0.7259552,0.81410766,0.77003145
2010-09-30 17:00:00,0.6844,1.4179666666666668,1.525384907002512,0.68278754,0.7435828,0.7832376,0.7634102
2010-09-30 18:00:00,2.0233333333333334,1.231,1.575442905700863,1.0755963,0.897799,0.86648256,0.88214076
2010-09-30 19:00:00,0.7304333333333334,0.9260666666666668,1.5364681401218567,2.1950405,1.5173206,1.3548588,1.4360898
2010-09-30 20:00:00,0.4445333333333333,1.7860666666666667,1.8508458984832301,1.2151196,1.8776507,1.8013475,1.8394991
2010-09-30 21:00:00,0.3501666666666667,1.5102666666666666,2.1780014274531787,0.7606679,1.9470379,1.7911224,1.8690802
2010-09-30 22:00:00,0.4571666666666666,1.3882,2.443422442750193,0.48374656,1.4452786,1.3518978,1.3985882
2010-09-30 23:00:00,0.8196333333333333,1.0732666666666666,2.3770077651640342,0.63100046,0.96045244,0.9055112,0.93298185
2010-10-01 00:00:00,0.4665333333333333,0.4951,2.226973828732232,0.56197417,0.488116,0.6664951,0.57730556
2010-10-01 01:00:00,0.4644666666666667,0.6155666666666666,1.645203553846971,0.40508658,0.51428896,0.47499144,0.4946402
2010-10-01 02:00:00,0.3935333333333333,0.6082,1.1050642891188103,0.45655128,0.48009524,0.43452018,0.4573077
2010-10-01 03:00:00,1.1539666666666666,0.4977999999999999,0.7844769412741055,0.42249018,0.45276034,0.4061045,0.42943242
2010-10-01 04:00:00,0.2984333333333333,0.5483,0.7641083092109728,0.2718749,0.36640656,0.41684514,0.39162585
2010-10-01 05:00:00,0.3476999999999999,0.4808,0.7589380354218955,0.43142745,0.43746784,0.5021352,0.46980155
2010-10-01 06:00:00,0.7348666666666667,0.9968333333333332,0.7535660114035434,1.0255461,0.86995,0.8517232,0.8608366
2010-10-01 07:00:00,2.3709,2.6383666666666667,0.7670814648258407,1.5397736,1.8570029,1.4328284,1.6449156
2010-10-01 08:00:00,1.4533999999999998,1.6083,0.9057343428747121,1.7986042,1.69829,1.5966735,1.6474817
2010-10-01 09:00:00,0.4615999999999999,1.3473333333333335,1.1491052697937536,1.2981348,1.4117513,1.5039283,1.4578397
2010-10-01 10:00:00,0.4330666666666667,1.447633333333333,2.072013934610801,0.84437543,1.2863578,1.4402544,1.363306
2010-10-01 11:00:00,1.5200666666666665,1.1480333333333337,2.332389513378696,0.872269,1.2945747,1.3927884,1.3436816
2010-10-01 12:00:00,2.4493666666666667,0.5352,2.1833567063614763,1.4395694,1.2562277,1.330656,1.2934419
2010-10-01 13:00:00,1.7681666666666669,0.5711333333333334,1.7882557714999279,1.9795064,1.2042028,1.2098873,1.2070451
2010-10-01 14:00:00,1.4742666666666666,0.6650666666666666,1.7327907912497253,1.6918737,0.88451993,0.96625704,0.92538846
2010-10-01 15:00:00,1.0447666666666666,0.6374333333333334,1.6904503794470775,1.2390003,0.78007126,0.8392373,0.80965424
2010-10-01 16:00:00,1.7117666666666669,0.4538666666666666,1.5870790802069181,1.2656,0.8352488,0.71831965,0.77678424
2010-10-01 17:00:00,0.3544333333333334,0.6844,1.5233051739074188,1.4581171,0.86555696,0.71277356,0.78916526
2010-10-01 18:00:00,0.5629000000000001,2.0233333333333334,1.5733631726057697,0.78737813,1.4187238,1.0514494,1.2350867
2010-10-01 19:00:00,1.1308333333333331,0.7304333333333334,1.5343884070267635,1.1267064,1.4399962,1.7473977,1.593697
2010-10-01 20:00:00,0.7974666666666667,0.4445333333333333,1.8487661653881369,1.5284314,1.6439121,2.2540655,1.9489888
2010-10-01 21:00:00,2.1828333333333334,0.3501666666666667,2.1759216943580855,0.9826696,1.5238842,2.1959567,1.8599205
2010-10-01 22:00:00,0.6092,0.4571666666666666,2.4413427096550997,1.4588916,1.3564162,1.5157136,1.436065
2010-10-01 23:00:00,0.8957999999999999,0.8196333333333333,2.3749280320689414,0.6660102,0.9422372,0.8874244,0.9148308
2010-10-02 00:00:00,0.3651999999999999,0.4665333333333333,2.224894095637139,0.30966902,0.5924189,0.5985563,0.5954876
2010-10-02 01:00:00,0.8989666666666667,0.4644666666666667,1.643123820751878,0.35574484,0.4922282,0.5653117,0.52876997
2010-10-02 02:00:00,0.3085333333333333,0.3935333333333333,1.1029845560237173,0.6276639,0.43180054,0.50466305,0.4682318
2010-10-02 03:00:00,0.9448,1.1539666666666666,0.7823972081790125,0.41953766,0.49072278,0.39434636,0.44253457
2010-10-02 04:00:00,0.3613666666666666,0.2984333333333333,0.7620285761158796,0.30749598,0.4254759,0.33285952,0.3791677
2010-10-02 05:00:00,0.4222333333333333,0.3476999999999999,0.7568583023268023,0.3596639,0.38500422,0.36370254,0.37435338
2010-10-02 06:00:00,0.8281666666666666,0.7348666666666667,0.7514862783084502,0.6691988,0.61253256,0.57361454,0.59307355
2010-10-02 07:00:00,2.1751666666666667,2.3709,0.7650017317307475,1.302429,1.1993717,0.973579,1.0864754
2010-10-02 08:00:00,1.8114666666666668,1.4533999999999998,0.9036546097796191,1.7843956,1.1975765,1.3000329,1.2488047
2010-10-02 09:00:00,0.4921333333333333,0.4615999999999999,1.1470255366986608,1.6107143,0.98635715,1.3937825,1.1900698
2010-10-02 10:00:00,0.417,0.4330666666666667,2.069934201515708,0.835956,1.196918,1.4189389,1.3079284
2010-10-02 11:00:00,0.8097,1.5200666666666665,2.3303097802836032,0.76260185,1.602759,1.456717,1.529738
2010-10-02 12:00:00,0.5983,2.4493666666666667,2.1812769732663835,1.1200386,1.645986,1.4933442,1.5696651
2010-10-02 13:00:00,0.7486333333333334,1.7681666666666669,1.786176038404835,1.0173244,1.3359342,1.508527,1.4222306
2010-10-02 14:00:00,1.8700666666666663,1.4742666666666666,1.730711058154632,0.94845474,1.1951197,1.4986335,1.3468766
2010-10-02 15:00:00,2.1852333333333336,1.0447666666666666,1.6883706463519843,2.1010585,1.2141645,1.4250969,1.3196306
2010-10-02 16:00:00,1.9975666666666667,1.7117666666666669,1.5849993471118249,1.963566,1.2681994,1.3245828,1.2963911
2010-10-02 17:00:00,1.5547666666666666,0.3544333333333334,1.5212254408123256,1.7943211,1.0367796,1.3297741,1.1832769
2010-10-02 18:00:00,0.7696666666666666,0.5629000000000001,1.5712834395106767,1.5511712,1.2410752,1.5726316,1.4068534
2010-10-02 19:00:00,1.5142666666666666,1.1308333333333331,1.5323086739316705,1.4220167,1.555124,1.9131193,1.7341217
2010-10-02 20:00:00,3.9403,0.7974666666666667,1.846686432293044,1.8688725,1.4560548,2.0250995,1.7405772
2010-10-02 21:00:00,3.749733333333334,2.1828333333333334,2.1738419612629927,1.9870359,1.6260333,1.7995386,1.712786
2010-10-02 22:00:00,1.6859,0.6092,2.439262976560007,2.417166,1.5716084,1.3467155,1.459162
2010-10-02 23:00:00,1.6050666666666666,0.8957999999999999,2.372848298973848,1.5549265,1.5914512,0.9518715,1.2716613
2010-10-03 00:00:00,0.3721,0.3651999999999999,2.222814362542046,1.2252924,0.73725474,0.74172103,0.7394879
2010-10-03 01:00:00,0.3647,0.8989666666666667,1.6410440876567847,0.45424137,0.7465372,0.6153779,0.68095756
2010-10-03 02:00:00,0.4496666666666666,0.3085333333333333,1.100904822928624,0.43794075,0.468905,0.54382193,0.50636345
2010-10-03 03:00:00,0.4408,0.9448,0.7803174750839192,0.42701095,0.6239181,0.45263875,0.53827846
2010-10-03 04:00:00,0.3455333333333333,0.3613666666666666,0.7599488430207864,0.45467165,0.5678583,0.38862556,0.47824192
2010-10-03 05:00:00,0.3832666666666666,0.4222333333333333,0.7547785692317093,0.38047034,0.4394134,0.37099558,0.40520447
2010-10-03 06:00:00,0.3012333333333333,0.8281666666666666,0.7494065452133571,0.88602567,0.7100129,0.41495138,0.5624821
2010-10-03 07:00:00,0.6125333333333334,2.1751666666666667,0.7629219986356547,0.70625657,1.2854599,0.56914896,0.9273044
2010-10-03 08:00:00,1.1061,1.8114666666666668,0.9015748766845261,1.0363609,1.238084,0.81730884,1.0276964
2010-10-03 09:00:00,2.2386,0.4921333333333333,1.1449458036035676,1.1089938,1.3585103,1.0473207,1.2029154
2010-10-03 10:00:00,2.4140333333333337,0.417,2.067854468420615,2.0955422,1.4579775,1.2453485,1.351663
2010-10-03 11:00:00,3.395,0.8097,2.32823004718851,1.8981662,1.5728799,1.3667367,1.4698083
2010-10-03 12:00:00,0.9115666666666667,0.5983,2.1791972401712902,2.2460985,1.3529956,1.3365865,1.344791
2010-10-03 13:00:00,0.4968333333333333,0.7486333333333334,1.7840963053097418,1.0239727,1.2295015,1.2678866,1.2486941
2010-10-03 14:00:00,1.9401,1.8700666666666663,1.7286313250595389,0.66680294,1.1438677,1.171268,1.1575679
2010-10-03 15:00:00,1.2537999999999998,2.1852333333333336,1.6862909132568913,1.5956621,1.12441,1.073013,1.0987115
2010-10-03 16:00:00,0.9990666666666668,1.9975666666666667,1.5829196140167319,1.181941,1.1073167,1.0279655,1.0676411
2010-10-03 17:00:00,0.4815666666666667,1.5547666666666666,1.5191457077172326,1.4460808,1.1850761,1.0658379,1.125457
2010-10-03 18:00:00,0.6803333333333333,0.7696666666666666,1.5692037064155837,0.842742,1.133718,1.1258414,1.1297797
2010-10-03 19:00:00,2.3235666666666663,1.5142666666666666,1.5302289408365775,1.3616568,1.7822112,1.1743877,1.4782994
2010-10-03 20:00:00,3.3895333333333335,3.9403,1.8446066991979508,2.399623,1.6756796,1.1736603,1.42467
2010-10-03 21:00:00,2.5301666666666667,3.749733333333334,2.1717622281678994,2.8760507,2.0942874,1.0801463,1.5872169
2010-10-03 22:00:00,1.6654000000000002,1.6859,2.4371832434649137,2.2039316,1.8374451,0.9195405,1.3784928
2010-10-03 23:00:00,1.4159,1.6050666666666666,2.370768565878755,1.1832072,0.9891262,0.7467239,0.86792505
2010-10-04 00:00:00,0.9609333333333332,0.3721,2.2207346294469525,1.0141419,0.30170256,0.6239753,0.46283892
2010-10-04 01:00:00,0.8805999999999999,0.3647,1.6389643545616916,0.8439937,0.56830317,0.33330625,0.4508047
2010-10-04 02:00:00,0.8617,0.4496666666666666,1.098825089833531,0.58048993,0.40965176,0.30214477,0.35589826
2010-10-04 03:00:00,0.9168,0.4408,0.7782377419888262,0.6115103,0.60368955,0.2702958,0.43699268
2010-10-04 04:00:00,0.8580666666666666,0.3455333333333333,0.7578691099256936,0.60782915,0.46714163,0.25643963,0.36179063
2010-10-04 05:00:00,0.8383,0.3832666666666666,0.7526988361366163,0.658873,0.44978824,0.31243646,0.38111234
2010-10-04 06:00:00,1.1786666666666668,0.3012333333333333,0.7473268121182641,1.161975,0.7921716,0.5383925,0.665282
2010-10-04 07:00:00,2.6861,0.6125333333333334,0.7608422655405614,1.850788,1.1295884,0.92894244,1.0292654
2010-10-04 08:00:00,2.0932666666666666,1.1061,0.8994951435894328,1.7367028,1.1987438,1.1437812,1.1712625
2010-10-04 09:00:00,2.0266,2.2386,1.1428660705084743,1.7396163,0.9813158,1.0397105,1.0105132
2010-10-04 10:00:00,1.3339,2.4140333333333337,2.0657747353255216,1.6107618,1.1037271,0.8617029,0.982715
2010-10-04 11:00:00,0.7101666666666666,3.395,2.3261503140934168,1.1391207,0.70874953,0.7217101,0.7152298
2010-10-04 12:00:00,2.3162666666666665,0.9115666666666667,2.177117507076197,1.0491201,1.1975216,0.5818475,0.88968456
2010-10-04 13:00:00,0.7096,0.4968333333333333,1.7820165722146486,1.5424752,0.86609,0.5165183,0.69130415
2010-10-04 14:00:00,0.5258333333333334,1.9401,1.726551591964446,0.9502782,0.8464954,0.41561276,0.63105404
2010-10-04 15:00:00,0.3916,1.2537999999999998,1.6842111801617983,0.668574,0.8974816,0.44636375,0.6719227
2010-10-04 16:00:00,0.3992666666666666,0.9990666666666668,1.5808398809216389,0.45901275,0.9158222,0.6341999,0.77501106
2010-10-04 17:00:00,0.4111,0.4815666666666667,1.5170659746221395,0.6446739,0.91822183,0.9130213,0.9156216
2010-10-04 18:00:00,1.7182,0.6803333333333333,1.5671239733204905,0.8118818,0.91800267,1.201436,1.0597193
2010-10-04 19:00:00,1.9817,2.3235666666666663,1.5281492077414842,1.8298118,1.8301508,1.5444739,1.6873124
2010-10-04 20:00:00,3.039833333333333,3.3895333333333335,1.8425269661028576,2.4627225,1.9943272,1.7764955,1.8854113
2010-10-04 21:00:00,1.7196666666666665,2.5301666666666667,2.169682495072806,2.45635,1.8666012,1.6060377,1.7363195
2010-10-04 22:00:00,0.5482,1.6654000000000002,2.435103510369821,1.3064963,1.6986102,1.0592206,1.3789153
2010-10-04 23:00:00,0.4929666666666666,1.4159,2.368688832783662,0.51294005,1.0392067,0.6196829,0.8294448
2010-10-05 00:00:00,0.8594333333333334,0.9609333333333332,2.2186548963518598,0.42185324,0.54184365,0.40856475,0.4752042
2010-10-05 01:00:00,0.5624,0.8805999999999999,1.6368846214665986,0.33100486,0.51994544,0.32581782,0.42288163
2010-10-05 02:00:00,0.358,0.8617,1.096745356738438,0.5530496,0.42201087,0.30611223,0.36406153
2010-10-05 03:00:00,0.3088333333333333,0.9168,0.7761580088937332,0.418332,0.37347606,0.2989744,0.3362252
2010-10-05 04:00:00,0.3718,0.8580666666666666,0.7557893768306003,0.42898297,0.31371835,0.3200289,0.3168736
2010-10-05 05:00:00,0.4306666666666666,0.8383,0.750619103041523,0.478839,0.35893005,0.4002627,0.37959638
2010-10-05 06:00:00,0.7420333333333333,1.1786666666666668,0.7452470790231709,0.9335089,0.76582634,0.6900675,0.72794694
2010-10-05 07:00:00,2.0004,2.6861,0.7587625324454682,1.4996885,1.4610189,1.3211625,1.3910906
2010-10-05 08:00:00,1.517,2.0932666666666666,0.8974154104943398,1.5894603,1.381657,1.7262895,1.5539732
2010-10-05 09:00:00,1.8257,2.0266,1.1407863374133815,1.3858451,1.2363064,1.5619887,1.3991475
2010-10-05 10:00:00,1.846,1.3339,2.0636950022304283,1.6887918,1.4796005,1.3818276,1.4307141
2010-10-05 11:00:00,1.727933333333333,0.7101666666666666,2.324070580998324,1.8692743,1.2216744,1.2859213,1.2537979
2010-10-05 12:00:00,1.7133666666666665,2.3162666666666665,2.175037773981104,1.6167579,1.2838206,1.2381574,1.260989
2010-10-05 13:00:00,1.4542666666666666,0.7096,1.7799368391195558,1.5425076,1.1142424,1.1610959,1.1376691
2010-10-05 14:00:00,2.089933333333333,0.5258333333333334,1.7244718588693528,1.289843,0.76661265,1.0468577,0.9067352
2010-10-05 15:00:00,1.9053333333333335,0.3916,1.682131447066705,1.8856156,0.79351336,0.8471127,0.82031304
2010-10-05 16:00:00,1.0108666666666666,0.3992666666666666,1.5787601478265456,1.1269279,0.9229689,0.7946067,0.8587878
2010-10-05 17:00:00,0.6083666666666667,0.4111,1.5149862415270463,1.4246786,0.826721,0.8371918,0.8319564
2010-10-05 18:00:00,0.7721666666666667,1.7182,1.5650442402253975,1.1445075,1.0770165,1.1207767,1.0988965
2010-10-05 19:00:00,1.6627,1.9817,1.5260694746463912,1.7878811,2.3638458,1.6315432,1.9976945
2010-10-05 20:00:00,2.654733333333333,3.039833333333333,1.8404472330077648,2.3128757,2.312553,2.0678537,2.1902032
2010-10-05 21:00:00,2.0591666666666666,1.7196666666666665,2.1676027619777134,2.2185984,2.3003454,1.9514527,2.125899
2010-10-05 22:00:00,1.4242,0.5482,2.4330237772747276,1.707915,1.3284016,1.1978819,1.2631418
2010-10-05 23:00:00,1.0051,0.4929666666666666,2.366609099688569,0.86864513,0.8728819,0.6474744,0.76017815
2010-10-06 00:00:00,0.8750666666666667,0.8594333333333334,2.2165751632567665,0.7321806,0.6022114,0.46772748,0.53496945
2010-10-06 01:00:00,0.6805666666666668,0.5624,1.6348048883715054,0.5874523,0.5159373,0.38217205,0.4490547
2010-10-06 02:00:00,0.9842333333333334,0.358,1.0946656236433447,0.5273945,0.4595468,0.35449433,0.40702057
2010-10-06 03:00:00,0.4594,0.3088333333333333,0.77407827579864,0.29516795,0.44380358,0.3076229,0.37571323
2010-10-06 04:00:00,0.3727999999999999,0.3718,0.7537096437355071,0.56229323,0.44666657,0.30054265,0.3736046
2010-10-06 05:00:00,0.3991,0.4306666666666666,0.74853936994643,0.46330002,0.45811856,0.39985394,0.42898625
2010-10-06 06:00:00,0.7513333333333333,0.7420333333333333,0.7431673459280779,0.99421173,0.89249176,0.836303,0.8643974
2010-10-06 07:00:00,2.597066666666667,2.0004,0.7566827993503754,2.143114,2.0179844,1.5954733,1.8067288
2010-10-06 08:00:00,1.6357333333333337,1.517,0.8953356773992468,1.7734426,1.6746558,1.7121339,1.6933949
2010-10-06 09:00:00,1.5241333333333336,1.8257,1.1387066043182883,1.5010586,1.5244424,1.4597976,1.49212
2010-10-06 10:00:00,1.1807,1.846,2.0616152691353355,1.3825352,1.4538424,1.2811031,1.3674728
2010-10-06 11:00:00,0.5537333333333333,1.727933333333333,2.3219908479032307,0.9427638,1.153572,1.1786077,1.1660898
2010-10-06 12:00:00,0.8956999999999999,1.7133666666666665,2.172958040886011,0.8847264,1.1434329,1.0532537,1.0983433
2010-10-06 13:00:00,0.5153333333333333,1.4542666666666666,1.7778571060244626,0.8131375,0.919241,0.9570613,0.9381511
2010-10-06 14:00:00,0.8986666666666667,2.089933333333333,1.7223921257742596,1.0340514,0.922168,0.8151102,0.8686391
2010-10-06 15:00:00,0.3354999999999999,1.9053333333333335,1.680051713971612,0.79843163,0.8820467,0.71765363,0.79985017
2010-10-06 16:00:00,1.0196666666666667,1.0108666666666666,1.5766804147314526,0.44487846,0.94784296,0.6450492,0.7964461
2010-10-06 17:00:00,0.6263000000000001,0.6083666666666667,1.5129065084319533,0.7479095,1.1289011,0.6763171,0.9026091
2010-10-06 18:00:00,0.8464666666666667,0.7721666666666667,1.5629645071303044,1.2408726,1.3766408,0.8994963,1.1380686
2010-10-06 19:00:00,0.5906,1.6627,1.5239897415512982,1.6876098,1.8737631,1.3817784,1.6277707
2010-10-06 20:00:00,0.3263999999999999,2.654733333333333,1.8383674999126716,1.5793699,2.3577554,1.7941359,2.0759456
2010-10-06 21:00:00,0.6318333333333332,2.0591666666666666,2.16552302888262,0.7588477,2.2230277,1.7938709,2.0084493
2010-10-06 22:00:00,2.0092,1.4242,2.4309440441796344,0.86285573,1.328717,1.2997923,1.3142546
2010-10-06 23:00:00,1.2147333333333334,1.0051,2.3645293665934757,0.7855879,0.9628177,0.7989888,0.88090324
2010-10-07 00:00:00,1.0243666666666666,0.8750666666666667,2.2144954301616733,0.9845059,0.523453,0.55280906,0.538131
2010-10-07 01:00:00,0.3856333333333333,0.6805666666666668,1.6327251552764124,0.8144044,0.45547786,0.40612876,0.4308033
2010-10-07 02:00:00,0.3896666666666666,0.9842333333333334,1.0925858905482517,0.37821004,0.45915177,0.38280046,0.4209761
2010-10-07 03:00:00,0.3555333333333333,0.4594,0.771998542703547,0.47183934,0.41504574,0.3618766,0.38846117
2010-10-07 04:00:00,0.3215,0.3727999999999999,0.7516299106404143,0.44788915,0.38910627,0.37377745,0.38144186
2010-10-07 05:00:00,0.4098,0.3991,0.746459636851337,0.45219114,0.35918933,0.47139746,0.4152934
2010-10-07 06:00:00,1.0831666666666668,0.7513333333333333,0.7410876128329849,1.0262907,0.8211987,0.8061428,0.81367075
2010-10-07 07:00:00,1.9995333333333332,2.597066666666667,0.7546030662552822,2.1813412,2.0034444,1.3640739,1.6837592
2010-10-07 08:00:00,1.6685333333333332,1.6357333333333337,0.8932559443041536,1.5697081,1.6485009,1.5467238,1.5976124
2010-10-07 09:00:00,1.3728333333333331,1.5241333333333336,1.136626871223195,1.4607518,1.4450444,1.359802,1.4024231
2010-10-07 10:00:00,0.3074333333333333,1.1807,2.0595355360402423,1.2842277,1.4431995,1.1577199,1.3004596
2010-10-07 11:00:00,2.0634666666666663,0.5537333333333333,2.3199111148081375,0.6196691,1.2155949,0.9896065,1.1026007
2010-10-07 12:00:00,2.740333333333333,0.8956999999999999,2.1708783077909177,1.5830905,0.9296386,0.85089093,0.89026475
2010-10-07 13:00:00,1.7775,0.5153333333333333,1.7757773729293693,1.9337763,0.86409867,0.6650449,0.7645718
2010-10-07 14:00:00,1.4842333333333333,0.8986666666666667,1.7203123926791668,1.9746453,0.7318748,0.5124862,0.6221805
2010-10-07 15:00:00,1.5586,0.3354999999999999,1.677971980876519,1.2768074,0.6326821,0.42126858,0.52697533
2010-10-07 16:00:00,0.8323333333333333,1.0196666666666667,1.5746006816363596,1.341714,0.67892283,0.3452387,0.5120808
2010-10-07 17:00:00,0.3585,0.6263000000000001,1.5108267753368603,0.6230152,0.77769184,0.34456253,0.5611272
2010-10-07 18:00:00,1.3071,0.8464666666666667,1.5608847740352112,0.83822894,1.3006682,0.541527,0.92109764
2010-10-07 19:00:00,1.518233333333333,0.5906,1.521910008456205,1.8571243,1.2288833,1.0255544,1.1272188
2010-10-07 20:00:00,2.6653333333333333,0.3263999999999999,1.8362877668175783,1.7303842,1.2207978,1.5027337,1.3617657
2010-10-07 21:00:00,2.6905666666666668,0.6318333333333332,2.163443295787527,2.174074,1.3242828,1.5324601,1.4283714
2010-10-07 22:00:00,1.0739333333333334,2.0092,2.428864311084541,1.5345026,1.449672,1.0852913,1.2674816
2010-10-07 23:00:00,0.7777666666666667,1.2147333333333334,2.362449633498383,0.6810927,0.88542587,0.62275654,0.7540912
2010-10-08 00:00:00,0.6089333333333333,1.0243666666666666,2.2124156970665805,0.65519935,0.54016083,0.387528,0.46384442
2010-10-08 01:00:00,0.3700666666666666,0.3856333333333333,1.6306454221813194,0.512936,0.40816835,0.38705224,0.3976103
2010-10-08 02:00:00,0.3442,0.3896666666666666,1.0905061574531587,0.41330618,0.43252122,0.41142625,0.42197374
2010-10-08 03:00:00,0.3934333333333333,0.3555333333333333,0.7699188096084539,0.32998127,0.47286946,0.38336015,0.4281148
2010-10-08 04:00:00,0.3692666666666666,0.3215,0.749550177545321,0.4081301,0.41099554,0.35081297,0.38090426
2010-10-08 05:00:00,0.9103333333333332,0.4098,0.7443799037562437,0.46513432,0.41365653,0.44731897,0.43048775
2010-10-08 06:00:00,1.2194333333333334,1.0831666666666668,0.7390078797378916,0.8684111,0.8027647,0.9068793,0.85482204
2010-10-08 07:00:00,2.505133333333333,1.9995333333333332,0.7525233331601889,2.3423164,1.7464353,1.3860863,1.5662608
2010-10-08 08:00:00,1.4521666666666666,1.6685333333333332,0.8911762112090605,1.742174,1.592169,1.3772464,1.4847077
2010-10-08 09:00:00,1.4495333333333331,1.3728333333333331,1.1345471381281023,1.349603,1.2200704,1.2174182,1.2187443
2010-10-08 10:00:00,1.1779000000000002,0.3074333333333333,2.0574558029451495,1.3010643,0.7425279,1.0553294,0.89892864
2010-10-08 11:00:00,0.8395666666666666,2.0634666666666663,2.3178313817130447,0.84584683,1.0763893,0.8663099,0.9713496
2010-10-08 12:00:00,1.4639,2.740333333333333,2.168798574695825,1.0397605,1.20076,0.7114773,0.95611864
2010-10-08 13:00:00,0.8123333333333334,1.7775,1.7736976398342765,1.300416,0.9257971,0.6191915,0.7724943
2010-10-08 14:00:00,0.5837333333333333,1.4842333333333333,1.7182326595840736,0.80220515,0.8764518,0.5671131,0.72178245
2010-10-08 15:00:00,0.538,1.5586,1.6758922477814258,0.7055256,0.8367843,0.52503705,0.6809107
2010-10-08 16:00:00,0.4584,0.8323333333333333,1.5725209485412663,0.7548931,1.1424661,0.48972815,0.81609714
2010-10-08 17:00:00,1.0036,0.3585,1.508747042241767,0.5994789,0.72887623,0.49251682,0.61069655
2010-10-08 18:00:00,1.0515333333333332,1.3071,1.558805040940118,0.8406335,0.9527189,0.6795915,0.8161552
2010-10-08 19:00:00,1.6870666666666665,1.518233333333333,1.519830275361112,1.9278703,1.364343,1.1869769,1.27566
2010-10-08 20:00:00,2.4364333333333335,2.6653333333333333,1.8342080337224855,2.5224535,1.4181485,1.6022166,1.5101826
2010-10-08 21:00:00,2.3099333333333334,2.6905666666666668,2.161363562692434,2.5349796,1.9122843,1.6214726,1.7668784
2010-10-08 22:00:00,0.6566333333333334,1.0739333333333334,2.4267845779894484,1.146271,1.354339,1.2179098,1.2861245
2010-10-08 23:00:00,0.5327333333333333,0.7777666666666667,2.3603699004032896,0.65199804,0.86873794,0.73536265,0.8020503
2010-10-09 00:00:00,0.5206333333333333,0.6089333333333333,2.2103359639714872,0.47744188,0.59034,0.47298253,0.5316613
2010-10-09 01:00:00,0.4619999999999999,0.3700666666666666,1.6285656890862261,0.46729228,0.49747568,0.43910372,0.4682897
2010-10-09 02:00:00,0.4480666666666666,0.3442,1.0884264243580655,0.4723958,0.47626668,0.43970537,0.45798603
2010-10-09 03:00:00,0.4321,0.3934333333333333,0.7678390765133607,0.4075441,0.4745042,0.4041357,0.43931997
2010-10-09 04:00:00,0.3716666666666667,0.3692666666666666,0.7474704444502278,0.4498836,0.44200152,0.3786584,0.41032997
2010-10-09 05:00:00,0.4349666666666666,0.9103333333333332,0.7423001706611507,0.4042343,0.42702287,0.44278795,0.4349054
2010-10-09 06:00:00,0.9831333333333332,1.2194333333333334,0.7369281466427986,0.87021035,0.76147956,0.7193216,0.74040055
2010-10-09 07:00:00,2.269966666666667,2.505133333333333,0.7504436000650959,2.1481943,1.9103643,1.0768534,1.4936088
2010-10-09 08:00:00,1.6211666666666666,1.4521666666666666,0.8890964781139675,1.7836422,1.5035144,1.2561616,1.379838
2010-10-09 09:00:00,1.1513666666666666,1.4495333333333331,1.132467405033009,1.5142908,1.2702582,1.2884172,1.2793376
2010-10-09 10:00:00,0.4325333333333334,1.1779000000000002,2.0553760698500563,0.75556463,1.1849092,1.2780789,1.2314941
2010-10-09 11:00:00,0.6496666666666666,0.8395666666666666,2.3157516486179515,0.79362,1.3324579,1.2374796,1.2849687
2010-10-09 12:00:00,0.457,1.4639,2.1667188416007317,0.9026238,1.2555046,1.1982844,1.2268945
2010-10-09 13:00:00,1.6798333333333335,0.8123333333333334,1.7716179067391833,0.7865068,1.3127353,1.1566348,1.2346851
2010-10-09 14:00:00,1.0910333333333333,0.5837333333333333,1.7161529264889803,1.551163,1.2927312,1.10241,1.1975706
2010-10-09 15:00:00,1.7415666666666667,0.538,1.6738125146863327,1.2172586,1.2347013,1.0205512,1.1276262
2010-10-09 16:00:00,2.0009,0.4584,1.5704412154461733,1.4700629,1.4024094,0.93770933,1.1700594
2010-10-09 17:00:00,1.167266666666667,1.0036,1.506667309146674,1.6618837,1.4657278,0.9083403,1.187034
2010-10-09 18:00:00,1.4580666666666666,1.0515333333333332,1.5567253078450252,1.5352905,1.4073285,1.0792105,1.2432694
2010-10-09 19:00:00,1.998,1.6870666666666665,1.517750542266019,1.9763191,2.0190806,1.5226239,1.7708523
2010-10-09 20:00:00,1.6389333333333334,2.4364333333333335,1.8321283006273923,1.9405315,2.2482285,1.8635157,2.0558722
2010-10-09 21:00:00,1.7664666666666666,2.3099333333333334,2.159283829597341,1.5118374,2.2177882,1.8178895,2.017839
2010-10-09 22:00:00,1.3904333333333334,0.6566333333333334,2.424704844894355,1.3956453,1.4951293,1.3790065,1.437068
2010-10-09 23:00:00,0.6962333333333334,0.5327333333333333,2.3582901673081964,0.8090454,1.4277502,0.8945198,1.161135
2010-10-10 00:00:00,0.8864,0.5206333333333333,2.208256230876394,0.685501,0.9891439,0.6239575,0.80655074
2010-10-10 01:00:00,0.4669666666666667,0.4619999999999999,1.6264859559911329,0.6503922,0.730022,0.5179634,0.6239927
2010-10-10 02:00:00,0.5641333333333333,0.4480666666666666,1.0863466912629725,0.4592963,0.58598346,0.47121394,0.52859867
2010-10-10 03:00:00,0.4410999999999999,0.4321,0.7657593434182677,0.59434354,0.55150145,0.402106,0.47680372
2010-10-10 04:00:00,0.6176666666666667,0.3716666666666667,0.745390711355135,0.42919108,0.539189,0.3572862,0.4482376
2010-10-10 05:00:00,0.4273666666666667,0.4349666666666666,0.7402204375660577,0.63568246,0.5206611,0.35160226,0.4361317
2010-10-10 06:00:00,0.4357666666666667,0.9831333333333332,0.7348484135477056,0.62393093,0.6133554,0.42117888,0.5172671
2010-10-10 07:00:00,0.7048666666666666,2.269966666666667,0.7483638669700029,0.81708866,1.0103213,0.59380656,0.80206394
2010-10-10 08:00:00,0.9307,1.6211666666666666,0.8870167450188743,1.0616943,1.1830654,0.8293101,1.0061878
2010-10-10 09:00:00,0.9249333333333334,1.1513666666666666,1.1303876719379158,1.112764,1.54596,1.0283478,1.287154
2010-10-10 10:00:00,0.8739,0.4325333333333334,2.053296336754963,1.5753517,1.4375054,1.1833289,1.3104172
2010-10-10 11:00:00,2.3828666666666667,0.6496666666666666,2.3136719155228582,1.0402621,1.5711393,1.2927909,1.4319651
2010-10-10 12:00:00,2.1923000000000004,0.457,2.1646391085056385,2.2371044,1.3293039,1.3242933,1.3267986
2010-10-10 13:00:00,1.5573666666666666,1.6798333333333335,1.76953817364409,2.054898,1.2285461,1.3467147,1.2876304
2010-10-10 14:00:00,1.1002333333333332,1.0910333333333333,1.7140731933938875,1.5210862,1.5838665,1.2634728,1.4236696
2010-10-10 15:00:00,0.5263,1.7415666666666667,1.6717327815912397,0.68915266,1.387141,1.1438034,1.2654722
2010-10-10 16:00:00,0.9970333333333332,2.0009,1.5683614823510803,0.79275286,1.3018508,1.075419,1.1886349
2010-10-10 17:00:00,1.6078666666666666,1.167266666666667,1.504587576051581,1.5122548,1.2632092,1.0819713,1.1725903
2010-10-10 18:00:00,1.8290666666666664,1.4580666666666666,1.554645574749932,1.8747443,1.5007831,1.2860725,1.3934278
2010-10-10 19:00:00,3.4918,1.998,1.5156708091709257,2.9334912,2.1758256,1.6079266,1.8918761
2010-10-10 20:00:00,3.3115,1.6389333333333334,1.830048567532299,3.064833,2.3614244,1.7685536,2.064989
2010-10-10 21:00:00,3.9012666666666664,1.7664666666666666,2.1572040965022476,2.9436722,2.3574178,1.555557,1.9564874
2010-10-10 22:00:00,1.9866,1.3904333333333334,2.4226251117992623,2.6785944,1.590819,1.1176472,1.354233
2010-10-10 23:00:00,1.157066666666667,0.6962333333333334,2.3562104342131036,1.1555423,1.1252458,0.79104364,0.9581447
2010-10-11 00:00:00,0.5145333333333333,0.8864,2.206176497781301,0.8694308,0.5759051,0.6342114,0.60505825
2010-10-11 01:00:00,0.4487333333333333,0.4669666666666667,1.62440622289604,0.43172318,0.48927513,0.28159952,0.3854373
2010-10-11 02:00:00,0.5646666666666668,0.5641333333333333,1.0842669581678794,0.40048194,0.4611617,0.29631585,0.37873876
2010-10-11 03:00:00,0.4428999999999999,0.4410999999999999,0.7636796103231747,0.6021499,0.45241588,0.31389695,0.38315642
2010-10-11 04:00:00,0.5548666666666667,0.6176666666666667,0.7433109782600418,0.43760127,0.44682282,0.3500303,0.39842656
2010-10-11 05:00:00,0.8806999999999999,0.4273666666666667,0.7381407044709645,0.63980234,0.46999973,0.46269643,0.46634808
2010-10-11 06:00:00,0.9417333333333332,0.4357666666666667,0.7327686804526123,0.9962789,0.99293315,0.8278527,0.91039294
2010-10-11 07:00:00,2.378833333333333,0.7048666666666666,0.7462841338749097,1.8574412,1.5636562,1.3899724,1.4768143
2010-10-11 08:00:00,1.6553,0.9307,0.884937011923781,1.8940426,1.4878113,1.5001068,1.4939591
2010-10-11 09:00:00,1.6319666666666668,0.9249333333333334,1.128307938842823,1.6914957,1.3573313,1.2707107,1.314021
2010-10-11 10:00:00,1.0574333333333332,0.8739,2.05121660365987,1.5620824,1.2768111,1.0780367,1.177424
2010-10-11 11:00:00,0.4408333333333333,2.3828666666666667,2.3115921824277654,0.8324384,0.9916247,0.8991669,0.9453958
2010-10-11 12:00:00,0.6579666666666667,2.1923000000000004,2.1625593754105457,0.6494482,1.044561,0.71126604,0.87791353
2010-10-11 13:00:00,0.5452333333333333,1.5573666666666666,1.7674584405489973,0.8459634,0.7902296,0.56077814,0.67550385
2010-10-11 14:00:00,1.0426666666666666,1.1002333333333332,1.7119934602987943,0.5957268,0.7686296,0.47181714,0.6202234
2010-10-11 15:00:00,0.6156666666666666,0.5263,1.6696530484961465,1.2588212,0.6011593,0.4331333,0.5171463
2010-10-11 16:00:00,0.4349,0.9970333333333332,1.566281749255987,0.97954667,0.6528141,0.43694776,0.5448809
2010-10-11 17:00:00,0.9638666666666666,1.6078666666666666,1.5025078429564878,0.5705232,0.66737473,0.5794619,0.62341833
2010-10-11 18:00:00,0.7316,1.8290666666666664,1.5525658416548387,0.94062227,1.2345974,0.9492805,1.091939
2010-10-11 19:00:00,3.093166666666667,3.4918,1.5135910760758327,2.0471122,2.0558658,1.3941562,1.725011
2010-10-11 20:00:00,2.285566666666667,3.3115,1.8279688344372063,2.3307586,2.2661965,1.661062,1.9636292
2010-10-11 21:00:00,3.043,3.9012666666666664,2.155124363407155,2.1009994,2.1131454,1.4670694,1.7901074
2010-10-11 22:00:00,1.514,1.9866,2.420545378704169,1.3905375,1.5046103,0.88450956,1.1945599
2010-10-11 23:00:00,0.6030333333333334,1.157066666666667,2.3541307011180104,0.54352546,0.8271529,0.4790625,0.6531077
2010-10-12 00:00:00,0.3945333333333333,0.5145333333333333,2.204096764686208,0.9046292,0.5348526,0.32698238,0.4309175
2010-10-12 01:00:00,0.3976333333333333,0.4487333333333333,1.6223264898009468,0.39816642,0.4303864,0.35231894,0.39135265
2010-10-12 02:00:00,0.4686333333333333,0.5646666666666668,1.0821872250727862,0.47537312,0.42520285,0.38398695,0.4045949
2010-10-12 03:00:00,0.3374666666666667,0.4428999999999999,0.7615998772280814,0.61951655,0.42200634,0.37523156,0.39861894
2010-10-12 04:00:00,0.3338333333333333,0.5548666666666667,0.7412312451649485,0.448767,0.41963807,0.39085925,0.40524864
2010-10-12 05:00:00,0.4511333333333333,0.8806999999999999,0.7360609713758715,0.4668326,0.45353448,0.6254121,0.5394733
2010-10-12 06:00:00,1.1301666666666668,0.9417333333333332,0.7306889473575193,1.1683501,0.88013285,1.3057224,1.0929276
2010-10-12 07:00:00,2.5198666666666667,2.378833333333333,0.7442044007798166,1.8168118,1.94748,1.6426542,1.7950671
2010-10-12 08:00:00,1.7209333333333334,1.6553,0.8828572788286883,1.8563185,1.6697913,1.4410082,1.5553998
2010-10-12 09:00:00,1.7519333333333331,1.6319666666666668,1.1262282057477297,1.7877206,1.5963383,1.2965479,1.4464431
2010-10-12 10:00:00,1.828566666666667,1.0574333333333332,2.049136870564777,1.6199269,1.3803487,1.2208352,1.300592
2010-10-12 11:00:00,0.9488666666666667,0.4408333333333333,2.309512449332672,1.7037777,1.3443053,1.1169133,1.2306093
2010-10-12 12:00:00,1.8454,0.6579666666666667,2.1604796423154524,1.3788273,1.235679,0.9939199,1.1147995
2010-10-12 13:00:00,0.8567,0.5452333333333333,1.765378707453904,1.6641393,1.0849109,0.85561806,0.97026443
2010-10-12 14:00:00,0.4580666666666667,1.0426666666666666,1.709913727203701,0.66504925,1.1244256,0.7375909,0.9310083
2010-10-12 15:00:00,0.5882333333333333,0.6156666666666666,1.6675733154010535,0.68334204,1.0439761,0.66626465,0.85512036
2010-10-12 16:00:00,0.416,0.4349,1.564202016160894,0.9561028,0.96869665,0.63453233,0.8016145
2010-10-12 17:00:00,0.4102666666666666,0.9638666666666666,1.5004281098613947,0.6097513,0.90127856,0.6640563,0.7826674
2010-10-12 18:00:00,2.112733333333334,0.7316,1.550486108559746,0.95044917,1.114828,0.9505803,1.0327041
2010-10-12 19:00:00,2.1564666666666668,3.093166666666667,1.5115113429807396,2.4705732,2.040955,1.5856502,1.8133026
2010-10-12 20:00:00,1.9102,2.285566666666667,1.825889101342113,2.8874493,2.2366798,2.04549,2.141085
2010-10-12 21:00:00,1.3085666666666669,3.043,2.1530446303120616,2.0888944,2.2208738,1.9327205,2.0767972
2010-10-12 22:00:00,1.2893,1.514,2.418465645609076,1.2064036,1.6761848,1.2269081,1.4515464
2010-10-12 23:00:00,0.6927,0.6030333333333334,2.352050968022917,0.92427874,0.9249913,0.5519675,0.7384794
2010-10-13 00:00:00,0.3837666666666666,0.3945333333333333,2.2020170315911147,0.5604104,0.5352052,0.32219738,0.42870128
2010-10-13 01:00:00,0.4585999999999999,0.3976333333333333,1.6202467567058536,0.4620577,0.4718538,0.3634916,0.4176727
2010-10-13 02:00:00,0.3169666666666667,0.4686333333333333,1.0801074919776932,0.55798167,0.4508673,0.39653462,0.42370096
2010-10-13 03:00:00,0.3646666666666666,0.3374666666666667,0.7595201441329884,0.4408043,0.44411242,0.38706636,0.4155894
2010-10-13 04:00:00,0.9848,0.3338333333333333,0.7391515120698557,0.3884746,0.43889886,0.38392293,0.4114109
2010-10-13 05:00:00,0.4641,0.4511333333333333,0.7339812382807784,0.43402222,0.45057055,0.5440256,0.49729806
2010-10-13 06:00:00,0.9301333333333334,1.1301666666666668,0.7286092142624263,1.1354274,0.88391924,1.235209,1.0595641
2010-10-13 07:00:00,2.844266666666667,2.5198666666666667,0.7421246676847236,2.3991764,2.2532742,1.8014414,2.0273578
2010-10-13 08:00:00,2.3646666666666665,1.7209333333333334,0.880777545733595,1.8683937,1.8454275,1.609921,1.7276742
2010-10-13 09:00:00,1.6671,1.7519333333333331,1.1241484726526365,2.0341172,1.6494796,1.3981233,1.5238014
2010-10-13 10:00:00,2.0778666666666665,1.828566666666667,2.0470571374696838,1.7655302,1.3787683,1.3050512,1.3419098
2010-10-13 11:00:00,1.5266,0.9488666666666667,2.307432716237579,1.827231,1.0962992,1.1996698,1.1479845
2010-10-13 12:00:00,1.600766666666667,1.8454,2.158399909220359,1.409033,1.0001302,1.0667615,1.0334458
2010-10-13 13:00:00,1.5731666666666666,0.8567,1.7632989743588108,1.4226986,1.0226483,0.89158094,0.95711464
2010-10-13 14:00:00,1.9105,0.4580666666666667,1.707833994108608,1.3408538,1.0502023,0.7455121,0.8978572
2010-10-13 15:00:00,1.9113,0.5882333333333333,1.6654935823059605,1.7007399,0.822727,0.65549535,0.7391112
2010-10-13 16:00:00,1.6611,0.416,1.562122283065801,1.8372906,1.0037276,0.64074624,0.8222369
2010-10-13 17:00:00,1.5491,0.4102666666666666,1.4983483767663017,1.8354249,1.0257729,0.7154856,0.87062925
2010-10-13 18:00:00,0.9845666666666666,2.112733333333334,1.5484063754646527,1.5112555,1.1638643,1.0204206,1.0921423
2010-10-13 19:00:00,2.0344,2.1564666666666668,1.5094316098856464,1.7942351,1.9403917,1.7314332,1.8359125
2010-10-13 20:00:00,2.377,1.9102,1.8238093682470198,1.9275378,1.9972521,2.217705,2.1074786
2010-10-13 21:00:00,2.1648666666666667,1.3085666666666669,2.1509648972169684,2.1007748,1.8922037,2.0480216,1.9701126
2010-10-13 22:00:00,2.0436,1.2893,2.4163859125139826,1.7194376,1.6163394,1.3243111,1.4703252
2010-10-13 23:00:00,0.3708666666666666,0.6927,2.3499712349278243,0.7954144,0.93633026,0.5918053,0.76406777
2010-10-14 00:00:00,0.3704333333333333,0.3837666666666666,2.199937298496022,0.40998003,0.5138912,0.34392262,0.42890692
2010-10-14 01:00:00,0.4776333333333333,0.4585999999999999,1.6181670236107608,0.4227342,0.47016963,0.4064173,0.43829346
2010-10-14 02:00:00,0.3412,0.3169666666666667,1.0780277588826002,0.60041213,0.45067245,0.4313984,0.44103542
2010-10-14 03:00:00,0.3867333333333333,0.3646666666666666,0.7574404110378954,0.40336892,0.45257595,0.3945204,0.42354816
2010-10-14 04:00:00,0.3780333333333334,0.9848,0.7370717789747625,0.418366,0.46978304,0.3547051,0.41224408
2010-10-14 05:00:00,0.4393333333333333,0.4641,0.7319015051856852,0.40961638,0.46146354,0.5181895,0.4898265
2010-10-14 06:00:00,1.1876,0.9301333333333334,0.7265294811673331,1.2360319,1.0738373,1.2424335,1.1581354
2010-10-14 07:00:00,2.9720999999999997,2.844266666666667,0.7400449345896304,1.7967921,2.1208005,1.785269,1.9530348
2010-10-14 08:00:00,1.7274,2.3646666666666665,0.8786978126385018,1.895387,1.8170215,1.5150731,1.6660473
2010-10-14 09:00:00,3.2096,1.6671,1.1220687395575437,1.7195952,1.581751,1.2271849,1.4044679
2010-10-14 10:00:00,1.8472666666666664,2.0778666666666665,2.044977404374591,1.9549123,1.2256464,1.086122,1.1558843
2010-10-14 11:00:00,0.9929333333333332,1.5266,2.305352983142486,1.7745568,1.324796,0.96270263,1.1437492
2010-10-14 12:00:00,0.9460666666666668,1.600766666666667,2.1563201761252664,0.6398449,1.3719991,0.8461576,1.1090784
2010-10-14 13:00:00,1.2267666666666666,1.5731666666666666,1.761219241263718,0.70601237,1.115859,0.73182225,0.92384064
2010-10-14 14:00:00,1.9145,1.9105,1.705754261013515,1.3546671,0.95852757,0.6360769,0.79730225
2010-10-14 15:00:00,0.9038,1.9113,1.6634138492108672,1.6036904,0.8100458,0.5840736,0.6970597
2010-10-14 16:00:00,0.9570333333333332,1.6611,1.5600425499707078,0.8076453,0.76967883,0.5751468,0.6724128
2010-10-14 17:00:00,0.4178333333333333,1.5491,1.4962686436712085,0.7121374,0.7886684,0.6576631,0.72316575
2010-10-14 18:00:00,1.7473333333333334,0.9845666666666666,1.5463266423695594,1.019462,1.2237346,1.0274328,1.1255836
2010-10-14 19:00:00,4.117766666666666,2.0344,1.5073518767905534,2.5346851,2.1334848,1.7576389,1.9455619
2010-10-14 20:00:00,2.9113,2.377,1.821729635151927,3.4376588,2.359593,2.1734698,2.2665315
2010-10-14 21:00:00,3.2242,2.1648666666666667,2.148885164121875,2.5932026,2.1717615,1.9704096,2.0710855
2010-10-14 22:00:00,2.3347333333333333,2.0436,2.41430617941889,2.0679774,1.4735223,1.2813393,1.3774308
2010-10-14 23:00:00,0.5537666666666666,0.3708666666666666,2.347891501832731,1.055416,0.84914875,0.64062595,0.74488735
2010-10-15 00:00:00,0.4012333333333334,0.3704333333333333,2.1978575654009287,0.6331981,0.5152987,0.36408913,0.43969393
2010-10-15 01:00:00,0.4129666666666666,0.4776333333333333,1.6160872905156676,0.40615502,0.4334065,0.3855269,0.40946668
2010-10-15 02:00:00,0.4409666666666667,0.3412,1.075948025787507,0.39177382,0.41151315,0.38049018,0.39600167
2010-10-15 03:00:00,0.3288,0.3867333333333333,0.7553606779428022,0.5886052,0.37561706,0.33271706,0.35416704
2010-10-15 04:00:00,0.3322333333333333,0.3780333333333334,0.7349920458796693,0.44338953,0.39667422,0.32410276,0.3603885
2010-10-15 05:00:00,0.4362666666666666,0.4393333333333333,0.7298217720905922,0.5027566,0.434642,0.480269,0.45745552
2010-10-15 06:00:00,1.1134666666666668,1.1876,0.72444974807224,1.2063544,0.9553485,1.0808383,1.0180933
2010-10-15 07:00:00,2.0124,2.9720999999999997,0.7379652014945374,2.3055475,2.140939,1.7128184,1.9268787
2010-10-15 08:00:00,1.8972,1.7274,0.876618079543409,1.6255845,1.7007802,1.6913168,1.6960485
2010-10-15 09:00:00,1.5839666666666663,3.2096,1.1199890064624505,1.6055884,1.4384757,1.4946363,1.4665561
2010-10-15 10:00:00,1.6329333333333331,1.8472666666666664,2.0428976712794977,1.4683483,1.4236507,1.3600779,1.3918643
2010-10-15 11:00:00,1.8261,0.9929333333333332,2.303273250047393,1.6153021,1.2037749,1.2326093,1.2181921
2010-10-15 12:00:00,2.0656666666666665,0.9460666666666668,2.154240443030173,1.6581745,1.3731017,1.0678706,1.2204862
2010-10-15 13:00:00,1.5737666666666668,1.2267666666666666,1.7591395081686247,1.5659282,1.1594917,0.9708017,1.0651467
2010-10-15 14:00:00,1.4675333333333331,1.9145,1.7036745279184218,1.7312077,1.0634943,0.88310736,0.9733008
2010-10-15 15:00:00,0.5948666666666667,0.9038,1.661334116115774,1.3097374,1.0206695,0.82983375,0.9252516
2010-10-15 16:00:00,0.5592,0.9570333333333332,1.5579628168756148,0.8165365,1.0207099,0.7834146,0.90206224
2010-10-15 17:00:00,0.5644333333333333,0.4178333333333333,1.4941889105761155,0.96219814,1.1704807,0.86871415,1.0195974
2010-10-15 18:00:00,1.4324666666666666,1.7473333333333334,1.5442469092744666,1.2182811,1.4921132,1.0888835,1.2904984
2010-10-15 19:00:00,1.8231666666666664,4.117766666666666,1.5052721436954604,2.1584682,2.3449185,1.7442255,2.0445719
2010-10-15 20:00:00,1.4465333333333334,2.9113,1.8196499020568337,2.2029488,2.448887,2.2265468,2.337717
2010-10-15 21:00:00,1.1575,3.2242,2.1468054310267823,2.1296659,2.4561234,2.1110578,2.2835906
2010-10-15 22:00:00,1.0036333333333334,2.3347333333333333,2.4122264463237966,0.90435725,1.3974063,1.5556458,1.476526
2010-10-15 23:00:00,0.4981,0.5537666666666666,2.345811768737638,0.5760859,0.87281597,1.064893,0.9688545
2010-10-16 00:00:00,0.3273666666666666,0.4012333333333334,2.1957778323058355,0.5377226,0.59352285,0.82435393,0.70893836
2010-10-16 01:00:00,0.3091333333333333,0.4129666666666666,1.6140075574205743,0.4216745,0.4797093,0.6464697,0.5630895
2010-10-16 02:00:00,0.4311666666666667,0.4409666666666667,1.073868292692414,0.41158554,0.4708972,0.59145886,0.531178
2010-10-16 03:00:00,0.3812,0.3288,0.7532809448477091,0.5214015,0.4281444,0.51671606,0.47243023
2010-10-16 04:00:00,0.3765,0.3322333333333333,0.7329123127845762,0.416027,0.42031503,0.48309046,0.45170274
2010-10-16 05:00:00,0.3411666666666667,0.4362666666666666,0.7277420389954992,0.4269484,0.45976225,0.51369476,0.4867285
2010-10-16 06:00:00,0.7945333333333333,1.1134666666666668,0.722370014977147,0.8371656,0.9818723,0.68153256,0.8317025
2010-10-16 07:00:00,2.1443999999999996,2.0124,0.7358854683994444,2.044402,2.011574,1.1472592,1.5794166
2010-10-16 08:00:00,1.9714333333333336,1.8972,0.8745383464483157,1.792496,1.5552803,1.5369828,1.5461316
2010-10-16 09:00:00,0.9704,1.5839666666666663,1.1179092733673572,1.7005246,1.4825016,1.5409052,1.5117035
2010-10-16 10:00:00,1.8662333333333336,1.6329333333333331,2.0408179381844045,1.0741102,1.3419691,1.4859658,1.4139675
2010-10-16 11:00:00,1.3443666666666667,1.8261,2.3011935169522997,1.7197226,1.4132626,1.5036997,1.4584811
2010-10-16 12:00:00,0.7357,2.0656666666666665,2.15216070993508,1.296863,1.4063212,1.5366626,1.4714918
2010-10-16 13:00:00,0.3585,1.5737666666666668,1.7570597750735315,0.7862116,1.6206431,1.5511194,1.5858812
2010-10-16 14:00:00,0.4908,1.4675333333333331,1.7015947948233288,0.67953634,1.3973066,1.5257287,1.4615176
2010-10-16 15:00:00,0.3715666666666666,0.5948666666666667,1.6592543830206812,0.97550845,1.5028851,1.5729942,1.5379397
2010-10-16 16:00:00,0.317,0.5592,1.5558830837805218,0.5816223,1.4955839,1.5622022,1.528893
2010-10-16 17:00:00,0.4180333333333333,0.5644333333333333,1.4921091774810225,0.6952172,1.5180504,1.6754923,1.5967714
2010-10-16 18:00:00,0.3341333333333333,1.4324666666666666,1.5421671761793734,1.127796,1.9085127,1.9864535,1.9474831
2010-10-16 19:00:00,0.373,1.8231666666666664,1.5031924106003671,1.1080825,2.4686255,2.5952346,2.53193
2010-10-16 20:00:00,0.8722333333333333,1.4465333333333334,1.8175701689617405,0.91750884,2.2508576,3.013948,2.632403
2010-10-16 21:00:00,0.3830333333333333,1.1575,2.144725697931689,0.914676,2.182683,2.8945057,2.5385942
2010-10-16 22:00:00,0.4102333333333333,1.0036333333333334,2.4101467132287033,0.77753913,2.0587182,2.3563905,2.2075543
2010-10-16 23:00:00,0.3447666666666666,0.4981,2.343732035642545,0.7370137,1.4641207,1.5799915,1.5220561
2010-10-17 00:00:00,0.3717333333333333,0.3273666666666666,2.1936980992107427,0.3657192,1.0784702,1.0937982,1.0861342
2010-10-17 01:00:00,0.3329,0.3091333333333333,1.6119278243254815,0.38243154,0.8020478,0.93829066,0.8701692
2010-10-17 02:00:00,0.4126,0.4311666666666667,1.071788559597321,0.37417445,0.7674708,0.9436839,0.85557735
2010-10-17 03:00:00,0.3131,0.3812,0.7512012117526161,0.50460035,0.6689148,0.87343735,0.7711761
2010-10-17 04:00:00,0.3627666666666666,0.3765,0.7308325796894832,0.43508083,0.7222501,0.80481005,0.7635301
2010-10-17 05:00:00,0.3623333333333333,0.3411666666666667,0.7256623059004059,0.34815285,0.61410326,0.74648917,0.6802962
2010-10-17 06:00:00,1.0407333333333333,0.7945333333333333,0.7202902818820538,0.5107713,0.67864215,0.7301694,0.7044058
2010-10-17 07:00:00,0.3727,2.1443999999999996,0.7338057353043511,0.8575146,1.1491926,0.8162987,0.98274565
2010-10-17 08:00:00,0.3803,1.9714333333333336,0.8724586133532225,0.86805594,1.1636028,1.027302,1.0954524
2010-10-17 09:00:00,0.3762999999999999,0.9704,1.1158295402722644,0.76866376,1.3518817,1.2194635,1.2856727
2010-10-17 10:00:00,0.3289666666666667,1.8662333333333336,2.0387382050893113,0.6996509,1.3983204,1.3960979,1.3972092
2010-10-17 11:00:00,0.3000666666666667,1.3443666666666667,2.299113783857207,0.3162057,1.6943288,1.5937946,1.6440617
2010-10-17 12:00:00,0.3132333333333333,0.7357,2.150080976839987,0.53869563,1.6301723,1.7204587,1.6753155
2010-10-17 13:00:00,0.3651666666666667,0.3585,1.7549800419784387,0.5241405,1.6953942,1.7749093,1.7351518
2010-10-17 14:00:00,0.4966,0.4908,1.6995150617282357,0.5072278,1.5917522,1.8207338,1.706243
2010-10-17 15:00:00,0.3765666666666666,0.3715666666666666,1.657174649925588,0.909314,1.5394392,1.8844886,1.7119639
2010-10-17 16:00:00,1.1914333333333331,0.317,1.5538033506854285,0.62127995,1.5082562,2.0419087,1.7750825
2010-10-17 17:00:00,0.4926,0.4180333333333333,1.4900294443859292,0.7487796,1.6380937,2.3808594,2.0094767
2010-10-17 18:00:00,0.5668333333333333,0.3341333333333333,1.5400874430842801,1.1242355,1.8128945,2.675797,2.2443457
2010-10-17 19:00:00,2.0301,0.373,1.501112677505274,1.0388253,2.1696036,2.730164,2.449884
2010-10-17 20:00:00,2.4540333333333333,0.8722333333333333,1.8154904358666477,2.4636889,1.9549465,2.4246001,2.1897733
2010-10-17 21:00:00,2.1380666666666666,0.3830333333333333,2.142645964836596,2.9456692,1.8222799,1.725265,1.7737725
2010-10-17 22:00:00,0.9011,0.4102333333333333,2.4080669801336105,1.2723048,1.3655181,1.202087,1.2838025
2010-10-17 23:00:00,1.1761333333333333,0.3447666666666666,2.341652302547452,0.5747264,0.9409803,0.9823461,0.96166325
2010-10-18 00:00:00,0.5301333333333333,0.3717333333333333,2.1916183661156494,0.30861706,0.54632825,0.88975775,0.71804297
2010-10-18 01:00:00,0.3841,0.3329,1.6098480912303883,0.5650278,0.4681371,0.49785948,0.48299828
2010-10-18 02:00:00,0.3213666666666667,0.4126,1.0697088265022276,0.39756343,0.46098185,0.5026326,0.48180723
2010-10-18 03:00:00,0.3314333333333333,0.3131,0.7491214786575229,0.44027466,0.438176,0.4394619,0.43881893
2010-10-18 04:00:00,0.4344333333333333,0.3627666666666666,0.72875284659439,0.45640582,0.44610062,0.34926355,0.39768207
2010-10-18 05:00:00,0.3197,0.3623333333333333,0.7235825728053127,0.61027914,0.46848294,0.29640192,0.3824424
2010-10-18 06:00:00,0.7896,1.0407333333333333,0.7182105487869608,1.020407,0.892006,0.6654304,0.77871823
2010-10-18 07:00:00,2.4543000000000004,0.3727,0.7317260022092581,1.791292,1.4618691,1.6043895,1.5331293
2010-10-18 08:00:00,2.4651,0.3803,0.8703788802581297,1.8186421,1.3062035,1.777223,1.5417132
2010-10-18 09:00:00,3.6570666666666662,0.3762999999999999,1.1137498071771712,2.1750684,1.094369,1.5015912,1.2979801
2010-10-18 10:00:00,2.6036,0.3289666666666667,2.0366584719942185,2.7344623,1.1779555,1.348509,1.2632322
2010-10-18 11:00:00,2.8090333333333333,0.3000666666666667,2.2970340507621136,1.8751687,0.9138358,1.2306432,1.0722395
2010-10-18 12:00:00,3.836433333333334,0.3132333333333333,2.148001243744894,2.2850742,0.96053636,1.1064558,1.0334961
2010-10-18 13:00:00,3.2431,0.3651666666666667,1.7529003088833455,2.261146,0.8715719,0.9863874,0.92897964
2010-10-18 14:00:00,1.9637,0.4966,1.6974353286331425,2.148017,0.8365766,0.8328849,0.83473074
2010-10-18 15:00:00,0.5180666666666667,0.3765666666666666,1.6550949168304947,1.7423514,0.813507,0.68607676,0.74979186
2010-10-18 16:00:00,0.4604,1.1914333333333331,1.5517236175903355,0.6977243,0.8707776,0.63605464,0.7534161
2010-10-18 17:00:00,0.6647333333333333,0.4926,1.4879497112908362,0.9029849,0.9076854,0.689376,0.7985307
2010-10-18 18:00:00,3.391466666666666,0.5668333333333333,1.5380077099891873,1.1546139,1.001884,1.0294963,1.0156901
2010-10-18 19:00:00,3.7569666666666666,2.0301,1.499032944410181,3.1212153,1.6192456,1.7467607,1.6830032
2010-10-18 20:00:00,2.67,2.4540333333333333,1.8134107027715545,3.3143892,1.9643328,2.2817557,2.1230443
2010-10-18 21:00:00,3.3769,2.1380666666666666,2.140566231741503,2.6273108,1.8540657,2.1182508,1.9861583
2010-10-18 22:00:00,2.5095,0.9011,2.4059872470385173,2.1254177,1.2968724,1.3972889,1.3470807
2010-10-18 23:00:00,1.7402666666666666,1.1761333333333333,2.3395725694523586,1.9071181,0.808217,0.78279215,0.79550457
2010-10-19 00:00:00,1.5425666666666666,0.5301333333333333,2.189538633020556,1.2287061,0.5268968,0.5117679,0.51933235
2010-10-19 01:00:00,0.6851,0.3841,1.607768358135295,1.106033,0.47938988,0.44641167,0.46290076
2010-10-19 02:00:00,0.3174333333333333,0.3213666666666667,1.0676290934071346,0.45160365,0.44971806,0.42147154,0.4355948
2010-10-19 03:00:00,0.3078,0.3314333333333333,0.7470417455624299,0.42624336,0.44410974,0.39278907,0.4184494
2010-10-19 04:00:00,0.4394666666666667,0.4344333333333333,0.726673113499297,0.43542376,0.42587435,0.40362293,0.41474864
2010-10-19 05:00:00,0.3994666666666667,0.3197,0.7215028397102199,0.65406054,0.41596228,0.5203169,0.4681396
2010-10-19 06:00:00,1.0450333333333333,0.7896,0.7161308156918678,1.0695018,1.0742878,0.9836837,1.0289857
2010-10-19 07:00:00,2.9890333333333334,2.4543000000000004,0.7296462691141651,2.4232423,1.8853345,1.760581,1.8229578
2010-10-19 08:00:00,2.1062,2.4651,0.8682991471630365,2.2476394,1.6858402,1.8673928,1.7766166
2010-10-19 09:00:00,1.7980333333333334,3.6570666666666662,1.111670074082078,1.9876767,1.4417136,1.6230755,1.5323945
2010-10-19 10:00:00,0.5930333333333333,2.6036,2.034578738899125,1.7308137,1.4749268,1.5107303,1.4928286
2010-10-19 11:00:00,1.8148,2.8090333333333333,2.2949543176670204,0.980001,1.1483049,1.4503739,1.2993394
2010-10-19 12:00:00,1.1293,3.836433333333334,2.1459215106498006,1.8857375,1.2000471,1.3855392,1.2927932
2010-10-19 13:00:00,0.5172333333333333,3.2431,1.7508205757882522,1.1445613,0.8687298,1.3340256,1.1013777
2010-10-19 14:00:00,0.4046,1.9637,1.6953555955380495,0.80545473,0.8340521,1.1966556,1.0153539
2010-10-19 15:00:00,0.4017666666666667,0.5180666666666667,1.653015183735402,0.57317454,0.90269774,1.0016987,0.95219827
2010-10-19 16:00:00,0.4735,0.4604,1.5496438844952425,0.54842454,0.8595312,0.8585565,0.85904384
2010-10-19 17:00:00,1.1286666666666667,0.6647333333333333,1.4858699781957432,0.73832524,0.8753255,0.7757343,0.82552993
2010-10-19 18:00:00,3.5383333333333336,3.391466666666666,1.535927976894094,2.2958858,1.5796467,1.002684,1.2911654
2010-10-19 19:00:00,2.9301000000000004,3.7569666666666666,1.4969532113150879,2.7886713,2.3549244,1.676178,2.015551
2010-10-19 20:00:00,2.9603333333333333,2.67,1.8113309696764612,2.8710985,2.2445545,2.2005506,2.2225525
2010-10-19 21:00:00,2.530066666666667,3.3769,2.13848649864641,2.2845676,2.0381293,2.024091,2.0311103
2010-10-19 22:00:00,1.326633333333333,2.5095,2.403907513943424,1.8784784,1.2711734,1.1986618,1.2349176
2010-10-19 23:00:00,0.7211333333333333,1.7402666666666666,2.337492836357266,1.0325317,0.67637193,0.594149,0.63526046
2010-10-20 00:00:00,1.030333333333333,1.5425666666666666,2.1874588999254634,0.76744556,0.45570794,0.4331088,0.44440836
2010-10-20 01:00:00,0.3933999999999999,0.6851,1.6056886250402023,0.42029983,0.44886974,0.40205574,0.42546272
2010-10-20 02:00:00,0.3293999999999999,0.3174333333333333,1.0655493603120416,0.4411375,0.43664193,0.37524873,0.40594533
2010-10-20 03:00:00,0.4425666666666667,0.3078,0.7449620124673368,0.43213487,0.43553478,0.3055508,0.3705428
2010-10-20 04:00:00,0.3193,0.4394666666666667,0.724593380404204,0.58070624,0.4433346,0.27174348,0.35753906
2010-10-20 05:00:00,0.3124333333333333,0.3994666666666667,0.7194231066151267,0.47667286,0.42954817,0.41406417,0.42180616
2010-10-20 06:00:00,0.9232333333333334,1.0450333333333333,0.7140510825967745,1.0530515,0.8873988,1.19228,1.0398394
2010-10-20 07:00:00,2.8661000000000003,2.9890333333333334,0.7275665360190718,2.293993,2.301239,1.9671457,2.1341925
2010-10-20 08:00:00,1.8684666666666667,2.1062,0.8662194140679432,2.07193,2.1500876,1.7313988,1.9407432
2010-10-20 09:00:00,1.8460666666666663,1.7980333333333334,1.1095903409869852,1.6462349,1.5874487,1.4538864,1.5206676
2010-10-20 10:00:00,2.010866666666667,0.5930333333333333,2.0324990058040324,1.7960442,1.4490455,1.3850273,1.4170364
2010-10-20 11:00:00,1.8959333333333332,1.8148,2.292874584571927,1.8455254,1.3592416,1.3521042,1.3556728
2010-10-20 12:00:00,1.3926666666666667,1.1293,2.143841777554708,1.8208917,1.2249321,1.2588811,1.2419066
2010-10-20 13:00:00,0.4085333333333333,0.5172333333333333,1.7487408426931594,1.2158577,1.184592,1.1339025,1.1592473
2010-10-20 14:00:00,0.5300666666666667,0.4046,1.6932758624429565,0.65591073,1.2738937,0.9837712,1.1288325
2010-10-20 15:00:00,0.5278333333333333,0.4017666666666667,1.6509354506403087,0.77116233,1.1664953,0.85179126,1.0091434
2010-10-20 16:00:00,0.3318666666666666,0.4735,1.5475641514001492,0.7965733,1.1601597,0.7189434,0.9395516
2010-10-20 17:00:00,0.3321333333333333,1.1286666666666667,1.48379024510065,0.4360612,1.0038967,0.78111887,0.8925078
2010-10-20 18:00:00,1.3226666666666669,3.5383333333333336,1.5338482437990009,0.8980998,1.3421936,1.1139752,1.2280843
2010-10-20 19:00:00,2.1848,2.9301000000000004,1.4948734782199948,2.432708,2.35065,1.8681238,2.109387
2010-10-20 20:00:00,2.2927666666666666,2.9603333333333333,1.8092512365813684,2.6607258,2.4637697,2.361376,2.4125729
2010-10-20 21:00:00,2.804333333333333,2.530066666666667,2.1364067655513166,2.4246807,2.4169385,2.0762239,2.246581
2010-10-20 22:00:00,1.6536333333333333,1.326633333333333,2.4018277808483313,1.4392182,1.6852003,1.223325,1.4542627
2010-10-20 23:00:00,0.7799999999999999,0.7211333333333333,2.3354131032621726,0.72354835,0.8285121,0.5851008,0.7068064
2010-10-21 00:00:00,0.4468,1.030333333333333,2.18537916683037,0.6423884,0.6455994,0.38653666,0.51606804
2010-10-21 01:00:00,0.6637666666666667,0.3933999999999999,1.603608891945109,0.4267497,0.46459106,0.38218778,0.42338943
2010-10-21 02:00:00,0.4378666666666666,0.3293999999999999,1.0634696272169484,0.6170636,0.43069175,0.36006784,0.39537978
2010-10-21 03:00:00,0.3406333333333333,0.4425666666666667,0.7428822793722436,0.44439778,0.43133202,0.30072337,0.3660277
2010-10-21 04:00:00,0.341,0.3193,0.7225136473091107,0.45425388,0.43546465,0.26550472,0.35048467
2010-10-21 05:00:00,1.0228666666666666,0.3124333333333333,0.7173433735200334,0.494276,0.40531114,0.4286546,0.4169829
2010-10-21 06:00:00,1.2183666666666668,0.9232333333333334,0.7119713495016815,0.9638749,1.0320259,1.1897013,1.1108637
2010-10-21 07:00:00,2.4748666666666663,2.8661000000000003,0.7254868029239788,2.5087066,2.2536774,1.9455426,2.0996099
2010-10-21 08:00:00,1.2261666666666668,1.8684666666666667,0.8641396809728504,1.8146201,1.7736492,1.7269301,1.7502897
2010-10-21 09:00:00,0.3173333333333333,1.8460666666666663,1.107510607891892,1.1822597,1.8858548,1.3729476,1.6294012
2010-10-21 10:00:00,0.3232333333333334,2.010866666666667,2.030419272708939,0.60524184,1.3144536,1.187468,1.2509608
2010-10-21 11:00:00,0.3919666666666667,1.8959333333333332,2.2907948514768344,0.46881968,1.2109396,1.041031,1.1259854
2010-10-21 12:00:00,0.4943666666666667,1.3926666666666667,2.1417620444596146,0.61287826,1.0897988,0.9256073,1.0077031
2010-10-21 13:00:00,0.3880333333333333,0.4085333333333333,1.7466611095980662,0.7452165,1.0574256,0.82762706,0.94252634
2010-10-21 14:00:00,0.4769666666666666,0.5300666666666667,1.6911961293478632,0.6437697,1.1941925,0.74120766,0.9677001
2010-10-21 15:00:00,0.3270333333333333,0.5278333333333333,1.6488557175452154,0.72584504,0.90976053,0.68742305,0.7985918
2010-10-21 16:00:00,0.9159333333333334,0.3318666666666666,1.5454844183050562,0.54225457,0.9319645,0.6553822,0.7936734
2010-10-21 17:00:00,0.3668333333333333,0.3321333333333333,1.481710512005557,0.6025543,0.74547905,0.7352675,0.74037325
2010-10-21 18:00:00,1.3011333333333333,1.3226666666666669,1.5317685107039078,0.95188546,1.3662283,1.0960103,1.2311194
2010-10-21 19:00:00,1.8244333333333331,2.1848,1.4927937451249018,2.2792394,2.25467,1.902564,2.078617
2010-10-21 20:00:00,1.947566666666667,2.2927666666666666,1.8071715034862752,1.8318707,2.3825042,2.3913255,2.3869147
2010-10-21 21:00:00,2.5819666666666667,2.804333333333333,2.134327032456224,2.245897,2.3026628,2.139302,2.2209826
2010-10-21 22:00:00,1.9928666666666668,1.6536333333333333,2.399748047753238,1.5409005,1.623939,1.4085274,1.5162332
2010-10-21 23:00:00,0.7646333333333334,0.7799999999999999,2.3333333701670793,0.7210736,0.94034135,0.81983364,0.8800875
2010-10-22 00:00:00,0.5243666666666666,0.4468,2.183299433735277,0.592282,0.53046614,0.5670772,0.5487717
2010-10-22 01:00:00,0.6322666666666666,0.6637666666666667,1.6015291588500158,0.51719946,0.44012502,0.51700145,0.47856325
2010-10-22 02:00:00,0.5181,0.4378666666666666,1.0613898941218554,0.67563,0.46276,0.4600894,0.4614247
2010-10-22 03:00:00,0.5205666666666667,0.3406333333333333,0.7408025462771506,0.56462693,0.4673806,0.34984797,0.40861428
2010-10-22 04:00:00,0.5208666666666667,0.341,0.7204339142140177,0.58035,0.45740685,0.291991,0.37469894
2010-10-22 05:00:00,0.5856,1.0228666666666666,0.7152636404249406,0.58222026,0.48039734,0.353252,0.41682467
2010-10-22 06:00:00,1.7711666666666666,1.2183666666666668,0.7098916164065885,1.2275921,1.0193149,0.82165074,0.9204828
2010-10-22 07:00:00,2.4587999999999997,2.4748666666666663,0.7234070698288858,2.0870016,2.1660287,1.7419641,1.9539964
2010-10-22 08:00:00,1.5222,1.2261666666666668,0.8620599478777572,1.9775083,1.701127,1.9858329,1.84348
2010-10-22 09:00:00,1.5559333333333332,0.3173333333333333,1.1054308747967987,1.5687243,1.6185763,1.7273874,1.6729819
2010-10-22 10:00:00,1.3845999999999998,0.3232333333333334,2.028339539613846,1.4550515,1.5431302,1.5502515,1.5466908
2010-10-22 11:00:00,1.373,0.3919666666666667,2.288715118381741,1.3603607,1.4090905,1.4367609,1.4229257
2010-10-22 12:00:00,1.7621666666666669,0.4943666666666667,2.1396823113645214,1.2619234,1.3751328,1.3165435,1.3458381
2010-10-22 13:00:00,1.5787,0.3880333333333333,1.744581376502973,1.6911514,1.2253692,1.1807706,1.2030699
2010-10-22 14:00:00,1.4756,0.4769666666666666,1.6891163962527702,1.3981725,1.1079996,1.0490736,1.0785365
2010-10-22 15:00:00,0.767,0.3270333333333333,1.6467759844501226,1.2903368,1.0308355,0.8384906,0.93466306
2010-10-22 16:00:00,1.1825666666666663,0.9159333333333334,1.5434046852099632,0.6791582,1.0164326,0.768305,0.8923688
2010-10-22 17:00:00,0.4821,0.3668333333333333,1.479630778910464,0.8224777,1.0436635,0.82085854,0.932261
2010-10-22 18:00:00,0.7137,1.3011333333333333,1.5296887776088148,1.293097,1.4952279,1.1423138,1.3187709
2010-10-22 19:00:00,1.4246666666666667,1.8244333333333331,1.4907140120298086,1.6702688,2.102304,1.8651093,1.9837067
2010-10-22 20:00:00,1.3845,1.947566666666667,1.805091770391182,1.9047511,2.1295235,2.3632874,2.2464056
2010-10-22 21:00:00,2.2917666666666667,2.5819666666666667,2.1322472993611306,2.480328,2.0770748,2.1883264,2.1327004
2010-10-22 22:00:00,1.0726666666666669,1.9928666666666668,2.397668314658145,1.0018656,1.5469586,1.6553222,1.6011404
2010-10-22 23:00:00,0.3119666666666666,0.7646333333333334,2.3312536370719865,0.38820356,0.8676408,1.1023508,0.98499584
2010-10-23 00:00:00,1.4291666666666667,0.5243666666666666,2.181219700640184,0.4042314,0.6026656,0.786947,0.69480634
2010-10-23 01:00:00,0.3663333333333333,0.6322666666666666,1.5994494257549228,0.81793904,0.5432108,0.7139348,0.6285728
2010-10-23 02:00:00,0.4864666666666666,0.5181,1.0593101610267623,0.42277378,0.51561093,0.66026586,0.5879384
2010-10-23 03:00:00,0.3881333333333333,0.5205666666666667,0.7387228131820576,0.55042166,0.5303773,0.56935847,0.54986787
2010-10-23 04:00:00,0.3773333333333333,0.5208666666666667,0.7183541811189247,0.4242034,0.5259824,0.5164254,0.5212039
2010-10-23 05:00:00,0.3275333333333333,0.5856,0.7131839073298474,0.40726435,0.52928627,0.4878018,0.508544
2010-10-23 06:00:00,0.6353000000000001,1.7711666666666666,0.7078118833114952,0.80482554,0.8546099,0.5894378,0.72202384
2010-10-23 07:00:00,2.3587333333333333,2.4587999999999997,0.7213273367337926,2.2838778,2.0708034,1.0349329,1.5528681
2010-10-23 08:00:00,1.5689333333333333,1.5222,0.859980214782664,1.8576876,1.7490786,1.6963384,1.7227085
2010-10-23 09:00:00,1.2997666666666667,1.5559333333333332,1.103351141701706,1.4665493,1.4174124,1.956958,1.6871853
2010-10-23 10:00:00,0.4229,1.3845999999999998,2.0262598065187527,1.1148295,1.6442422,1.9196606,1.7819514
2010-10-23 11:00:00,1.0934,1.373,2.2866353852866483,0.8546451,1.606693,1.8664386,1.7365658
2010-10-23 12:00:00,2.0735,1.7621666666666669,2.1376025782694286,1.2096286,1.5257999,1.8175488,1.6716743
2010-10-23 13:00:00,1.7854666666666668,1.5787,1.7425016434078802,2.0148826,1.5003518,1.7319269,1.6161394
2010-10-23 14:00:00,2.6106,1.4756,1.6870366631576772,1.7729853,1.5518258,1.804191,1.6780083
2010-10-23 15:00:00,2.4896000000000003,0.767,1.6446962513550294,2.1977835,1.4512627,1.9627374,1.707
2010-10-23 16:00:00,2.5465,1.1825666666666663,1.54132495211487,2.2222738,1.4183916,2.1331673,1.7757795
2010-10-23 17:00:00,3.2707333333333333,0.4821,1.4775510458153707,2.8295972,1.3989623,2.5060606,1.9525114
2010-10-23 18:00:00,2.5243,0.7137,1.5276090445137216,2.7701004,1.6531308,2.90805,2.2805905
2010-10-23 19:00:00,1.7952666666666666,1.4246666666666667,1.4886342789347153,2.8703065,2.2585857,3.1291077,2.6938467
2010-10-23 20:00:00,1.6555,1.3845,1.8030120372960892,2.4895027,2.3051436,2.9894288,2.6472862
2010-10-23 21:00:00,3.3083,2.2917666666666667,2.1301675662660373,1.7406809,2.2582161,2.3361802,2.2971983
2010-10-23 22:00:00,1.2988333333333333,1.0726666666666669,2.395588581563052,2.450354,1.7709051,1.5020864,1.6364958
2010-10-23 23:00:00,2.108,0.3119666666666666,2.3291739039768933,0.98973376,1.3361745,1.0731094,1.2046419
2010-10-24 00:00:00,1.7188666666666668,1.4291666666666667,2.179139967545091,1.1464546,1.0159763,0.9272628,0.97161955
2010-10-24 01:00:00,1.4979333333333331,0.3663333333333333,1.5973696926598298,1.1764721,0.79319495,0.90930444,0.8512497
2010-10-24 02:00:00,1.9704,0.4864666666666666,1.057230427931669,1.664089,0.7040874,0.8759834,0.79003537
2010-10-24 03:00:00,1.7044333333333337,0.3881333333333333,0.7366430800869643,1.6099774,0.674519,0.7883458,0.73143244
2010-10-24 04:00:00,0.8521333333333333,0.3773333333333333,0.7162744480238314,1.4418131,0.6519492,0.72464186,0.68829554
2010-10-24 05:00:00,0.3794666666666667,0.3275333333333333,0.7111041742347541,0.31494048,0.68352747,0.67703265,0.6802801
2010-10-24 06:00:00,0.3674666666666666,0.6353000000000001,0.7057321502164022,0.7939934,0.92544466,0.6630651,0.7942549
2010-10-24 07:00:00,0.3862,2.3587333333333333,0.7192476036386996,0.61121064,1.0495344,0.771833,0.91068375
2010-10-24 08:00:00,0.6389,1.5689333333333333,0.8579004816875712,0.6576681,0.9844799,1.011462,0.99797094
2010-10-24 09:00:00,1.1032000000000002,1.2997666666666667,1.1012714086066127,0.9664146,1.242118,1.3973674,1.3197427
2010-10-24 10:00:00,1.5886666666666664,0.4229,2.02418007342366,0.8555243,1.2781734,1.6085789,1.4433762
2010-10-24 11:00:00,1.8669,1.0934,2.284555652191555,1.554793,1.4230542,1.6943648,1.5587095
2010-10-24 12:00:00,2.8367333333333336,2.0735,2.1355228451743353,1.721,1.4589546,1.7309958,1.5949752
2010-10-24 13:00:00,2.8522333333333334,1.7854666666666668,1.740421910312787,1.9594692,1.4291594,1.7323027,1.580731
2010-10-24 14:00:00,3.734,2.6106,1.684956930062584,2.1042812,1.3406465,1.7029644,1.5218055
2010-10-24 15:00:00,1.742135593220339,2.4896000000000003,1.6426165182599362,2.6618862,1.4388354,1.6998451,1.5693402
2010-10-24 16:00:00,1.4822,2.5465,1.539245219019777,1.577853,1.3328995,1.7431941,1.5380468
2010-10-24 17:00:00,1.9752666666666667,3.2707333333333333,1.4754713127202777,1.3550297,1.3783447,1.9284779,1.6534113
2010-10-24 18:00:00,2.5342,2.5243,1.5255293114186286,2.1426742,1.518678,2.3701398,1.9444089
2010-10-24 19:00:00,2.580433333333333,1.7952666666666666,1.4865545458396225,2.8689697,2.1961923,2.8549023,2.5255473
2010-10-24 20:00:00,1.3936333333333333,1.6555,1.800932304200996,2.692358,2.345417,2.895445,2.620431
2010-10-24 21:00:00,1.0190666666666666,3.3083,2.1280878331709445,2.2689939,2.7985523,2.3953648,2.5969586
2010-10-24 22:00:00,2.318866666666666,1.2988333333333333,2.3935088484679587,0.92234147,1.6519492,1.6099641,1.6309566
2010-10-24 23:00:00,1.3281666666666667,2.108,2.3270941708818,1.0949764,0.7774309,1.0959105,0.9366707
2010-10-25 00:00:00,0.6191666666666666,1.7188666666666668,2.1770602344499976,0.7864833,0.6410219,0.9320718,0.7865468
2010-10-25 01:00:00,0.5782666666666666,1.4979333333333331,1.5952899595647365,0.6101124,0.42495695,0.50427336,0.46461517
2010-10-25 02:00:00,0.3816,1.9704,1.055150694836576,0.647637,0.3495724,0.5056966,0.42763448
2010-10-25 03:00:00,0.3448333333333334,1.7044333333333337,0.7345633469918713,0.4272475,0.2608653,0.45595193,0.35840863
2010-10-25 04:00:00,0.3414,0.8521333333333333,0.7141947149287384,0.46683618,0.24021563,0.38337928,0.31179744
2010-10-25 05:00:00,0.3576666666666667,0.3794666666666667,0.7090244411396613,0.48270822,0.25061193,0.4183666,0.3344893
2010-10-25 06:00:00,0.4922333333333333,0.3674666666666666,0.7036524171213092,0.8450595,0.70206916,0.9042838,0.8031765
2010-10-25 07:00:00,1.7558333333333331,0.3862,0.7171678705436065,1.4003432,1.7137065,1.8550783,1.7843924
2010-10-25 08:00:00,2.1565333333333334,0.6389,0.8558207485924779,1.6979538,1.7048874,1.956681,1.8307842
2010-10-25 09:00:00,1.4889333333333332,1.1032000000000002,1.0991916755115194,1.8993145,1.8105137,1.5865551,1.6985345
2010-10-25 10:00:00,1.5511,1.5886666666666664,2.0221003403285667,1.6137089,1.4190899,1.3810244,1.4000571
2010-10-25 11:00:00,0.7614,1.8669,2.282475919096462,1.6120136,1.0368137,1.2417654,1.1392896
2010-10-25 12:00:00,0.3274999999999999,2.8367333333333336,2.133443112079242,0.8242104,0.9345671,1.1069256,1.0207464
2010-10-25 13:00:00,0.3194666666666667,2.8522333333333334,1.7383421772176937,0.43147796,0.97621936,0.9369259,0.95657265
2010-10-25 14:00:00,0.3587999999999999,3.734,1.682877196967491,0.30315527,0.86999524,0.7518259,0.8109106
2010-10-25 15:00:00,0.3935,1.742135593220339,1.6405367851648434,0.39912874,0.4798615,0.63660216,0.55823183
2010-10-25 16:00:00,0.4519666666666666,1.4822,1.537165485924684,0.49839202,0.67432415,0.6251246,0.64972436
2010-10-25 17:00:00,0.3531666666666667,1.9752666666666667,1.4733915796251846,0.8105056,0.6490003,0.8201697,0.734585
2010-10-25 18:00:00,0.4421,2.5342,1.5234495783235356,0.85216814,1.5222721,1.3366741,1.4294732
2010-10-25 19:00:00,1.4117666666666666,2.580433333333333,1.4844748127445293,1.2228191,2.21341,2.0780425,2.1457262
2010-10-25 20:00:00,1.0944,1.3936333333333333,1.7988525711059027,1.6269015,2.0494194,2.3733935,2.2114065
2010-10-25 21:00:00,0.9947,1.0190666666666666,2.1260081000758513,1.571156,2.086865,1.864465,1.975665
2010-10-25 22:00:00,1.2006333333333332,2.318866666666666,2.3914291153728655,1.2105328,1.3782818,0.96128106,1.1697814
2010-10-25 23:00:00,1.2112333333333334,1.3281666666666667,2.3250144377867072,0.9988801,1.02701,0.5195688,0.7732894
2010-10-26 00:00:00,0.6891,0.6191666666666666,2.174980501354905,0.8905607,0.6518691,0.4074096,0.52963936
2010-10-26 01:00:00,0.3165666666666666,0.5782666666666666,1.5932102264696435,0.534492,0.45633566,0.39653343,0.42643455
2010-10-26 02:00:00,1.0714666666666666,0.3816,1.053070961741483,0.44094655,0.43874526,0.375885,0.40731514
2010-10-26 03:00:00,0.3536666666666666,0.3448333333333334,0.7324836138967783,0.3674985,0.4553488,0.30541635,0.38038257
2010-10-26 04:00:00,0.5006666666666667,0.3414,0.7121149818336454,0.41021594,0.4458216,0.21507245,0.33044702
2010-10-26 05:00:00,0.3230666666666666,0.3576666666666667,0.7069447080445681,0.58380336,0.44466618,0.35547727,0.40007174
2010-10-26 06:00:00,0.3164666666666667,0.4922333333333333,0.701572684026216,0.87203985,0.9326357,1.1640419,1.0483388
2010-10-26 07:00:00,0.6149666666666666,1.7558333333333331,0.7150881374485133,0.9460533,1.790358,1.9305692,1.8604636
2010-10-26 08:00:00,0.6816333333333334,2.1565333333333334,0.8537410154973847,1.4755559,1.9940466,1.7820302,1.8880384
2010-10-26 09:00:00,1.0353,1.4889333333333332,1.0971119424164266,1.3069476,1.6453006,1.6372123,1.6412565
2010-10-26 10:00:00,0.6316666666666666,1.5511,2.020020607233474,1.5840863,1.3146787,1.5706172,1.4426479
2010-10-26 11:00:00,3.0101,0.7614,2.2803961860013686,0.8887946,1.3781645,1.5411018,1.4596331
2010-10-26 12:00:00,1.1093666666666666,0.3274999999999999,2.1313633789841493,2.5129042,1.2014415,1.5168937,1.3591676
2010-10-26 13:00:00,0.4098333333333333,0.3194666666666667,1.736262444122601,1.2690799,1.0819123,1.5004445,1.2911785
2010-10-26 14:00:00,0.3274666666666667,0.3587999999999999,1.680797463872398,0.64988834,0.8564714,1.4253371,1.1409042
2010-10-26 15:00:00,0.3354999999999999,0.3935,1.6384570520697501,0.46324888,0.80288804,1.290922,1.046905
2010-10-26 16:00:00,0.3538333333333333,0.4519666666666666,1.5350857528295907,0.52505594,0.88635945,1.130193,1.0082762
2010-10-26 17:00:00,0.5167333333333334,0.3531666666666667,1.4713118465300914,0.62547845,1.1000438,0.995172,1.0476079
2010-10-26 18:00:00,0.3454,0.4421,1.5213698452284423,1.3137306,1.7711782,1.1611936,1.4661859
2010-10-26 19:00:00,0.2993333333333333,1.4117666666666666,1.482395079649436,0.9568381,2.245223,1.8236935,2.0344582
2010-10-26 20:00:00,1.0135333333333334,1.0944,1.79677283801081,0.67345554,2.1309583,2.4111857,2.271072
2010-10-26 21:00:00,0.3625666666666667,0.9947,2.123928366980758,0.77236724,2.0663638,2.1780148,2.1221893
2010-10-26 22:00:00,0.4894,1.2006333333333332,2.3893493822777727,0.60343367,1.6537285,1.3385918,1.4961601
2010-10-26 23:00:00,0.6574333333333333,1.2112333333333334,2.322934704691614,0.6835779,1.0704029,0.64342356,0.8569132
2010-10-27 00:00:00,0.7889666666666667,0.6891,2.1729007682598116,0.51832014,0.6065065,0.46289963,0.5347031
2010-10-27 01:00:00,0.7074,0.3165666666666666,1.5911304933745505,0.61993754,0.47466207,0.4399373,0.45729968
2010-10-27 02:00:00,0.8959333333333334,1.0714666666666666,1.0509912286463898,0.5079324,0.4942653,0.4453832,0.46982425
2010-10-27 03:00:00,0.3767,0.3536666666666666,0.7304038808016851,0.44611263,0.48916742,0.44225442,0.46571094
2010-10-27 04:00:00,0.3225666666666666,0.5006666666666667,0.7100352487385522,0.44073263,0.48483744,0.4613049,0.47307116
2010-10-27 05:00:00,0.3140666666666666,0.3230666666666666,0.7048649749494749,0.48054284,0.481523,0.5938876,0.5377053
2010-10-27 06:00:00,0.3945,0.3164666666666667,0.699492950931123,0.6768675,0.843521,1.1876051,1.015563
2010-10-27 07:00:00,1.7022666666666666,0.6149666666666666,0.7130084043534203,0.98792547,1.363813,1.9468763,1.6553447
2010-10-27 08:00:00,1.8992666666666669,0.6816333333333334,0.8516612824022917,1.4716139,1.4514468,1.8320813,1.641764
2010-10-27 09:00:00,1.5356999999999998,1.0353,1.0950322093213334,1.5779736,1.4699005,1.5621709,1.5160357
2010-10-27 10:00:00,1.8381,0.6316666666666666,2.0179408741383806,1.5941011,1.3070288,1.436609,1.3718189
2010-10-27 11:00:00,2.5886,3.0101,2.278316452906276,1.8412639,1.297271,1.3653269,1.331299
2010-10-27 12:00:00,0.3977,1.1093666666666666,2.129283645889056,2.092915,1.2310581,1.3072153,1.2691367
2010-10-27 13:00:00,0.6810666666666666,0.4098333333333333,1.7341827110275077,0.55755895,0.97327584,1.2204999,1.0968878
2010-10-27 14:00:00,0.5176666666666666,0.3274666666666667,1.6787177307773047,0.83567125,0.9945878,1.0621973,1.0283926
2010-10-27 15:00:00,0.4710333333333333,0.3354999999999999,1.6363773189746569,0.7296869,0.920281,0.92764986,0.92396545
2010-10-27 16:00:00,0.6847666666666666,0.3538333333333333,1.5330060197344977,0.62139064,0.8959218,0.7887012,0.8423115
2010-10-27 17:00:00,0.5363,0.5167333333333334,1.4692321134349984,0.98014057,0.9366123,0.7127894,0.82470083
2010-10-27 18:00:00,0.5009,0.3454,1.5192901121333493,1.0584131,1.2629071,0.94877255,1.1058398
2010-10-27 19:00:00,0.8276,0.2993333333333333,1.4803153465543433,1.2133485,1.5932668,1.6675956,1.6304312
2010-10-27 20:00:00,1.0392333333333332,1.0135333333333334,1.7946931049157167,1.0982975,1.9157289,2.3013115,2.1085203
2010-10-27 21:00:00,0.3815666666666667,0.3625666666666667,2.1218486338856652,0.8743526,1.6568531,2.1786058,1.9177294
2010-10-27 22:00:00,0.8087,0.4894,2.3872696491826795,0.626774,1.3215452,1.4484001,1.3849727
2010-10-27 23:00:00,0.7940333333333334,0.6574333333333333,2.3208549715965208,0.532238,0.8834514,0.7983382,0.8408948
2010-10-28 00:00:00,2.0628,0.7889666666666667,2.1708210351647184,0.6081662,0.560345,0.5501915,0.5552683
2010-10-28 01:00:00,0.5760000000000001,0.7074,1.5890507602794572,1.1893837,0.49278885,0.4805352,0.48666203
2010-10-28 02:00:00,0.3520333333333333,0.8959333333333334,1.0489114955512966,0.54032433,0.5357897,0.44827384,0.49203178
2010-10-28 03:00:00,0.3282666666666667,0.3767,0.728324147706592,0.39340585,0.45639282,0.40351516,0.429954
2010-10-28 04:00:00,0.4179666666666666,0.3225666666666666,0.7079555156434592,0.4613645,0.41930264,0.4039036,0.41160312
2010-10-28 05:00:00,0.3954,0.3140666666666666,0.7027852418543821,0.6119648,0.447217,0.5399162,0.4935666
2010-10-28 06:00:00,0.3842,0.3945,0.6974132178360299,0.8803796,0.81274825,1.114107,0.96342766
2010-10-28 07:00:00,0.4864,1.7022666666666666,0.7109286712583273,1.214436,1.6259189,1.873921,1.7499199
2010-10-28 08:00:00,0.7909333333333334,1.8992666666666669,0.8495815493071986,1.0522007,1.3584744,1.7707965,1.5646355
2010-10-28 09:00:00,1.6559,1.5356999999999998,1.0929524762262401,1.3364519,1.1291338,1.4260024,1.2775681
2010-10-28 10:00:00,1.3800666666666668,1.8381,2.0158611410432874,1.5076741,1.0249608,1.2323409,1.1286509
2010-10-28 11:00:00,0.3667666666666667,2.5886,2.2762367198111826,1.2091771,0.9857954,1.107895,1.0468452
2010-10-28 12:00:00,0.4730666666666667,0.3977,2.127203912793963,0.4706453,0.8912938,0.9960738,0.9436838
2010-10-28 13:00:00,0.5296666666666667,0.6810666666666666,1.7321029779324144,0.70335895,0.84112024,0.912267,0.8766936
2010-10-28 14:00:00,1.4190333333333334,0.5176666666666666,1.6766379976822117,0.73320603,0.8805575,0.80830127,0.8444294
2010-10-28 15:00:00,2.2539,0.4710333333333333,1.6342975858795639,1.5526437,0.7492343,0.7073758,0.7283051
2010-10-28 16:00:00,2.0625,0.6847666666666666,1.5309262866394047,1.9594936,0.7972102,0.5960368,0.6966235
2010-10-28 17:00:00,2.1038666666666668,0.5363,1.4671523803399054,1.6901425,0.7669466,0.55809534,0.662521
2010-10-28 18:00:00,1.3175333333333334,0.5009,1.5172103790382563,2.3282714,1.2346286,0.8344103,1.0345194
2010-10-28 19:00:00,2.4235,0.8276,1.47823561345925,2.503812,1.532534,1.5816171,1.5570755
2010-10-28 20:00:00,0.5319,1.0392333333333332,1.7926133718206234,2.4373336,1.8674165,2.1895275,2.028472
2010-10-28 21:00:00,0.4278333333333333,0.3815666666666667,2.119768900790572,0.94446194,1.4672722,2.0796409,1.7734566
2010-10-28 22:00:00,0.7487999999999999,0.8087,2.3851899160875862,0.56164265,1.3068488,1.4317083,1.3692786
2010-10-28 23:00:00,0.9004333333333334,0.7940333333333334,2.318775238501428,0.5592703,0.89553094,0.88123596,0.88838345
2010-10-29 00:00:00,1.0362,2.0628,2.1687413020696256,0.847587,0.5883586,0.62935567,0.60885715
2010-10-29 01:00:00,0.5989,0.5760000000000001,1.5869710271843642,0.4913189,0.49211714,0.49518734,0.49365222
2010-10-29 02:00:00,0.4650999999999999,0.3520333333333333,1.0468317624562038,0.66569406,0.45041296,0.45635945,0.4533862
2010-10-29 03:00:00,0.3167999999999999,0.3282666666666667,0.726244414611499,0.57527256,0.45864174,0.41176546,0.4352036
2010-10-29 04:00:00,0.3162,0.4179666666666666,0.7058757825483661,0.4635088,0.45396066,0.39677405,0.42536736
2010-10-29 05:00:00,0.3864,0.3954,0.7007055087592888,0.47893572,0.45528844,0.5109565,0.48312247
2010-10-29 06:00:00,0.5107,0.3842,0.6953334847409367,0.9477915,0.93880135,0.99080247,0.9648019
2010-10-29 07:00:00,0.3061666666666667,0.4864,0.708848938163234,1.5092262,1.4192221,1.7236335,1.5714278
2010-10-29 08:00:00,0.4793666666666666,0.7909333333333334,0.8475018162121054,0.9110734,1.5619898,1.8372544,1.6996222
2010-10-29 09:00:00,1.4061666666666668,1.6559,1.090872743131147,0.91332555,1.6745495,1.6840854,1.6793175
2010-10-29 10:00:00,0.5284666666666666,1.3800666666666668,2.013781407948194,1.2690136,1.4691956,1.5886778,1.5289366
2010-10-29 11:00:00,0.6154,0.3667666666666667,2.27415698671609,0.93871444,1.1760385,1.4785686,1.3273035
2010-10-29 12:00:00,1.0566666666666666,0.4730666666666667,2.12512417969887,1.0015186,1.1662841,1.3349019,1.250593
2010-10-29 13:00:00,0.8221333333333334,0.5296666666666667,1.7300232448373216,1.3700607,1.1536099,1.1276903,1.14065
2010-10-29 14:00:00,0.7339333333333333,1.4190333333333334,1.6745582645871187,1.2528954,1.0880872,0.9216582,1.0048727
2010-10-29 15:00:00,1.3253,2.2539,1.6322178527844708,0.9214533,0.84991187,0.8061694,0.8280406
2010-10-29 16:00:00,0.5244333333333333,2.0625,1.5288465535443114,1.0935438,0.94310397,0.7519338,0.8475189
2010-10-29 17:00:00,0.6262333333333333,2.1038666666666668,1.4650726472448121,0.6348008,0.8420344,0.77733636,0.80968535
2010-10-29 18:00:00,1.2063666666666668,1.3175333333333334,1.515130645943163,1.3681761,1.1397119,1.0051453,1.0724286
2010-10-29 19:00:00,1.314,2.4235,1.4761558803641568,1.9431185,1.6929252,1.6579587,1.675442
2010-10-29 20:00:00,1.5519666666666665,0.5319,1.7905336387255306,1.7276331,1.8054448,2.2171695,2.0113072
2010-10-29 21:00:00,1.641233333333333,0.4278333333333333,2.1176891676954788,2.1599576,1.6976025,2.180087,1.9388448
2010-10-29 22:00:00,0.9650666666666666,0.7487999999999999,2.3831101829924934,1.7573524,1.2974166,1.5587162,1.4280664
2010-10-29 23:00:00,1.3404999999999998,0.9004333333333334,2.3166955054063347,1.0020188,0.9325371,0.9768205,0.9546788
2010-10-30 00:00:00,1.6557,1.0362,2.1666615689745323,0.7954189,1.0642543,0.71433324,0.8892938
2010-10-30 01:00:00,1.2114666666666667,0.5989,1.5848912940892712,1.3406168,0.44550043,0.61156255,0.5285315
2010-10-30 02:00:00,0.9088666666666666,0.4650999999999999,1.0447520293611106,0.85340524,0.4512929,0.5682684,0.50978065
2010-10-30 03:00:00,0.5199,0.3167999999999999,0.7241646815164058,0.6302529,0.42358622,0.47743946,0.45051283
2010-10-30 04:00:00,0.3635666666666666,0.3162,0.7037960494532729,0.576683,0.41672698,0.4129324,0.41482967
2010-10-30 05:00:00,0.3116,0.3864,0.6986257756641956,0.38465542,0.38892302,0.41483194,0.40187746
2010-10-30 06:00:00,0.3201666666666666,0.5107,0.6932537516458437,0.7007487,0.6576925,0.56735474,0.6125236
2010-10-30 07:00:00,0.4655666666666667,0.3061666666666667,0.706769205068141,0.87422764,1.2568159,0.97446334,1.1156397
2010-10-30 08:00:00,0.4008333333333333,0.4793666666666666,0.8454220831170124,1.1312426,1.3898065,1.4125007,1.4011536
2010-10-30 09:00:00,0.3779333333333333,1.4061666666666668,1.088793010036054,1.005172,1.4819224,1.5363549,1.5091386
2010-10-30 10:00:00,0.7758666666666667,0.5284666666666666,2.0117016748531014,0.6252754,1.0743517,1.5520494,1.3132005
2010-10-30 11:00:00,3.1332333333333335,0.6154,2.2720772536209966,1.4528147,1.4479467,1.5682198,1.5080832
2010-10-30 12:00:00,0.905,1.0566666666666666,2.123044446603777,2.1405907,1.7166373,1.5409044,1.6287708
2010-10-30 13:00:00,1.2232666666666667,0.8221333333333334,1.7279435117422284,1.6472033,1.5855544,1.446507,1.5160307
2010-10-30 14:00:00,1.7464000000000002,0.7339333333333333,1.6724785314920254,1.3537465,1.5544262,1.378095,1.4662607
2010-10-30 15:00:00,1.5429,1.3253,1.6301381196893776,1.7714905,1.4603392,1.3723439,1.4163415
2010-10-30 16:00:00,1.6637,0.5244333333333333,1.5267668204492182,1.4536102,1.6683725,1.4184895,1.543431
2010-10-30 17:00:00,1.5299,0.6262333333333333,1.462992914149719,1.7694601,1.3612027,1.5492171,1.45521
2010-10-30 18:00:00,2.1401666666666666,1.2063666666666668,1.51305091284807,1.8047487,1.7508711,1.861804,1.8063376
2010-10-30 19:00:00,2.602633333333333,1.314,1.474076147269064,2.369136,2.0814438,2.5057325,2.2935882
2010-10-30 20:00:00,3.3127,1.5519666666666665,1.7884539056304374,2.6075265,1.7813575,2.8169894,2.2991734
2010-10-30 21:00:00,3.0156,1.641233333333333,2.115609434600386,2.8871124,1.9214473,2.5869699,2.2542086
2010-10-30 22:00:00,2.8801666666666668,0.9650666666666666,2.3810304498974,2.3682208,1.6498617,1.919035,1.7844484
2010-10-30 23:00:00,2.8712,1.3404999999999998,2.3146157723112415,2.0974243,1.4543251,1.2080631,1.3311942
2010-10-31 00:00:00,1.8089666666666664,1.6557,2.164581835879439,2.0446308,1.2567526,0.9247166,1.0907346
2010-10-31 01:00:00,1.4759,1.2114666666666667,1.582811560994178,1.4762743,0.84837157,0.8295337,0.83895266
2010-10-31 02:00:00,1.4299,0.9088666666666666,1.0426722962660173,1.6780994,0.8513733,0.786072,0.81872267
2010-10-31 03:00:00,1.5552333333333332,0.5199,0.7220849484213128,1.573442,0.6917949,0.72128296,0.7065389
2010-10-31 04:00:00,1.4665,0.3635666666666666,0.7017163163581799,1.4239525,0.5562274,0.67565477,0.61594105
2010-10-31 05:00:00,2.9103,0.3116,0.6965460425691028,1.4742286,0.45427564,0.62630975,0.5402927
2010-10-31 06:00:00,1.9305666666666668,0.3201666666666666,0.6911740185507507,1.7692709,0.5371405,0.6060244,0.57158244
2010-10-31 07:00:00,0.3292,0.4655666666666667,0.704689471973048,1.3453578,0.9389564,0.69532466,0.8171405
2010-10-31 08:00:00,0.355,0.4008333333333333,0.8433423500219194,0.6042851,1.0813385,0.97691464,1.0291266
2010-10-31 09:00:00,0.3982333333333333,0.3779333333333333,1.0867132769409609,0.66414493,1.1536617,1.3204758,1.2370688
2010-10-31 10:00:00,0.5090333333333333,0.7758666666666667,2.009621941758008,0.91900706,1.3732743,1.4730599,1.4231671
2010-10-31 11:00:00,0.3197666666666666,3.1332333333333335,2.2699975205259033,1.2303879,1.4917165,1.5079927,1.4998546
2010-10-31 12:00:00,0.3359333333333333,0.905,2.1209647135086835,0.7126382,1.5813652,1.5194578,1.5504115
2010-10-31 13:00:00,1.1764333333333332,1.2232666666666667,1.7258637786471351,0.7068156,1.5964946,1.5112582,1.5538764
2010-10-31 14:00:00,1.5386666666666666,1.7464000000000002,1.6703987983969324,1.0175372,1.5378108,1.5092678,1.5235393
2010-10-31 15:00:00,0.5955999999999999,1.5429,1.6280583865942846,1.3683345,1.4019529,1.525879,1.463916
2010-10-31 16:00:00,0.3451666666666667,1.6637,1.5246870873541254,1.0088203,1.3648577,1.5020065,1.4334321
2010-10-31 17:00:00,0.4587333333333333,1.5299,1.460913181054626,0.65499073,1.5027919,1.5698559,1.5363239
2010-10-31 18:00:00,0.3284666666666667,2.1401666666666666,1.510971179752977,1.3752257,1.8118103,1.8227118,1.817261
2010-10-31 19:00:00,0.3643333333333333,2.602633333333333,1.4719964141739708,1.0328097,2.3348398,2.3997416,2.3672907
2010-10-31 20:00:00,0.3928,3.3127,1.7863741725353441,0.7405685,2.2450106,2.745819,2.4954147
2010-10-31 21:00:00,1.2171666666666667,3.0156,2.1135297015052927,0.94391185,2.1896574,2.4449518,2.3173046
2010-10-31 22:00:00,1.3272666666666666,2.8801666666666668,2.378950716802307,1.4949616,1.6235657,1.6957068,1.6596363
2010-10-31 23:00:00,2.038,2.8712,2.3125360392161487,0.9964719,0.9000936,1.1360031,1.0180484
2010-11-01 00:00:00,1.3194,1.8089666666666664,2.1625021027843463,1.2780701,0.7497623,0.909252,0.8295071
2010-11-01 01:00:00,1.4804333333333333,1.4759,1.580731827899085,1.274833,0.6007944,0.45631796,0.52855617
2010-11-01 02:00:00,1.2860333333333334,1.4299,1.0405925631709245,1.5520802,0.47093824,0.44733846,0.45913833
2010-11-01 03:00:00,1.0646666666666669,1.5552333333333332,0.7200052153262197,1.3888887,0.45267782,0.39670563,0.42469174
2010-11-01 04:00:00,0.3274333333333333,1.4665,0.6996365832630869,1.198402,0.4821901,0.28269374,0.38244194
2010-11-01 05:00:00,0.4504,2.9103,0.6944663094740096,0.40897837,0.4815409,0.29161763,0.38657928
2010-11-01 06:00:00,0.4049666666666666,1.9305666666666668,0.6890942854556574,0.90957576,0.8524312,0.83525944,0.8438453
2010-11-01 07:00:00,0.3845666666666666,0.3292,0.7026097388779547,0.85016006,1.5283539,1.6221485,1.5752512
2010-11-01 08:00:00,0.3178,0.355,0.8412626169268261,0.757057,1.4590315,1.5981796,1.5286055
2010-11-01 09:00:00,1.1984,0.3982333333333333,1.0846335438458676,0.57299936,1.3593947,1.2930324,1.3262136
2010-11-01 10:00:00,0.4413,0.5090333333333333,2.0075422086629153,0.9479621,1.342564,1.125124,1.233844
2010-11-01 11:00:00,0.4067333333333333,0.3197666666666666,2.26791778743081,0.83134955,1.0544331,0.9995098,1.0269715
2010-11-01 12:00:00,0.7283333333333334,0.3359333333333333,2.1188849804135907,0.6145271,0.9607063,0.87500334,0.9178548
2010-11-01 13:00:00,1.8742666666666667,1.1764333333333332,1.7237840455520423,0.5571416,0.95593834,0.8052182,0.8805783
2010-11-01 14:00:00,1.4407,1.5386666666666666,1.6683190653018394,1.575426,0.9295214,0.6912141,0.8103677
2010-11-01 15:00:00,1.4621666666666668,0.5955999999999999,1.6259786534991916,1.2704792,0.8983506,0.608346,0.7533483
2010-11-01 16:00:00,1.6175,0.3451666666666667,1.5226073542590322,1.2974799,0.9051515,0.61205506,0.7586033
2010-11-01 17:00:00,1.4483,0.4587333333333333,1.4588334479595328,1.6398709,0.97616714,0.7461163,0.8611417
2010-11-01 18:00:00,0.6616333333333333,0.3284666666666667,1.5088914466578838,1.3990448,1.1487502,1.1824424,1.1655962
2010-11-01 19:00:00,0.3319333333333333,0.3643333333333333,1.4699166810788775,0.88312227,1.8991145,1.7944131,1.8467638
2010-11-01 20:00:00,0.475,0.3928,1.7842944394402513,0.6726933,1.7987554,2.2345066,2.0166311
2010-11-01 21:00:00,1.0677333333333332,1.2171666666666667,2.1114499684101995,0.98421013,2.0027623,1.901435,1.9520986
2010-11-01 22:00:00,1.3896666666666666,1.3272666666666666,2.3768709837072137,1.3089185,1.6243091,1.0829229,1.353616
2010-11-01 23:00:00,1.4736333333333331,2.038,2.3104563061210555,0.83272105,0.9475613,0.55569655,0.75162894
2010-11-02 00:00:00,1.4327333333333334,1.3194,2.160422369689253,1.3186716,0.7747961,0.40970546,0.5922508
2010-11-02 01:00:00,1.2633666666666667,1.4804333333333333,1.578652094803992,1.4322217,0.6837275,0.40048862,0.54210806
2010-11-02 02:00:00,0.3963333333333333,1.2860333333333334,1.0385128300758313,1.2087643,0.8898988,0.4056546,0.6477767
2010-11-02 03:00:00,0.3301,1.0646666666666669,0.7179254822311265,0.46330512,0.65140116,0.37674487,0.514073
2010-11-02 04:00:00,1.4277333333333333,0.3274333333333333,0.6975568501679936,0.4525177,0.5171843,0.33509755,0.42614093
2010-11-02 05:00:00,0.3799666666666667,0.4504,0.6923865763789163,1.2295219,0.5902142,0.42097878,0.5055965
2010-11-02 06:00:00,0.4035333333333333,0.4049666666666666,0.6870145523605644,0.86016876,0.81400996,0.98306847,0.8985392
2010-11-02 07:00:00,0.4835,0.3845666666666666,0.7005300057828617,0.8588933,1.233085,1.7570195,1.4950523
2010-11-02 08:00:00,0.5343333333333333,0.3178,0.8391828838317331,0.7752089,1.187341,1.7850714,1.4862062
2010-11-02 09:00:00,1.4453333333333334,1.1984,1.0825538107507748,1.0693728,1.2173853,1.5660968,1.391741
2010-11-02 10:00:00,0.8653666666666666,0.4413,2.005462475567822,1.3555133,1.1632199,1.4836897,1.3234549
2010-11-02 11:00:00,0.4302666666666666,0.4067333333333333,2.2658380543357173,0.8226671,1.2641033,1.4359226,1.350013
2010-11-02 12:00:00,0.3439666666666667,0.7283333333333334,2.1168052473184975,0.64238656,1.1626484,1.3846835,1.2736659
2010-11-02 13:00:00,0.4027333333333333,1.8742666666666667,1.721704312456949,0.41732875,1.1175772,1.3242441,1.2209107
2010-11-02 14:00:00,0.3610666666666667,1.4407,1.6662393322067461,0.6280306,1.1501684,1.2411809,1.1956747
2010-11-02 15:00:00,0.3765666666666666,1.4621666666666668,1.6238989204040983,0.4708494,1.0912095,1.1523571,1.1217833
2010-11-02 16:00:00,0.3728,1.6175,1.520527621163939,0.4165368,1.1558577,1.0629644,1.109411
2010-11-02 17:00:00,0.3232,1.4483,1.4567537148644398,0.6558709,1.198806,1.0659543,1.1323802
2010-11-02 18:00:00,1.1502333333333332,0.6616333333333333,1.5068117135627908,0.7698945,1.181462,1.332214,1.2568381
2010-11-02 19:00:00,0.8409,0.3319333333333333,1.4678369479837847,0.9118342,1.272376,1.876779,1.5745775
2010-11-02 20:00:00,1.2145,0.475,1.782214706345158,1.2003934,1.4997588,2.2955668,1.8976629
2010-11-02 21:00:00,1.3573666666666668,1.0677333333333332,2.1093702353151067,1.6380244,1.8115339,2.071831,1.9416825
2010-11-02 22:00:00,1.4289999999999998,1.3896666666666666,2.374791250612121,1.2568142,1.6551225,1.2516216,1.453372
2010-11-02 23:00:00,2.286466666666666,1.4736333333333331,2.308376573025962,1.0440042,1.086711,0.6197736,0.85324234
2010-11-03 00:00:00,0.6133000000000001,1.4327333333333334,2.15834263659416,1.4577203,0.8215465,0.43867803,0.6301123
2010-11-03 01:00:00,0.9561666666666668,1.2633666666666667,1.5765723617088987,0.5425094,0.7139655,0.39969224,0.55682886
2010-11-03 02:00:00,1.0623,0.3963333333333333,1.036433096980738,0.78778946,0.5587252,0.39471292,0.47671905
2010-11-03 03:00:00,0.4022666666666666,0.3301,0.7158457491360335,1.0946203,0.5091361,0.3659528,0.43754444
2010-11-03 04:00:00,0.33,1.4277333333333333,0.6954771170729006,0.49113926,0.44822273,0.36921954,0.40872115
2010-11-03 05:00:00,0.3884333333333333,0.3799666666666667,0.6903068432838233,0.4780425,0.47806966,0.49378037,0.48592502
2010-11-03 06:00:00,0.5263333333333333,0.4035333333333333,0.6849348192654714,0.78555274,0.7276518,1.0258064,0.87672913
2010-11-03 07:00:00,1.0215,0.4835,0.6984502726877687,1.3613199,1.378365,1.849441,1.613903
2010-11-03 08:00:00,1.9960666666666669,0.5343333333333333,0.8371031507366401,1.5149488,1.4005388,1.8702717,1.6354053
2010-11-03 09:00:00,2.0325,1.4453333333333334,1.0804740776556816,1.705833,1.5298184,1.5938009,1.5618097
2010-11-03 10:00:00,1.0415666666666668,0.8653666666666666,2.003382742472729,1.5850139,1.4890562,1.4588101,1.4739332
2010-11-03 11:00:00,0.3885666666666666,0.4302666666666666,2.263758321240624,0.898318,1.3947852,1.3886875,1.3917363
2010-11-03 12:00:00,0.3289,0.3439666666666667,2.1147255142234043,0.5731821,1.0511829,1.3257139,1.1884484
2010-11-03 13:00:00,0.4435333333333334,0.4027333333333333,1.7196245793618559,0.54967546,1.2091811,1.2070035,1.2080922
2010-11-03 14:00:00,0.3258333333333333,0.3610666666666667,1.6641595991116531,0.7149179,1.0624417,1.0993451,1.0808934
2010-11-03 15:00:00,0.3891,0.3765666666666666,1.6218191873090053,0.45909053,0.9143229,0.96371025,0.9390166
2010-11-03 16:00:00,0.3891666666666667,0.3728,1.5184478880688461,0.6073728,0.98942584,0.857516,0.9234709
2010-11-03 17:00:00,0.6790666666666667,0.3232,1.4546739817693468,0.61256903,1.0397408,0.870509,0.9551249
2010-11-03 18:00:00,0.9811,1.1502333333333332,1.5047319804676977,1.2758638,1.1133231,1.2155818,1.1644524
2010-11-03 19:00:00,1.2302,0.8409,1.4657572148886915,1.494913,1.3334221,1.7930336,1.5632279
2010-11-03 20:00:00,1.619033333333333,1.2145,1.7801349732500649,1.161566,1.5016422,2.2091799,1.855411
2010-11-03 21:00:00,3.1431666666666667,1.3573666666666668,2.1072905022200135,1.9153194,1.8174794,2.0736015,1.9455404
2010-11-03 22:00:00,0.8998,1.4289999999999998,2.3727115175170277,1.9966323,1.5915413,1.3796129,1.4855771
2010-11-03 23:00:00,0.3670666666666667,2.286466666666666,2.306296839930869,0.86255276,0.91985524,0.7716631,0.84575915
2010-11-04 00:00:00,0.5018333333333334,0.6133000000000001,2.156262903499067,0.4050077,0.7602463,0.524126,0.64218616
2010-11-04 01:00:00,0.8423,0.9561666666666668,1.5744926286138057,0.55665666,0.6313375,0.42094988,0.52614367
2010-11-04 02:00:00,0.5743666666666667,1.0623,1.0343533638856452,0.385639,0.44825578,0.38048506,0.41437042
2010-11-04 03:00:00,0.3427666666666666,0.4022666666666666,0.7137660160409405,0.52302426,0.46220845,0.3145753,0.38839188
2010-11-04 04:00:00,0.4557333333333334,0.33,0.6933973839778076,0.45817816,0.6103393,0.29330456,0.45182192
2010-11-04 05:00:00,0.3952666666666667,0.3884333333333333,0.6882271101887303,0.61324626,0.45751548,0.40625948,0.43188748
2010-11-04 06:00:00,0.8127333333333333,0.5263333333333333,0.6828550861703782,0.83864874,0.6673306,0.9468481,0.8070893
2010-11-04 07:00:00,2.2722,1.0215,0.6963705395926755,1.366242,1.0890936,1.7496343,1.419364
2010-11-04 08:00:00,4.4189,1.9960666666666669,0.8350234176415469,1.7189449,1.2372544,1.7684332,1.5028439
2010-11-04 09:00:00,2.2490333333333337,2.0325,1.0783943445605884,2.9116242,1.5167311,1.4596019,1.4881666
2010-11-04 10:00:00,3.626633333333333,1.0415666666666668,2.0013030093776356,2.2666519,1.3246771,1.2663387,1.2955079
2010-11-04 11:00:00,3.2412666666666667,0.3885666666666666,2.2616785881455312,2.5108397,0.84563214,1.1372013,0.9914167
2010-11-04 12:00:00,2.1015666666666664,0.3289,2.112645781128311,1.6538512,0.78567904,1.0248083,0.90524364
2010-11-04 13:00:00,2.1523,0.4435333333333334,1.717544846266763,1.2933807,0.8599296,0.8647912,0.8623604
2010-11-04 14:00:00,0.8233,0.3258333333333333,1.66207986601656,1.4417062,1.0950137,0.70658636,0.90080005
2010-11-04 15:00:00,0.7059,0.3891,1.6197394542139123,1.346359,1.065299,0.6058743,0.83558667
2010-11-04 16:00:00,0.4494999999999999,0.3891666666666667,1.5163681549737529,1.2301453,1.0821244,0.5997274,0.8409259
2010-11-04 17:00:00,0.6564666666666666,0.6790666666666667,1.4525942486742536,0.9897693,1.3121694,0.70840096,1.0102851
2010-11-04 18:00:00,1.6958666666666666,0.9811,1.5026522473726045,1.1789081,1.5110171,1.1072487,1.3091328
2010-11-04 19:00:00,4.053766666666666,1.2302,1.4636774817935982,3.0901928,1.7562382,1.70101,1.7286241
2010-11-04 20:00:00,4.462599999999999,1.619033333333333,1.778055240154972,3.0610504,1.823777,2.1094909,1.9666339
2010-11-04 21:00:00,3.097166666666667,3.1431666666666667,2.1052107691249202,3.490113,1.9509809,1.9828241,1.9669025
2010-11-04 22:00:00,2.0152666666666668,0.8998,2.370631784421935,2.1526225,1.4691243,1.3641016,1.416613
2010-11-04 23:00:00,0.6390333333333333,0.3670666666666667,2.304217106835776,1.149379,0.85895276,0.8221787,0.84056574
2010-11-05 00:00:00,0.4877666666666666,0.5018333333333334,2.154183170403974,0.55276495,0.5676077,0.56430465,0.5659562
2010-11-05 01:00:00,0.3417666666666666,0.8423,1.5724128955187127,0.6037893,0.46016663,0.449915,0.4550408
2010-11-05 02:00:00,0.3838666666666667,0.5743666666666667,1.032273630790552,0.3970602,0.5026895,0.4278322,0.46526083
2010-11-05 03:00:00,0.4214333333333334,0.3427666666666666,0.7116862829458472,0.3710867,0.43229118,0.3431793,0.38773525
2010-11-05 04:00:00,0.4793333333333333,0.4557333333333334,0.6913176508827144,0.43174872,0.42737758,0.26953006,0.34845382
2010-11-05 05:00:00,0.3457666666666666,0.3952666666666667,0.686147377093637,0.64895433,0.3943178,0.36866778,0.3814928
2010-11-05 06:00:00,0.7456,0.8127333333333333,0.6807753530752849,1.0512319,0.83539313,0.9492439,0.8923185
2010-11-05 07:00:00,2.7622,2.2722,0.6942908064975825,1.2992764,1.4089909,1.7119521,1.5604715
2010-11-05 08:00:00,1.8461333333333336,4.4189,0.8329436845464538,2.0471315,1.4221973,1.7178106,1.570004
2010-11-05 09:00:00,1.5481,2.2490333333333337,1.0763146114654956,1.8621961,1.6957663,1.5314136,1.61359
2010-11-05 10:00:00,1.4172333333333331,3.626633333333333,1.9992232762825428,1.431534,1.123602,1.4349061,1.2792541
2010-11-05 11:00:00,1.4705,3.2412666666666667,2.259598855050438,1.3236601,1.0570066,1.3207064,1.1888565
2010-11-05 12:00:00,1.7144333333333333,2.1015666666666664,2.1105660480332182,1.4560686,1.0847456,1.1558518,1.1202987
2010-11-05 13:00:00,1.6337000000000002,2.1523,1.7154651131716698,1.4892176,0.88195187,1.0188248,0.9503883
2010-11-05 14:00:00,1.4995666666666667,0.8233,1.6600001329214669,1.5232742,0.96636534,0.8630722,0.91471875
2010-11-05 15:00:00,1.5889666666666666,0.7059,1.617659721118819,1.4057286,1.1050829,0.74697727,0.92603004
2010-11-05 16:00:00,0.8524666666666667,0.4494999999999999,1.5142884218786596,1.213143,0.8221161,0.712479,0.7672975
2010-11-05 17:00:00,0.7742666666666668,0.6564666666666666,1.4505145155791606,1.0581104,0.9990658,0.8650148,0.93204033
2010-11-05 18:00:00,1.1301,1.6958666666666666,1.5005725142775115,1.4093223,1.5078486,1.2992511,1.4035499
2010-11-05 19:00:00,1.7654999999999998,4.053766666666666,1.4615977486985055,1.8477913,2.0964305,1.9812605,2.0388455
2010-11-05 20:00:00,2.204533333333333,4.462599999999999,1.7759755070598788,2.2937741,2.166831,2.3660984,2.2664647
2010-11-05 21:00:00,1.8398666666666663,3.097166666666667,2.1031310360298274,1.8205844,2.09441,2.186532,2.140471
2010-11-05 22:00:00,1.3280333333333334,2.0152666666666668,2.3685520513268417,1.4606065,1.3241909,1.5610256,1.4426082
2010-11-05 23:00:00,0.3536666666666666,0.6390333333333333,2.302137373740683,0.8216536,0.98366106,0.8951377,0.93939936
2010-11-06 00:00:00,0.3185,0.4877666666666666,2.1521034373088805,0.3854266,0.6418943,0.5768309,0.6093626
2010-11-06 01:00:00,0.4849333333333333,0.3417666666666666,1.5703331624236194,0.39014307,0.5066721,0.49917865,0.5029254
2010-11-06 02:00:00,1.002133333333333,0.3838666666666667,1.0301938976954588,0.54267275,0.46298313,0.47466528,0.4688242
2010-11-06 03:00:00,0.3465,0.4214333333333334,0.7096065498507542,0.36165172,0.44810387,0.42770958,0.43790674
2010-11-06 04:00:00,0.3384333333333333,0.4793333333333333,0.6892379177876213,0.3882962,0.40344894,0.36911106,0.38628
2010-11-06 05:00:00,0.4397333333333333,0.3457666666666666,0.684067643998544,0.45279253,0.3805074,0.3718354,0.3761714
2010-11-06 06:00:00,0.6567333333333334,0.7456,0.6786956199801921,0.8408415,0.62539965,0.61384386,0.61962175
2010-11-06 07:00:00,2.6104333333333334,2.7622,0.6922110734024894,1.2785275,1.4087197,1.1349709,1.2718453
2010-11-06 08:00:00,2.1137333333333332,1.8461333333333336,0.8308639514513608,1.9894229,1.2845919,1.5696428,1.4271173
2010-11-06 09:00:00,1.3696,1.5481,1.0742348783704023,1.7856499,1.2365874,1.6924305,1.464509
2010-11-06 10:00:00,1.199733333333333,1.4172333333333331,1.9971435431874496,1.5126693,1.4052124,1.732445,1.5688287
2010-11-06 11:00:00,2.4701333333333335,1.4705,2.2575191219553448,1.7162379,1.624861,1.7565393,1.6907002
2010-11-06 12:00:00,1.9629666666666663,1.7144333333333333,2.108486314938125,2.1226423,1.5091493,1.7771833,1.6431663
2010-11-06 13:00:00,1.1770333333333334,1.6337000000000002,1.7133853800765766,2.3037832,1.5061905,1.7726544,1.6394224
2010-11-06 14:00:00,0.5483333333333333,1.4995666666666667,1.6579203998263738,1.5930387,1.4373806,1.7758512,1.6066159
2010-11-06 15:00:00,1.8849,1.5889666666666666,1.615579988023726,1.2096045,1.6003876,1.7943101,1.6973488
2010-11-06 16:00:00,1.7088333333333334,0.8524666666666667,1.5122086887835668,1.6975216,1.5558745,1.8555527,1.7057135
2010-11-06 17:00:00,1.5478333333333334,0.7742666666666668,1.4484347824840675,1.953661,1.6167669,2.0487955,1.8327812
2010-11-06 18:00:00,2.0902333333333334,1.1301,1.4984927811824185,2.4288924,2.0190904,2.369697,2.1943936
2010-11-06 19:00:00,1.8949333333333336,1.7654999999999998,1.4595180156034122,2.6131728,2.398308,2.6159515,2.5071297
2010-11-06 20:00:00,1.2521666666666669,2.204533333333333,1.7738957739647856,2.1101415,2.359746,2.5544279,2.457087
2010-11-06 21:00:00,1.1034333333333337,1.8398666666666663,2.101051302934734,1.8150434,2.4927747,2.0846357,2.2887053
2010-11-06 22:00:00,1.0556666666666668,1.3280333333333334,2.3664723182317484,1.0161601,1.8353798,1.4726611,1.6540205
2010-11-06 23:00:00,0.5132,0.3536666666666666,2.3000576406455897,0.65473104,1.4848043,1.0709337,1.277869
2010-11-07 00:00:00,0.511,0.3185,2.1500237042137877,0.5416254,1.0294445,0.89459634,0.9620204
2010-11-07 01:00:00,0.3605,0.4849333333333333,1.5682534293285264,0.572918,0.9012248,0.7378154,0.8195201
2010-11-07 02:00:00,0.3762333333333333,1.002133333333333,1.028114164600366,0.41297877,0.80322933,0.6295434,0.7163864
2010-11-07 03:00:00,0.3991,0.3465,0.7075268167556612,0.3594193,0.79700124,0.5204884,0.6587448
2010-11-07 04:00:00,0.4824,0.3384333333333333,0.6871581846925283,0.4407872,0.77034396,0.4503414,0.6103427
2010-11-07 05:00:00,0.3278333333333333,0.4397333333333333,0.681987910903451,0.697238,0.811143,0.41308433,0.61211365
2010-11-07 06:00:00,0.3384999999999999,0.6567333333333334,0.6766158868850989,0.72814375,0.8672835,0.40925378,0.63826865
2010-11-07 07:00:00,1.0311,2.6104333333333334,0.6901313403073962,0.6794508,1.1559511,0.47681147,0.81638134
2010-11-07 08:00:00,0.6107666666666667,2.1137333333333332,0.8287842183562676,0.93737584,1.0476477,0.7150346,0.88134116
2010-11-07 09:00:00,1.5049666666666668,1.3696,1.072155145275309,1.1107024,1.3438582,1.074366,1.2091122
2010-11-07 10:00:00,1.7558333333333331,1.199733333333333,1.9950638100923566,1.6639757,1.4469334,1.2657626,1.356348
2010-11-07 11:00:00,2.0469333333333335,2.4701333333333335,2.2554393888602515,1.789393,1.6214938,1.2918596,1.4566767
2010-11-07 12:00:00,1.7646000000000002,1.9629666666666663,2.1064065818430318,1.9401966,1.5762469,1.2724016,1.4243243
2010-11-07 13:00:00,1.2351333333333334,1.1770333333333334,1.7113056469814838,1.9790936,1.6096905,1.2745974,1.4421439
2010-11-07 14:00:00,1.4556,0.5483333333333333,1.6558406667312808,1.3443512,1.5831399,1.2765073,1.4298236
2010-11-07 15:00:00,1.7619,1.8849,1.613500254928633,1.4570283,1.5655472,1.3003616,1.4329544
2010-11-07 16:00:00,1.2386,1.7088333333333334,1.5101289556884736,1.9644481,1.5542392,1.3904607,1.4723499
2010-11-07 17:00:00,1.2321333333333333,1.5478333333333334,1.4463550493889743,1.5705489,1.5633377,1.588114,1.5757258
2010-11-07 18:00:00,1.9366,2.0902333333333334,1.4964130480873252,1.841481,1.8601912,1.8657899,1.8629906
2010-11-07 19:00:00,1.9461,1.8949333333333336,1.457438282508319,2.4089444,2.2357602,2.2218199,2.22879
2010-11-07 20:00:00,2.108233333333333,1.2521666666666669,1.7718160408696928,2.0093997,2.2045567,2.312036,2.2582965
2010-11-07 21:00:00,1.7344333333333333,1.1034333333333337,2.098971569839641,1.7969126,2.1811397,1.912348,2.0467439
2010-11-07 22:00:00,1.2988333333333335,1.0556666666666668,2.364392585136655,1.658637,1.7679943,1.3778577,1.572926
2010-11-07 23:00:00,0.4396,0.5132,2.297977907550497,0.9915839,1.196269,1.0640018,1.1301354
2010-11-08 00:00:00,0.3135,0.511,2.1479439711186945,0.4392167,0.5983557,0.9230768,0.76071626
2010-11-08 01:00:00,0.4016333333333333,0.3605,1.5661736962334334,0.40210935,0.5841393,0.49278772,0.5384635
2010-11-08 02:00:00,0.376,0.3762333333333333,1.0260344315052727,0.4804694,0.66585153,0.49461395,0.58023274
2010-11-08 03:00:00,1.010066666666667,0.3991,0.705447083660568,0.40043437,0.52171755,0.3573286,0.43952307
2010-11-08 04:00:00,0.3308,0.4824,0.6850784515974351,0.38424203,0.5217198,0.23192346,0.37682164
2010-11-08 05:00:00,0.3314333333333333,0.3278333333333333,0.6799081778083578,0.45787603,0.52078104,0.28533387,0.40305746
2010-11-08 06:00:00,0.9282,0.3384999999999999,0.6745361537900056,0.6752664,0.8362875,0.98333704,0.9098123
2010-11-08 07:00:00,2.6106666666666665,1.0311,0.6880516072123032,1.5583076,1.4398954,1.757733,1.5988142
2010-11-08 08:00:00,1.7462000000000002,0.6107666666666667,0.8267044852611746,1.8475021,1.334289,1.7239743,1.5291317
2010-11-08 09:00:00,1.488,1.5049666666666668,1.0700754121802163,1.5943686,1.6559489,1.449946,1.5529475
2010-11-08 10:00:00,1.342566666666667,1.7558333333333331,1.9929840769972635,1.3448374,1.4035429,1.3003854,1.3519641
2010-11-08 11:00:00,1.3471333333333333,2.0469333333333335,2.2533596557651587,1.1596867,1.4101325,1.2254748,1.3178036
2010-11-08 12:00:00,1.5107333333333337,1.7646000000000002,2.104326848747939,1.179921,1.4879035,1.148375,1.3181393
2010-11-08 13:00:00,2.0889333333333333,1.2351333333333334,1.7092259138863906,1.4123383,1.7000197,1.0270649,1.3635423
2010-11-08 14:00:00,1.2387,1.4556,1.6537609336361876,1.9830623,1.4335274,0.9238609,1.1786941
2010-11-08 15:00:00,0.9437333333333334,1.7619,1.6114205218335398,1.3875667,1.6810559,0.8691401,1.275098
2010-11-08 16:00:00,0.4469666666666667,1.2386,1.5080492225933804,0.85052943,1.4386032,0.9364932,1.1875482
2010-11-08 17:00:00,0.6663333333333334,1.2321333333333333,1.4442753162938813,0.85861623,1.4615374,1.1969339,1.3292356
2010-11-08 18:00:00,1.5786000000000002,1.9366,1.4943333149922322,1.310284,1.5479631,1.654256,1.6011095
2010-11-08 19:00:00,2.1504333333333334,1.9461,1.455358549413226,2.064439,1.9959712,2.1227353,2.0593534
2010-11-08 20:00:00,2.5562666666666667,2.108233333333333,1.7697363077745996,2.2970207,1.9733691,2.2554145,2.1143918
2010-11-08 21:00:00,2.6497333333333333,1.7344333333333333,2.096891836744548,2.1010113,1.9188982,1.8428389,1.8808686
2010-11-08 22:00:00,1.8272333333333333,1.2988333333333335,2.3623128520415624,1.4881207,1.612177,1.0590482,1.3356125
2010-11-08 23:00:00,0.5418000000000001,0.4396,2.2958981744554037,0.7219024,1.1366833,0.5736594,0.8551714
2010-11-09 00:00:00,0.3769,0.3135,2.1458642380236013,0.5627971,0.56399506,0.4795761,0.5217856
2010-11-09 01:00:00,0.3479,0.4016333333333333,1.5640939631383401,0.40159535,0.54520625,0.47339523,0.5093007
2010-11-09 02:00:00,0.3175666666666666,0.376,1.0239546984101795,0.34530404,0.48089218,0.47864687,0.47976953
2010-11-09 03:00:00,0.3158666666666667,1.010066666666667,0.703367350565475,0.40956643,0.49801856,0.46300238,0.48051047
2010-11-09 04:00:00,0.3116666666666666,0.3308,0.6829987185023421,0.435284,0.5189494,0.46827358,0.49361148
2010-11-09 05:00:00,0.3912666666666666,0.3314333333333333,0.6778284447132648,0.4643633,0.5093377,0.62925136,0.5692946
2010-11-09 06:00:00,1.6284999999999998,0.9282,0.6724564206949128,0.8816006,0.85913146,1.2601098,1.0596206
2010-11-09 07:00:00,1.9789666666666668,2.6106666666666665,0.6859718741172102,1.8909041,1.6222894,1.9772084,1.7997489
2010-11-09 08:00:00,1.9015333333333333,1.7462000000000002,0.8246247521660816,1.6491773,1.4299729,1.8536227,1.6417978
2010-11-09 09:00:00,1.7798333333333334,1.488,1.067995679085123,1.559513,1.693513,1.6141529,1.6538329
2010-11-09 10:00:00,1.086833333333333,1.342566666666667,1.9909043439021703,1.5676249,1.477853,1.5375117,1.5076823
2010-11-09 11:00:00,1.5032,1.3471333333333333,2.2512799226700655,1.4212044,1.4146098,1.5192751,1.4669424
2010-11-09 12:00:00,1.3461333333333334,1.5107333333333337,2.1022471156528457,1.6557845,1.311209,1.5016475,1.4064282
2010-11-09 13:00:00,0.9226,2.0889333333333333,1.7071461807912973,1.0698032,1.2472439,1.4565508,1.3518974
2010-11-09 14:00:00,0.5484333333333333,1.2387,1.6516812005410946,0.7805813,1.1343193,1.3960617,1.2651905
2010-11-09 15:00:00,0.4860666666666667,0.9437333333333334,1.6093407887384468,0.78921986,1.20405,1.2796848,1.2418673
2010-11-09 16:00:00,0.6602,0.4469666666666667,1.5059694894982876,0.613156,1.1024244,1.2909122,1.1966683
2010-11-09 17:00:00,2.2828,0.6663333333333334,1.4421955831987883,0.9086091,1.0777937,1.3354367,1.2066152
2010-11-09 18:00:00,2.809833333333333,1.5786000000000002,1.4922535818971392,2.162628,1.6712062,1.5744337,1.6228199
2010-11-09 19:00:00,2.416,2.1504333333333334,1.453278816318133,2.434193,2.1007578,2.045066,2.072912
2010-11-09 20:00:00,3.7867,2.5562666666666667,1.7676565746795063,2.2434533,2.0574656,2.4146652,2.2360654
2010-11-09 21:00:00,2.9360666666666666,2.6497333333333333,2.094812103649455,2.6580904,2.0959587,2.1710575,2.1335082
2010-11-09 22:00:00,2.340733333333333,1.8272333333333333,2.360233118946469,1.8116541,1.6040788,1.4418862,1.5229825
2010-11-09 23:00:00,1.2260333333333333,0.5418000000000001,2.2938184413603104,1.5057812,1.0982543,0.7837937,0.941024
2010-11-10 00:00:00,0.7873333333333333,0.3769,2.1437845049285085,0.68431365,0.55383635,0.57600963,0.564923
2010-11-10 01:00:00,0.4217,0.3479,1.5620142300432471,0.7437071,0.49466196,0.54989374,0.52227783
2010-11-10 02:00:00,0.3275333333333333,0.3175666666666666,1.0218749653150865,0.38985276,0.4596809,0.57213056,0.51590574
2010-11-10 03:00:00,0.3299333333333333,0.3158666666666667,0.7012876174703819,0.35572678,0.48063952,0.5807411,0.5306903
2010-11-10 04:00:00,0.3084666666666666,0.3116666666666666,0.680918985407249,0.45808178,0.47045082,0.57912654,0.5247887
2010-11-10 05:00:00,0.3451666666666667,0.3912666666666666,0.6757487116181717,0.44235897,0.49938482,0.6552142,0.5772995
2010-11-10 06:00:00,0.7614333333333333,1.6284999999999998,0.6703766875998196,1.0380751,0.97520775,1.0673779,1.0212928
2010-11-10 07:00:00,2.8744333333333336,1.9789666666666668,0.6838921410221169,1.589233,1.7346721,1.7926877,1.7636799
2010-11-10 08:00:00,2.3632333333333335,1.9015333333333333,0.8225450190709883,2.0471776,1.99656,1.793906,1.8952329
2010-11-10 09:00:00,1.7861,1.7798333333333334,1.0659159459900298,2.2978241,1.7847248,1.5356865,1.6602056
2010-11-10 10:00:00,3.372,1.086833333333333,1.9888246108070773,2.3468573,1.5189118,1.4148114,1.4668616
2010-11-10 11:00:00,3.2857333333333334,1.5032,2.2492001895749727,2.3397713,1.3522321,1.350048,1.35114
2010-11-10 12:00:00,1.4770333333333334,1.3461333333333334,2.1001673825577525,2.1852195,1.2182453,1.2763543,1.2472998
2010-11-10 13:00:00,2.4002333333333334,0.9226,1.7050664476962045,1.2946801,1.0099424,1.1820974,1.09602
2010-11-10 14:00:00,2.0136666666666665,0.5484333333333333,1.6496014674460016,1.9088521,1.001459,1.0133337,1.0073963
2010-11-10 15:00:00,1.572566666666667,0.4860666666666667,1.6072610556433538,1.7826862,0.9912997,0.8759731,0.9336364
2010-11-10 16:00:00,1.5676666666666668,0.6602,1.5038897564031943,1.4757031,0.9700042,0.8105836,0.8902939
2010-11-10 17:00:00,1.308,2.2828,1.440115850103695,1.5920877,1.2183433,0.8825693,1.0504563
2010-11-10 18:00:00,1.7590333333333334,2.809833333333333,1.490173848802046,1.8314238,1.7474872,1.365862,1.5566746
2010-11-10 19:00:00,0.9631666666666666,2.416,1.4511990832230397,1.9868853,2.047958,2.109579,2.0787685
2010-11-10 20:00:00,0.3933333333333333,3.7867,1.765576841584413,1.4828167,2.4502857,2.2976456,2.3739657
2010-11-10 21:00:00,0.4352,2.9360666666666666,2.0927323705543617,0.60892934,2.5528722,1.8427505,2.1978114
2010-11-10 22:00:00,0.3868333333333333,2.340733333333333,2.3581533858513763,0.65646946,1.4625741,1.1511972,1.3068857
2010-11-10 23:00:00,1.2024333333333332,1.2260333333333333,2.2917387082652176,0.5133403,0.87819016,0.6740036,0.7760969
2010-11-11 00:00:00,0.5653333333333334,0.7873333333333333,2.1417047718334152,0.33462375,0.54236233,0.4893087,0.5158355
2010-11-11 01:00:00,0.3524333333333333,0.4217,1.5599344969481541,0.46683228,0.49888393,0.45086855,0.47487622
2010-11-11 02:00:00,0.3161,0.3275333333333333,1.0197952322199935,0.347783,0.47874364,0.4104451,0.44459438
2010-11-11 03:00:00,0.3457333333333333,0.3299333333333333,0.6992078843752887,0.43903404,0.4663407,0.30258042,0.38446057
2010-11-11 04:00:00,0.3668666666666667,0.3084666666666666,0.6788392523121558,0.469885,0.43566436,0.25256062,0.3441125
2010-11-11 05:00:00,0.3636666666666667,0.3451666666666667,0.6736689785230785,0.38345984,0.44002485,0.41447335,0.4272491
2010-11-11 06:00:00,1.1501666666666668,0.7614333333333333,0.6682969545047264,0.82675004,0.9735854,1.1130073,1.0432963
2010-11-11 07:00:00,0.6459333333333334,2.8744333333333336,0.6818124079270239,1.4867185,2.079497,2.0609195,2.0702083
2010-11-11 08:00:00,0.8163,2.3632333333333335,0.8204652859758953,1.7832327,2.0842402,1.8914566,1.9878484
2010-11-11 09:00:00,1.1073333333333333,1.7861,1.063836212894937,1.3124387,1.7333332,1.4697151,1.6015241
2010-11-11 10:00:00,1.4271666666666667,3.372,1.9867448777119843,1.7000083,1.9679582,1.2756885,1.6218233
2010-11-11 11:00:00,2.6264333333333334,3.2857333333333334,2.2471204564798795,2.237645,1.7637594,1.2005,1.4821297
2010-11-11 12:00:00,1.8741333333333332,1.4770333333333334,2.0980876494626597,2.2493308,1.8608955,1.1414504,1.501173
2010-11-11 13:00:00,1.2342000000000002,2.4002333333333334,1.7029867146011113,2.427719,1.7187814,1.0946838,1.4067326
2010-11-11 14:00:00,1.7211666666666663,2.0136666666666665,1.6475217343509083,1.7872024,1.0673409,0.9952948,1.0313178
2010-11-11 15:00:00,2.8895,1.572566666666667,1.6051813225482605,1.9944459,1.0535482,0.9635612,1.0085547
2010-11-11 16:00:00,2.7048,1.5676666666666668,1.501810023308101,2.5200927,1.2779669,1.0531124,1.1655396
2010-11-11 17:00:00,2.3609,1.308,1.438036117008602,2.3848703,1.4989927,1.334411,1.4167018
2010-11-11 18:00:00,1.5769333333333333,1.7590333333333334,1.488094115706953,2.612741,2.333742,1.8321519,2.0829468
2010-11-11 19:00:00,1.6116333333333337,0.9631666666666666,1.4491193501279467,2.5841045,2.671637,2.2866826,2.4791598
2010-11-11 20:00:00,1.8592666666666664,0.3933333333333333,1.7634971084893203,2.4150207,2.6121254,2.4492807,2.530703
2010-11-11 21:00:00,0.8788,0.4352,2.090652637459269,1.8948897,2.492956,2.287417,2.3901863
2010-11-11 22:00:00,0.4840666666666667,0.3868333333333333,2.356073652756283,0.85800713,2.0322843,1.6810092,1.8566468
2010-11-11 23:00:00,0.2809999999999999,1.2024333333333332,2.2896589751701244,0.63449293,1.0235262,1.020985,1.0222557
2010-11-12 00:00:00,0.881,0.5653333333333334,2.139625038738322,0.32869545,0.5641223,0.7487352,0.65642875
2010-11-12 01:00:00,0.2672666666666667,0.3524333333333333,1.5578547638530609,0.3486898,0.41244823,0.6713352,0.5418917
2010-11-12 02:00:00,0.3506333333333333,0.3161,1.0177154991249002,0.3477506,0.44226152,0.599725,0.52099323
2010-11-12 03:00:00,0.3204,0.3457333333333333,0.6971281512801955,0.3305553,0.47053748,0.48379588,0.47716668
2010-11-12 04:00:00,0.2792,0.3668666666666667,0.6767595192170628,0.3469146,0.46693718,0.41603327,0.44148523
2010-11-12 05:00:00,0.2896,0.3636666666666667,0.6715892454279855,0.3923595,0.4456519,0.4865558,0.46610385
2010-11-12 06:00:00,0.6563666666666667,1.1501666666666668,0.6662172214096336,0.9852662,0.8667326,0.8370204,0.8518765
2010-11-12 07:00:00,2.694,0.6459333333333334,0.6797326748319309,1.829759,1.8674487,1.5413567,1.7044027
2010-11-12 08:00:00,2.3759,0.8163,0.8183855528808023,1.8871783,1.6907015,1.8275399,1.7591207
2010-11-12 09:00:00,1.5554666666666668,1.1073333333333333,1.0617564797998438,1.9756312,1.6503505,1.640292,1.6453212
2010-11-12 10:00:00,1.8644333333333336,1.4271666666666667,1.984665144616891,1.7046294,1.5467545,1.4554468,1.5011007
2010-11-12 11:00:00,1.4117333333333335,2.6264333333333334,2.245040723384786,1.5550623,1.6034116,1.3414438,1.4724276
2010-11-12 12:00:00,1.4349333333333334,1.8741333333333332,2.0960079163675664,1.352685,1.403101,1.2255229,1.314312
2010-11-12 13:00:00,0.8018333333333333,1.2342000000000002,1.700906981506018,1.1765848,1.2609543,1.1039624,1.1824584
2010-11-12 14:00:00,1.3209333333333333,1.7211666666666663,1.6454420012558153,1.1280929,1.4419426,1.0791774,1.26056
2010-11-12 15:00:00,1.7907666666666666,2.8895,1.6031015894531675,1.6171795,1.5327381,1.0971572,1.3149476
2010-11-12 16:00:00,1.3616666666666668,2.7048,1.4997302902130083,1.5657743,1.4601518,1.2317076,1.3459296
2010-11-12 17:00:00,2.4560999999999997,2.3609,1.435956383913509,1.9811339,1.539618,1.418879,1.4792485
2010-11-12 18:00:00,2.280866666666667,1.5769333333333333,1.48601438261186,2.330426,1.7351276,1.7065612,1.7208444
2010-11-12 19:00:00,2.391966666666667,1.6116333333333337,1.4470396170328537,2.6061196,2.2568183,1.9060104,2.0814142
2010-11-12 20:00:00,1.7533333333333334,1.8592666666666664,1.761417375394227,2.8049188,2.2679994,1.855935,2.0619671
2010-11-12 21:00:00,1.1149,0.8788,2.0885729043641756,2.0055609,1.9769529,1.4912801,1.7341166
2010-11-12 22:00:00,0.3205333333333333,0.4840666666666667,2.35399391966119,0.74792194,1.5960066,1.0244205,1.3102136
2010-11-12 23:00:00,0.6398666666666666,0.2809999999999999,2.287579242075031,0.39722842,0.8172396,0.73188335,0.77456146
2010-11-13 00:00:00,0.6910333333333334,0.881,2.137545305643229,0.547587,0.678352,0.5904285,0.63439023
2010-11-13 01:00:00,0.8481,0.2672666666666667,1.5557750307579679,0.61030614,0.5770496,0.601772,0.5894108
2010-11-13 02:00:00,0.3094,0.3506333333333333,1.0156357660298072,0.253391,0.6042024,0.55732375,0.5807631
2010-11-13 03:00:00,0.2839666666666666,0.3204,0.6950484181851027,0.39584202,0.5176691,0.4597848,0.48872694
2010-11-13 04:00:00,0.3494333333333334,0.2792,0.6746797861219698,0.36979878,0.4803568,0.41069824,0.44552752
2010-11-13 05:00:00,0.3711666666666666,0.2896,0.6695095123328925,0.36457112,0.46688998,0.44904304,0.4579665
2010-11-13 06:00:00,0.5848,0.6563666666666667,0.6641374883145403,0.75093085,0.85050845,0.64905715,0.7497828
2010-11-13 07:00:00,2.1326,2.694,0.6776529417368377,2.5515609,2.082589,1.0802099,1.5813994
2010-11-13 08:00:00,1.496033333333333,2.3759,0.816305819785709,1.8513142,1.8239202,1.491403,1.6576617
2010-11-13 09:00:00,0.7291666666666666,1.5554666666666668,1.0596767467047505,1.4453123,1.5569456,1.616579,1.5867623
2010-11-13 10:00:00,0.4220333333333333,1.8644333333333336,1.982585411521798,1.1874702,1.5338597,1.606015,1.5699373
2010-11-13 11:00:00,1.1491,1.4117333333333335,2.242960990289693,0.9926866,1.9317691,1.6003475,1.7660583
2010-11-13 12:00:00,1.1453,1.4349333333333334,2.093928183272473,1.2756075,1.9413769,1.6213908,1.7813839
2010-11-13 13:00:00,2.062,0.8018333333333333,1.6988272484109253,1.8500539,1.7314636,1.6673038,1.6993837
2010-11-13 14:00:00,2.097933333333333,1.3209333333333333,1.6433622681607223,1.9149101,1.6622121,1.7415645,1.7018883
2010-11-13 15:00:00,2.195966666666666,1.7907666666666666,1.6010218563580745,2.673144,1.9541804,1.8371431,1.8956617
2010-11-13 16:00:00,3.2211333333333334,1.3616666666666668,1.497650557117915,2.1577876,1.9503552,1.95469,1.9525225
2010-11-13 17:00:00,2.7615666666666665,2.4560999999999997,1.4338766508184158,3.1466362,1.9992778,2.0783339,2.038806
2010-11-13 18:00:00,1.7152999999999998,2.280866666666667,1.4839346495167667,2.9356604,2.5253775,2.128938,2.3271577
2010-11-13 19:00:00,2.292333333333333,2.391966666666667,1.4449598839377604,1.9520464,2.6633034,2.065316,2.3643098
2010-11-13 20:00:00,1.7131666666666665,1.7533333333333334,1.7593376422991338,2.2956474,2.3887691,1.8776293,2.1331992
2010-11-13 21:00:00,1.7058,1.1149,2.0864931712690824,1.4978826,2.0030334,1.6275038,1.8152685
2010-11-13 22:00:00,1.6986333333333334,0.3205333333333333,2.3519141865660966,1.4489888,1.6869345,1.4063919,1.5466632
2010-11-13 23:00:00,1.7436,0.6398666666666666,2.2854995089799384,1.0558472,1.5056659,1.2335391,1.3696024
2010-11-14 00:00:00,1.845,0.6910333333333334,2.135465572548136,1.1105093,1.1437508,1.0809115,1.1123312
2010-11-14 01:00:00,1.5677333333333332,0.8481,1.5536952976628748,1.2346814,0.83735114,0.99564,0.91649556
2010-11-14 02:00:00,1.001966666666667,0.3094,1.0135560329347142,1.106621,0.6329339,0.9179336,0.7754338
2010-11-14 03:00:00,0.5980666666666666,0.2839666666666666,0.6929686850900094,0.4770253,0.58256835,0.7638631,0.67321575
2010-11-14 04:00:00,0.3370666666666667,0.3494333333333334,0.6726000530268765,0.55017954,0.6063291,0.6448135,0.62557125
2010-11-14 05:00:00,0.3650333333333334,0.3711666666666666,0.6674297792377992,0.33402655,0.5986368,0.592659,0.59564793
2010-11-14 06:00:00,0.2871666666666667,0.5848,0.6620577552194471,0.52452594,0.65400165,0.67145276,0.66272724
2010-11-14 07:00:00,0.3058666666666667,2.1326,0.6755732086417446,0.7856489,1.2084752,0.96582144,1.0871483
2010-11-14 08:00:00,0.5280333333333334,1.496033333333333,0.814226086690616,0.86397856,1.227114,1.4039752,1.3155446
2010-11-14 09:00:00,1.1209333333333331,0.7291666666666666,1.0575970136096577,1.050191,1.5533621,1.6468711,1.6001166
2010-11-14 10:00:00,1.1384666666666667,0.4220333333333333,1.980505678426705,1.6415203,1.6787189,1.6932259,1.6859725
2010-11-14 11:00:00,1.027,1.1491,2.2408812571946,1.0786527,1.9911041,1.7368622,1.8639832
2010-11-14 12:00:00,1.3779666666666666,1.1453,2.0918484501773804,1.4524406,1.8493121,1.7842139,1.8167629
2010-11-14 13:00:00,1.2797666666666667,2.062,1.696747515315832,1.625446,1.588954,1.8304492,1.7097015
2010-11-14 14:00:00,1.4889666666666663,2.097933333333333,1.641282535065629,1.9269376,1.7248197,1.8773751,1.8010974
2010-11-14 15:00:00,4.1565666666666665,2.195966666666666,1.5989421232629812,1.5292603,1.8770957,1.9256952,1.9013954
2010-11-14 16:00:00,2.8365333333333336,3.2211333333333334,1.4955708240228218,2.7711911,1.6516743,2.0111823,1.8314283
2010-11-14 17:00:00,2.359366666666667,2.7615666666666665,1.4317969177233227,2.6775315,1.7941117,2.0642493,1.9291805
2010-11-14 18:00:00,2.384533333333333,1.7152999999999998,1.4818549164216737,3.1430445,2.3314068,2.0996644,2.2155356
2010-11-14 19:00:00,1.4889333333333332,2.292333333333333,1.4428801508426674,2.6029613,2.6775038,2.057545,2.3675244
2010-11-14 20:00:00,2.6314333333333333,1.7131666666666665,1.757257909204041,2.1513236,2.6550689,1.8775403,2.2663045
2010-11-14 21:00:00,2.5521666666666665,1.7058,2.0844134381739896,2.4741077,2.3131135,1.5816529,1.9473832
2010-11-14 22:00:00,0.9064666666666666,1.6986333333333334,2.349834453471004,1.1002781,1.5605689,1.2833447,1.4219568
2010-11-14 23:00:00,0.3881666666666666,1.7436,2.283419775884845,0.55285233,1.0098352,1.0646245,1.0372299
2010-11-15 00:00:00,0.2810333333333333,1.845,2.1333858394530427,0.4329575,0.48957926,0.9292141,0.7093967
2010-11-15 01:00:00,0.3460666666666666,1.5677333333333332,1.5516155645677816,0.37795597,0.4522908,0.52581954,0.48905516
2010-11-15 02:00:00,0.3284666666666667,1.001966666666667,1.011476299839621,0.33790752,0.4643458,0.55310875,0.5087273
2010-11-15 03:00:00,0.5818666666666666,0.5980666666666666,0.6908889519949162,0.3455931,0.44263157,0.52775306,0.4851923
2010-11-15 04:00:00,0.6005,0.3370666666666667,0.6705203199317835,0.4687032,0.41887954,0.43851495,0.42869723
2010-11-15 05:00:00,0.3533,0.3650333333333334,0.6653500461427062,0.50200444,0.41611063,0.36660755,0.3913591
2010-11-15 06:00:00,0.8714999999999999,0.2871666666666667,0.6599780221243543,0.8383596,0.84594035,0.60992384,0.7279321
2010-11-15 07:00:00,2.627533333333333,0.3058666666666667,0.6734934755466516,2.1632,1.7224252,1.3603058,1.5413655
2010-11-15 08:00:00,1.5821,0.5280333333333334,0.812146353595523,2.0337834,1.6568375,1.6817334,1.6692854
2010-11-15 09:00:00,1.3828,1.1209333333333331,1.0555172805145645,1.3622136,1.3901287,1.4638748,1.4270017
2010-11-15 10:00:00,1.3088666666666666,1.1384666666666667,1.9784259453316118,1.3147831,1.3478686,1.2776768,1.3127728
2010-11-15 11:00:00,1.3804,1.027,2.238801524099507,1.1138287,1.4605783,1.178743,1.3196607
2010-11-15 12:00:00,3.321066666666667,1.3779666666666666,2.089768717082287,1.1544293,1.2131728,1.1132436,1.1632082
2010-11-15 13:00:00,2.809266666666667,1.2797666666666667,1.6946677822207388,1.9351223,1.2325495,1.0537617,1.1431556
2010-11-15 14:00:00,0.4295333333333333,1.4889666666666663,1.639202801970536,1.5531086,1.0244998,0.9789474,1.0017235
2010-11-15 15:00:00,0.3873,4.1565666666666665,1.5968623901678882,0.6258837,1.0162809,0.89212584,0.95420337
2010-11-15 16:00:00,0.5152333333333333,2.8365333333333336,1.4934910909277288,0.4680918,0.9806143,0.8183285,0.8994714
2010-11-15 17:00:00,0.8739333333333333,2.359366666666667,1.4297171846282297,0.9282189,1.1636,0.9005191,1.0320596
2010-11-15 18:00:00,1.3073333333333332,2.384533333333333,1.4797751833265806,1.6357743,1.802349,1.2920796,1.5472143
2010-11-15 19:00:00,1.5779333333333334,1.4889333333333332,1.4408004177475744,2.1417456,2.2745256,1.9222541,2.0983899
2010-11-15 20:00:00,2.9928000000000003,2.6314333333333333,1.7551781761089478,2.3816571,2.3251352,2.2106228,2.267879
2010-11-15 21:00:00,1.5087666666666666,2.5521666666666665,2.0823337050788964,2.2479296,2.2733507,1.9298117,2.101581
2010-11-15 22:00:00,1.2497,0.9064666666666666,2.3477547203759106,1.3974776,1.4962642,1.2525021,1.3743832
2010-11-15 23:00:00,0.5057333333333334,0.3881666666666666,2.281340042789752,0.806614,0.83549714,0.67417884,0.754838
2010-11-16 00:00:00,0.3238,0.2810333333333333,2.13130610635795,0.4578108,0.5716647,0.45962507,0.5156449
2010-11-16 01:00:00,0.2922666666666667,0.3460666666666666,1.5495358314726886,0.3888261,0.5220829,0.33247364,0.42727828
2010-11-16 02:00:00,1.0268333333333333,0.3284666666666667,1.009396566744528,0.3066033,0.46586263,0.32065076,0.3932567
2010-11-16 03:00:00,0.3007333333333333,0.5818666666666666,0.6888092188998234,0.40919432,0.4771604,0.3068347,0.39199755
2010-11-16 04:00:00,0.2791333333333333,0.6005,0.6684405868366905,0.4026842,0.44766256,0.30900645,0.37833452
2010-11-16 05:00:00,0.3375666666666667,0.3533,0.6632703130476132,0.3812729,0.44459772,0.3899461,0.4172719
2010-11-16 06:00:00,1.2221666666666666,0.8714999999999999,0.6578982890292611,1.0249897,0.9877197,0.9362649,0.96199226
2010-11-16 07:00:00,2.455233333333333,2.627533333333333,0.6714137424515584,2.5363672,1.9830588,1.6447155,1.8138871
2010-11-16 08:00:00,1.6832333333333334,1.5821,0.8100666205004298,1.8434125,1.6126697,1.5702097,1.5914397
2010-11-16 09:00:00,1.5805,1.3828,1.0534375474194713,1.586659,1.6442678,1.3463767,1.4953222
2010-11-16 10:00:00,1.4629666666666667,1.3088666666666666,1.9763462122365185,1.5157762,1.4478053,1.2804178,1.3641115
2010-11-16 11:00:00,0.9056666666666668,1.3804,2.236721791004414,1.4369602,1.630296,1.2710664,1.4506812
2010-11-16 12:00:00,0.3705333333333333,3.321066666666667,2.087688983987194,0.507299,1.4657362,1.2723172,1.3690267
2010-11-16 13:00:00,0.3664666666666666,2.809266666666667,1.692588049125646,0.4492085,1.3752848,1.3645083,1.3698965
2010-11-16 14:00:00,0.2820333333333333,0.4295333333333333,1.637123068875443,0.49868935,1.169687,1.3763436,1.2730153
2010-11-16 15:00:00,0.3146,0.3873,1.5947826570727952,0.40287742,1.1489875,1.3138096,1.2313986
2010-11-16 16:00:00,0.5390999999999999,0.5152333333333333,1.4914113578326358,0.48198116,1.1331209,1.1358972,1.1345091
2010-11-16 17:00:00,1.4056,0.8739333333333333,1.4276374515331365,0.98855877,1.4329544,1.0531703,1.2430624
2010-11-16 18:00:00,2.062866666666667,1.3073333333333332,1.4776954502314874,2.3119075,2.0608811,1.3517246,1.7063029
2010-11-16 19:00:00,1.9874,1.5779333333333334,1.4387206846524812,2.2630117,2.3143477,2.0707517,2.1925497
2010-11-16 20:00:00,2.177233333333333,2.9928000000000003,1.7530984430138545,2.4223006,2.4529657,2.4437547,2.4483602
2010-11-16 21:00:00,2.530033333333334,1.5087666666666666,2.080253971983803,2.0854633,2.422194,2.084678,2.253436
2010-11-16 22:00:00,0.7507,1.2497,2.345674987280818,1.4381783,1.5871327,1.2190661,1.4030994
2010-11-16 23:00:00,0.5058,0.5057333333333334,2.279260309694659,0.5639361,0.9284513,0.6496011,0.7890262
2010-11-17 00:00:00,0.3677,0.3238,2.1292263732628567,0.47637576,0.52502996,0.4718809,0.49845544
2010-11-17 01:00:00,0.2940666666666666,0.2922666666666667,1.5474560983775956,0.32849824,0.4477626,0.35860872,0.40318567
2010-11-17 02:00:00,0.3284666666666666,1.0268333333333333,1.007316833649435,0.36666182,0.4814673,0.32334298,0.40240514
2010-11-17 03:00:00,0.3255333333333333,0.3007333333333333,0.6867294858047301,0.43032336,0.46619868,0.27776945,0.37198406
2010-11-17 04:00:00,0.5885,0.2791333333333333,0.6663608537415973,0.38645315,0.45567504,0.2501716,0.35292333
2010-11-17 05:00:00,0.7421666666666666,0.3375666666666667,0.66119057995252,0.63104504,0.44038647,0.40031332,0.4203499
2010-11-17 06:00:00,0.9257,1.2221666666666666,0.6558185559341678,0.9638488,0.97312677,1.0656195,1.0193732
2010-11-17 07:00:00,2.7571333333333334,2.455233333333333,0.6693340093564654,2.4180224,2.1921904,1.9119549,2.0520725
2010-11-17 08:00:00,1.4536666666666669,1.6832333333333334,0.8079868874053368,1.9513197,1.8953195,1.8245418,1.8599306
2010-11-17 09:00:00,1.3489333333333335,1.5805,1.0513578143243785,1.4103075,1.7133453,1.5049446,1.6091449
2010-11-17 10:00:00,1.3998333333333333,1.4629666666666667,1.9742664791414257,1.3402116,1.8199946,1.3558781,1.5879364
2010-11-17 11:00:00,1.4121,0.9056666666666668,2.234642057909321,1.4234865,1.6721272,1.2728837,1.4725055
2010-11-17 12:00:00,1.5148,0.3705333333333333,2.085609250892101,1.3149592,1.4562095,1.210318,1.3332638
2010-11-17 13:00:00,0.6901666666666666,0.3664666666666666,1.6905083160305527,1.5711802,1.4534327,1.1608516,1.3071421
2010-11-17 14:00:00,0.2803,0.2820333333333333,1.6350433357803498,1.0351633,1.2888826,1.1183727,1.2036276
2010-11-17 15:00:00,0.4599,0.3146,1.592702923977702,0.39127293,1.2604274,1.0788174,1.1696224
2010-11-17 16:00:00,0.8000666666666666,0.5390999999999999,1.4893316247375425,0.76105887,1.458851,1.0601429,1.2594969
2010-11-17 17:00:00,1.0461,1.4056,1.4255577184380432,1.1874955,1.4619278,1.1522745,1.3071011
2010-11-17 18:00:00,1.6297333333333337,2.062866666666667,1.4756157171363944,1.8863015,1.9976509,1.4637976,1.7307242
2010-11-17 19:00:00,2.3266666666666667,1.9874,1.4366409515573881,2.1105475,2.11059,2.0656877,2.0881388
2010-11-17 20:00:00,2.244666666666667,2.177233333333333,1.7510187099187617,2.4519355,2.142505,2.5237732,2.333139
2010-11-17 21:00:00,1.7382666666666668,2.530033333333334,2.0781742388887103,2.1621592,2.0260282,2.2974086,2.1617184
2010-11-17 22:00:00,1.0596,0.7507,2.3435952541857246,1.312963,1.3637685,1.5098987,1.4368336
2010-11-17 23:00:00,0.6331333333333333,0.5058,2.277180576599566,0.565587,1.0243239,0.79397416,0.90914905
2010-11-18 00:00:00,0.4418666666666667,0.3677,2.1271466401677634,0.54232144,0.57020247,0.61287844,0.59154046
2010-11-18 01:00:00,0.3906333333333333,0.2940666666666666,1.5453763652825023,0.44915915,0.47803405,0.6029438,0.5404889
2010-11-18 02:00:00,0.5135333333333334,0.3284666666666666,1.0052371005543417,0.47849202,0.49745682,0.62908494,0.56327087
2010-11-18 03:00:00,1.0192,0.3255333333333333,0.6846497527096369,0.65772736,0.4398825,0.6278151,0.5338488
2010-11-18 04:00:00,0.4596,0.5885,0.6642811206465042,0.41937515,0.44453186,0.640027,0.5422794
2010-11-18 05:00:00,0.3853333333333333,0.7421666666666666,0.6591108468574269,0.5111797,0.4511522,0.70955074,0.5803515
2010-11-18 06:00:00,0.9687,0.9257,0.653738822839075,1.1289304,1.0711951,1.0435845,1.0573897
2010-11-18 07:00:00,2.6866666666666665,2.7571333333333334,0.6672542762613723,1.9970964,1.5811425,1.7365832,1.6588628
2010-11-18 08:00:00,1.5315,1.4536666666666669,0.8059071543102437,1.8372638,1.5199867,1.8824954,1.701241
2010-11-18 09:00:00,1.3510666666666666,1.3489333333333335,1.0492780812292852,1.4143898,1.466556,1.5864625,1.5265093
2010-11-18 10:00:00,1.3487333333333331,1.3998333333333333,1.9721867460463325,1.3194656,1.6239139,1.36726,1.4955869
2010-11-18 11:00:00,1.3437666666666668,1.4121,2.2325623248142277,1.3150356,1.6440614,1.238156,1.4411087
2010-11-18 12:00:00,1.5858,1.5148,2.083529517797008,1.2444181,1.4525778,1.1577426,1.3051603
2010-11-18 13:00:00,0.9234666666666668,0.6901666666666666,1.6884285829354595,1.4430747,1.2497014,1.1125385,1.1811199
2010-11-18 14:00:00,0.4134666666666666,0.2803,1.6329636026852568,1.2874552,1.3629673,1.0753,1.2191336
2010-11-18 15:00:00,0.3256333333333333,0.4599,1.590623190882609,0.66390115,1.36849,1.0848484,1.2266692
2010-11-18 16:00:00,0.4652666666666666,0.8000666666666666,1.4872518916424495,0.6806562,1.4615102,1.1306797,1.2960949
2010-11-18 17:00:00,0.5778333333333333,1.0461,1.4234779853429504,1.0742234,1.7514957,1.3379958,1.5447457
2010-11-18 18:00:00,2.7284333333333333,1.6297333333333337,1.4735359840413014,1.2893085,1.9584571,1.7501117,1.8542844
2010-11-18 19:00:00,2.5739333333333336,2.3266666666666667,1.4345612184622951,2.4643517,2.2593625,2.281217,2.27029
2010-11-18 20:00:00,2.1646666666666667,2.244666666666667,1.7489389768236685,2.5485024,2.33667,2.4440496,2.3903599
2010-11-18 21:00:00,1.9349666666666667,1.7382666666666668,2.076094505793617,2.1139448,1.9277207,2.105744,2.0167322
2010-11-18 22:00:00,0.9224333333333334,1.0596,2.3415155210906313,1.2684414,1.2583537,1.4732629,1.3658082
2010-11-18 23:00:00,0.4793666666666666,0.6331333333333333,2.2751008435044726,0.5333505,0.86724013,0.9432511,0.9052456
2010-11-19 00:00:00,0.3419,0.4418666666666667,2.12506690707267,0.42738238,0.5476606,0.66951454,0.60858756
2010-11-19 01:00:00,0.2770666666666666,0.3906333333333333,1.5432966321874093,0.33654445,0.47167945,0.51492876,0.4933041
2010-11-19 02:00:00,0.9548666666666666,0.5135333333333334,1.0031573674592487,0.35473853,0.4826402,0.49090564,0.48677292
2010-11-19 03:00:00,0.3147,1.0192,0.6825700196145441,0.3833064,0.48844874,0.4173249,0.45288682
2010-11-19 04:00:00,0.3387333333333333,0.4596,0.6622013875514112,0.38442525,0.4726811,0.35881692,0.415749
2010-11-19 05:00:00,0.2649333333333333,0.3853333333333333,0.6570311137623339,0.3967424,0.4811271,0.42439985,0.4527635
2010-11-19 06:00:00,0.8500666666666666,0.9687,0.6516590897439818,0.9936897,0.95366055,0.84521914,0.8994398
2010-11-19 07:00:00,2.2033,2.6866666666666665,0.6651745431662791,2.443602,2.222084,1.657181,1.9396325
2010-11-19 08:00:00,1.4469666666666667,1.5315,0.8038274212151505,1.7687572,2.0441282,1.7172122,1.8806702
2010-11-19 09:00:00,1.3643666666666665,1.3510666666666666,1.047198348134192,1.4104437,1.6785846,1.5550828,1.6168337
2010-11-19 10:00:00,1.3499,1.3487333333333331,1.9701070129512392,1.3325857,1.7387522,1.5116693,1.6252108
2010-11-19 11:00:00,1.3954666666666666,1.3437666666666668,2.2304825917191344,1.2976172,1.6542873,1.5054181,1.5798527
2010-11-19 12:00:00,1.3907,1.5858,2.0814497847019147,1.3825711,1.6462954,1.4732659,1.5597806
2010-11-19 13:00:00,1.5944,0.9234666666666668,1.6863488498403667,1.3218142,1.3121115,1.3949213,1.3535163
2010-11-19 14:00:00,1.5211,0.4134666666666666,1.6308838695901637,1.5792825,1.3898063,1.3036921,1.3467492
2010-11-19 15:00:00,1.622866666666667,0.3256333333333333,1.588543457787516,1.5188535,1.5042573,1.1826658,1.3434615
2010-11-19 16:00:00,1.4697,0.4652666666666666,1.4851721585473565,1.4613594,1.3573142,1.1311101,1.2442122
2010-11-19 17:00:00,0.8242666666666667,0.5778333333333333,1.4213982522478572,1.8478916,1.565219,1.1651675,1.3651932
2010-11-19 18:00:00,1.0184666666666666,2.7284333333333333,1.4714562509462081,1.7619934,2.2193742,1.5671185,1.8932464
2010-11-19 19:00:00,1.2497666666666667,2.5739333333333336,1.4324814853672019,1.9829221,2.5049434,2.1879008,2.3464222
2010-11-19 20:00:00,1.665266666666667,2.1646666666666667,1.7468592437285753,1.8187052,2.345982,2.4655883,2.405785
2010-11-19 21:00:00,1.7783666666666669,1.9349666666666667,2.074014772698524,1.7307494,1.9517716,2.187715,2.0697434
2010-11-19 22:00:00,0.6019666666666666,0.9224333333333334,2.339435787995538,1.1636348,1.4084916,1.5529587,1.4807252
2010-11-19 23:00:00,0.3342,0.4793666666666666,2.27302111040938,0.6354329,1.0223415,1.0643072,1.0433244
2010-11-20 00:00:00,0.3169666666666667,0.3419,2.1229871739775774,0.31835008,0.65616286,0.81770515,0.736934
2010-11-20 01:00:00,0.2849,0.2770666666666666,1.5412168990923163,0.32329208,0.6155358,0.66223764,0.6388867
2010-11-20 02:00:00,0.3567,0.9548666666666666,1.0010776343641556,0.36184877,0.5990836,0.63145804,0.61527085
2010-11-20 03:00:00,0.3102666666666666,0.3147,0.6804902865194509,0.43306917,0.53690785,0.5862303,0.5615691
2010-11-20 04:00:00,0.3265333333333333,0.3387333333333333,0.660121654456318,0.31981495,0.5201573,0.56357527,0.5418663
2010-11-20 05:00:00,0.8852666666666666,0.2649333333333333,0.6549513806672407,0.37120023,0.5395373,0.5762009,0.5578691
2010-11-20 06:00:00,0.7865666666666667,0.8500666666666666,0.6495793566488886,0.5794361,0.8930461,0.6835638,0.7883049
2010-11-20 07:00:00,2.6342333333333334,2.2033,0.6630948100711861,1.8655794,2.0475843,1.0953721,1.5714781
2010-11-20 08:00:00,1.9728333333333337,1.4469666666666667,0.8017476881200575,1.9468948,1.6268889,1.5483686,1.5876287
2010-11-20 09:00:00,1.8750666666666664,1.3643666666666665,1.0451186150390992,2.043603,1.4553725,1.5597862,1.5075793
2010-11-20 10:00:00,1.2921333333333334,1.3499,1.9680272798561464,1.6216815,1.4804686,1.557966,1.5192173
2010-11-20 11:00:00,2.691133333333333,1.3954666666666666,2.2284028586240416,1.539701,1.7029132,1.6012955,1.6521044
2010-11-20 12:00:00,1.1306,1.3907,2.079370051606822,2.052621,1.6016833,1.6203841,1.6110337
2010-11-20 13:00:00,1.2979999999999998,1.5944,1.6842691167452735,2.2068095,1.7173226,1.5368237,1.6270732
2010-11-20 14:00:00,1.0514333333333332,1.5211,1.6288041364950705,1.6654207,1.828112,1.5464392,1.6872756
2010-11-20 15:00:00,1.2581666666666669,1.622866666666667,1.5864637246924227,1.3592921,1.801432,1.5709677,1.6861999
2010-11-20 16:00:00,1.5170333333333337,1.4697,1.4830924254522633,1.062673,1.7303191,1.6360755,1.6831973
2010-11-20 17:00:00,1.7953,0.8242666666666667,1.419318519152764,1.8037086,1.8067579,1.7904232,1.7985905
2010-11-20 18:00:00,5.626833333333334,1.0184666666666666,1.4693765178511151,2.0770285,2.175262,2.1330953,2.1541786
2010-11-20 19:00:00,3.2597,1.2497666666666667,1.4304017522721089,3.4640594,2.4596689,2.7647262,2.6121974
2010-11-20 20:00:00,2.1171333333333333,1.665266666666667,1.7447795106334825,3.219871,2.4491713,3.0595217,2.7543464
2010-11-20 21:00:00,1.7741,1.7783666666666669,2.071935039603431,2.0270083,2.3164515,2.7897997,2.5531256
2010-11-20 22:00:00,1.3264,0.6019666666666666,2.3373560549004453,1.8306551,1.7809093,2.0403926,1.910651
2010-11-20 23:00:00,0.7294666666666667,0.3342,2.2709413773142866,0.93351454,1.6429927,1.3332394,1.488116
2010-11-21 00:00:00,0.5199,0.3169666666666667,2.120907440882484,0.55798006,1.0336589,1.0365509,1.0351049
2010-11-21 01:00:00,0.2938,0.2849,1.539137165997223,0.49746102,0.8970533,0.96974844,0.93340087
2010-11-21 02:00:00,0.8968,0.3567,0.9989979012690624,0.3877475,0.79813445,0.931073,0.86460376
2010-11-21 03:00:00,0.3299,0.3102666666666666,0.6784105534243576,0.303142,0.7368235,0.8566039,0.7967137
2010-11-21 04:00:00,0.3445666666666666,0.3265333333333333,0.658041921361225,0.2902632,0.61219597,0.79224575,0.70222086
2010-11-21 05:00:00,0.2902666666666667,0.8852666666666666,0.6528716475721477,0.3181358,0.65976864,0.72381586,0.69179225
2010-11-21 06:00:00,0.3368666666666666,0.7865666666666667,0.6474996235537955,0.48079208,0.7637528,0.68774855,0.7257507
2010-11-21 07:00:00,2.0713,2.6342333333333334,0.6610150769760931,0.74069387,1.2378206,0.77060366,1.0042121
2010-11-21 08:00:00,1.4247,1.9728333333333337,0.7996679550249645,1.7493196,1.0922662,1.0513953,1.0718307
2010-11-21 09:00:00,1.2906333333333333,1.8750666666666664,1.043038881944006,1.3540783,1.4084951,1.3871783,1.3978367
2010-11-21 10:00:00,0.2680999999999999,1.2921333333333334,1.9659475467610532,1.1499727,1.6494048,1.5255263,1.5874655
2010-11-21 11:00:00,0.2991666666666666,2.691133333333333,2.2263231255289484,0.78468674,1.8539861,1.5695548,1.7117705
2010-11-21 12:00:00,0.3496333333333333,1.1306,2.0772903185117286,0.6997642,1.7170156,1.6271026,1.672059
2010-11-21 13:00:00,0.2768666666666667,1.2979999999999998,1.6821893836501802,0.75675976,1.8885336,1.6827282,1.785631
2010-11-21 14:00:00,0.2809666666666667,1.0514333333333332,1.6267244033999775,0.7598753,1.8722587,1.7188191,1.7955389
2010-11-21 15:00:00,0.2973333333333333,1.2581666666666669,1.5843839915973297,0.8318458,1.9751672,1.7940252,1.8845961
2010-11-21 16:00:00,0.3508333333333333,1.5170333333333337,1.4810126923571703,0.8726425,1.9562966,1.9022768,1.9292867
2010-11-21 17:00:00,0.7239333333333333,1.7953,1.4172387860576712,0.96840024,2.070893,2.1307538,2.1008234
2010-11-21 18:00:00,0.4511333333333333,5.626833333333334,1.467296784756022,1.3987709,2.3960104,2.5300388,2.4630246
2010-11-21 19:00:00,0.2954666666666667,3.2597,1.4283220191770158,1.3086505,2.583455,2.8803062,2.7318807
2010-11-21 20:00:00,0.6047666666666667,2.1171333333333333,1.7426997775383892,0.75955075,2.6018553,2.8188994,2.7103772
2010-11-21 21:00:00,1.2213,1.7741,2.069855306508338,1.3686979,2.5145953,2.3023002,2.4084477
2010-11-21 22:00:00,1.493766666666667,1.3264,2.335276321805352,1.2388377,1.5279535,1.5904095,1.5591815
2010-11-21 23:00:00,0.3031666666666667,0.7294666666666667,2.2688616442191933,0.83832896,0.95809186,1.1539602,1.056026
2010-11-22 00:00:00,0.3675,0.5199,2.118827707787391,0.36858088,0.5330771,0.9829761,0.7580266
2010-11-22 01:00:00,0.2798666666666667,0.2938,1.53705743290213,0.3730106,0.44686526,0.5687789,0.50782204
2010-11-22 02:00:00,0.2833666666666666,0.8968,0.9969181681739694,0.34848592,0.47861153,0.5699711,0.5242913
2010-11-22 03:00:00,0.2749333333333333,0.3299,0.6763308203292648,0.38146776,0.43824857,0.485767,0.4620078
2010-11-22 04:00:00,0.3682999999999999,0.3445666666666666,0.655962188266132,0.39794743,0.4704032,0.38075852,0.42558086
2010-11-22 05:00:00,0.2859,0.2902666666666667,0.6507919144770546,0.45827678,0.4617181,0.36615932,0.4139387
2010-11-22 06:00:00,0.9530333333333334,0.3368666666666666,0.6454198904587025,0.45618287,0.93108785,0.77915573,0.8551218
2010-11-22 07:00:00,2.137,2.0713,0.6589353438809998,2.1405482,2.1194127,1.6249425,1.8721776
2010-11-22 08:00:00,2.590233333333333,1.4247,0.7975882219298712,1.6853756,1.8895121,1.7494483,1.8194802
2010-11-22 09:00:00,1.4276000000000002,1.2906333333333333,1.0409591488489127,2.204619,1.692667,1.4973698,1.5950184
2010-11-22 10:00:00,3.105366666666667,0.2680999999999999,1.96386781366596,1.6106161,1.4828509,1.3239119,1.4033813
2010-11-22 11:00:00,2.6391333333333336,0.2991666666666666,2.2242433924338556,2.3589723,1.4126204,1.2288138,1.3207171
2010-11-22 12:00:00,1.8669333333333331,0.3496333333333333,2.0752105854166354,2.3940377,1.5490273,1.1467588,1.347893
2010-11-22 13:00:00,1.9867666666666668,0.2768666666666667,1.680109650555087,2.3224804,1.5350733,1.068447,1.3017602
2010-11-22 14:00:00,1.5176666666666667,0.2809666666666667,1.6246446703048845,1.8870853,0.97307676,1.0299464,1.0015116
2010-11-22 15:00:00,1.3865666666666667,0.2973333333333333,1.5823042585022367,1.7244347,0.9809109,0.98601377,0.98346233
2010-11-22 16:00:00,0.6926333333333333,0.3508333333333333,1.4789329592620772,1.3619703,1.1468413,1.0037354,1.0752883
2010-11-22 17:00:00,0.6457666666666667,0.7239333333333333,1.415159052962578,0.98360825,1.2685095,1.1199516,1.1942306
2010-11-22 18:00:00,3.1683000000000003,0.4511333333333333,1.4652170516609289,1.0987092,1.4839864,1.5141135,1.4990499
2010-11-22 19:00:00,2.5895,0.2954666666666667,1.4262422860819226,3.375071,1.7104615,2.1242108,1.9173362
2010-11-22 20:00:00,1.5825333333333331,0.6047666666666667,1.740620044443296,3.0506995,1.7236234,2.3458571,2.0347402
2010-11-22 21:00:00,2.3887,1.2213,2.0677755734132446,2.224549,1.883633,2.0114977,1.9475653
2010-11-22 22:00:00,1.1652,1.493766666666667,2.3331965887102593,1.2217039,1.5648464,1.448579,1.5067127
2010-11-22 23:00:00,0.3228,0.3031666666666667,2.2667819111241005,0.39684892,0.8699038,0.98098314,0.9254435
2010-11-23 00:00:00,0.3651666666666667,0.3675,2.116747974692298,0.38580608,0.5472785,0.7281387,0.6377086
2010-11-23 01:00:00,0.2924333333333333,0.2798666666666667,1.534977699807037,0.3383771,0.5001262,0.6240003,0.5620632
2010-11-23 02:00:00,0.2823666666666666,0.2833666666666666,0.9948384350788764,0.35110763,0.48866457,0.6010138,0.54483914
2010-11-23 03:00:00,0.2744999999999999,0.2749333333333333,0.6742510872341716,0.3643101,0.47617996,0.5792849,0.52773243
2010-11-23 04:00:00,0.3601666666666666,0.3682999999999999,0.6538824551710387,0.35960695,0.45239633,0.5908745,0.5216354
2010-11-23 05:00:00,0.2802,0.2859,0.6487121813819614,0.39397955,0.44768524,0.6875881,0.56763667
2010-11-23 06:00:00,0.6357333333333333,0.9530333333333334,0.6433401573636093,1.0408443,0.9802003,1.0224802,1.0013403
2010-11-23 07:00:00,2.5486,2.137,0.6568556107859066,2.1884363,1.9297695,1.7463672,1.8380684
2010-11-23 08:00:00,1.7040666666666666,2.590233333333333,0.7955084888347782,1.8833494,1.7763158,1.953454,1.8648849
2010-11-23 09:00:00,1.4006333333333332,1.4276000000000002,1.03887941575382,1.5279131,1.5610586,1.7412187,1.6511387
2010-11-23 10:00:00,1.57,3.105366666666667,1.9617880805708672,1.1193112,1.3414876,1.6592591,1.5003734
2010-11-23 11:00:00,1.7039666666666666,2.6391333333333336,2.2221636593387624,1.4580692,1.350911,1.6408255,1.4958682
2010-11-23 12:00:00,1.0491666666666668,1.8669333333333331,2.0731308523215426,1.5387849,1.2228074,1.6274848,1.4251461
2010-11-23 13:00:00,0.8319,1.9867666666666668,1.6780299174599942,1.5414355,1.2307304,1.6098739,1.4203022
2010-11-23 14:00:00,1.5486333333333333,1.5176666666666667,1.6225649372097912,0.7981907,1.1715401,1.5641786,1.3678594
2010-11-23 15:00:00,0.4,1.3865666666666667,1.5802245254071434,0.8686955,1.1510787,1.5065197,1.3287992
2010-11-23 16:00:00,0.5092666666666666,0.6926333333333333,1.476853226166984,0.6195862,1.1185201,1.4679446,1.2932324
2010-11-23 17:00:00,0.9787333333333332,0.6457666666666667,1.4130793198674847,0.9326177,1.3638252,1.5599073,1.4618663
2010-11-23 18:00:00,1.8401,3.1683000000000003,1.4631373185658358,1.9576277,1.939204,1.8776383,1.9084212
2010-11-23 19:00:00,2.221233333333333,2.5895,1.4241625529868296,3.0227516,2.024809,2.3745184,2.1996636
2010-11-23 20:00:00,2.6366666666666663,1.5825333333333331,1.7385403113482032,2.672293,2.0753927,2.5226717,2.2990322
2010-11-23 21:00:00,1.4262333333333332,2.3887,2.065695840318152,2.1900132,2.279696,2.1356547,2.2076755
2010-11-23 22:00:00,0.8328000000000001,1.1652,2.331116855615166,1.3497013,1.4824654,1.3203344,1.4013999
2010-11-23 23:00:00,0.5997,0.3228,2.2647021780290073,0.51363885,0.88224417,0.66304964,0.7726469
2010-11-24 00:00:00,0.3583666666666666,0.3651666666666667,2.114668241597205,0.55303323,0.50412923,0.44404286,0.47408605
2010-11-24 01:00:00,0.2653,0.2924333333333333,1.5328979667119438,0.36270583,0.46346888,0.34293228,0.40320057
2010-11-24 02:00:00,0.5021,0.2823666666666666,0.9927587019837831,0.3765351,0.4467735,0.348513,0.39764327
2010-11-24 03:00:00,0.7512333333333333,0.2744999999999999,0.6721713541390784,0.53741896,0.44859374,0.32507914,0.38683644
2010-11-24 04:00:00,0.3203,0.3601666666666666,0.6518027220759457,0.3693202,0.44818652,0.3164891,0.3823378
2010-11-24 05:00:00,0.2844,0.2802,0.6466324482868684,0.44468394,0.44949245,0.46573222,0.45761234
2010-11-24 06:00:00,0.8289666666666666,0.6357333333333333,0.6412604242685163,0.93652403,0.92631954,1.1618546,1.044087
2010-11-24 07:00:00,2.8502333333333336,2.5486,0.6547758776908138,2.3193266,2.1466522,1.9418011,2.0442266
2010-11-24 08:00:00,1.5541666666666667,1.7040666666666666,0.7934287557396852,2.105689,1.8452594,1.7271676,1.7862135
2010-11-24 09:00:00,1.3640333333333332,1.4006333333333332,1.0367996826587267,1.6813655,1.6317583,1.4549472,1.5433528
2010-11-24 10:00:00,1.3725999999999998,1.57,1.959708347475774,1.2826567,1.6027715,1.3698919,1.4863317
2010-11-24 11:00:00,1.3923666666666668,1.7039666666666666,2.220083926243669,1.3211406,1.5708244,1.342396,1.4566102
2010-11-24 12:00:00,1.5837666666666663,1.0491666666666668,2.0710511192264494,1.3195316,1.5042051,1.301341,1.4027731
2010-11-24 13:00:00,1.9610333333333336,0.8319,1.675950184364901,1.3807342,1.2315794,1.2322215,1.2319005
2010-11-24 14:00:00,2.0177666666666667,1.5486333333333333,1.620485204114698,1.5387017,1.1614299,1.1371047,1.1492673
2010-11-24 15:00:00,1.502033333333333,0.4,1.5781447923120504,1.6139642,1.036545,1.014297,1.025421
2010-11-24 16:00:00,0.8740666666666667,0.5092666666666666,1.474773493071891,1.3534207,1.0764344,0.9561191,1.0162767
2010-11-24 17:00:00,1.9389333333333336,0.9787333333333332,1.410999586772392,1.3852966,1.271595,1.0583503,1.1649727
2010-11-24 18:00:00,2.0611333333333333,1.8401,1.4610575854707428,1.783111,1.9278195,1.4891241,1.7084718
2010-11-24 19:00:00,1.4982333333333335,2.221233333333333,1.4220828198917366,2.377141,2.397459,2.2109652,2.304212
2010-11-24 20:00:00,2.3128666666666664,2.6366666666666663,1.73646057825311,2.5070696,2.4609306,2.4504893,2.45571
2010-11-24 21:00:00,1.568366666666667,1.4262333333333332,2.0636161072230585,1.9600253,2.1379576,1.9567022,2.04733
2010-11-24 22:00:00,0.4221,0.8328000000000001,2.3290371225200728,0.93426627,1.5080994,1.054871,1.2814852
2010-11-24 23:00:00,0.3531,0.5997,2.262622444933914,0.5770861,0.9374984,0.53571707,0.73660773
2010-11-25 00:00:00,0.3034666666666667,0.3583666666666666,2.1125885085021117,0.3360264,0.54010785,0.45268512,0.49639648
2010-11-25 01:00:00,0.2896666666666666,0.2653,1.5308182336168508,0.37352934,0.47090468,0.43516046,0.45303255
2010-11-25 02:00:00,0.2663666666666666,0.5021,0.9906789688886901,0.34139255,0.4838622,0.46238732,0.47312474
2010-11-25 03:00:00,0.3357333333333333,0.7512333333333333,0.6700916210439856,0.36906928,0.5104678,0.4694963,0.48998207
2010-11-25 04:00:00,0.3770666666666666,0.3203,0.6497229889808527,0.35780033,0.46348423,0.48509812,0.47429118
2010-11-25 05:00:00,0.8805333333333334,0.2844,0.6445527151917754,0.46282634,0.4616221,0.5744079,0.51801497
2010-11-25 06:00:00,0.9632,0.8289666666666666,0.6391806911734232,0.93046194,0.941609,0.9667162,0.9541626
2010-11-25 07:00:00,2.627133333333333,2.8502333333333336,0.6526961445957206,2.3687887,2.2135189,1.8074727,2.0104957
2010-11-25 08:00:00,1.6294,1.5541666666666667,0.791349022644592,1.7839491,1.8042883,1.9831529,1.8937206
2010-11-25 09:00:00,1.2577,1.3640333333333332,1.0347199495636334,1.7461427,1.5939072,1.6125135,1.6032104
2010-11-25 10:00:00,0.6454666666666667,1.3725999999999998,1.9576286143806807,1.3353163,1.6220961,1.3574516,1.4897738
2010-11-25 11:00:00,1.028066666666667,1.3923666666666668,2.218004193148576,1.0125451,1.5846082,1.2357147,1.4101615
2010-11-25 12:00:00,0.4997333333333333,1.5837666666666663,2.068971386131356,0.84229046,1.523417,1.1695746,1.3464959
2010-11-25 13:00:00,0.3562333333333333,1.9610333333333336,1.6738704512698077,0.7542811,1.154603,1.1237409,1.139172
2010-11-25 14:00:00,0.3006666666666666,2.0177666666666667,1.6184054710196052,0.5166502,1.1493783,1.0811353,1.1152568
2010-11-25 15:00:00,0.333,1.502033333333333,1.5760650592169574,0.3890297,0.9881673,1.0802286,1.0341979
2010-11-25 16:00:00,0.5418000000000001,0.8740666666666667,1.472693759976798,0.3986184,0.9097758,1.0910662,1.000421
2010-11-25 17:00:00,1.4801,1.9389333333333336,1.4089198536772987,0.8874787,1.1354582,1.3112514,1.2233548
2010-11-25 18:00:00,2.2116,2.0611333333333333,1.4589778523756496,2.3337708,2.2004573,1.791544,1.9960006
2010-11-25 19:00:00,2.3304666666666667,1.4982333333333335,1.4200030867966433,2.5003822,2.3820333,2.3518062,2.3669198
2010-11-25 20:00:00,1.6478333333333337,2.3128666666666664,1.7343808451580167,2.2386117,2.4944634,2.4586043,2.476534
2010-11-25 21:00:00,1.342933333333333,1.568366666666667,2.0615363741279653,2.0929837,2.125015,2.0285344,2.0767746
2010-11-25 22:00:00,1.2475666666666667,0.4221,2.3269573894249795,1.2056605,1.2023981,1.3920761,1.2972372
2010-11-25 23:00:00,0.957,0.3531,2.2605427118388213,0.5954113,0.8744735,0.8566952,0.8655844
2010-11-26 00:00:00,0.2943,0.3034666666666667,2.110508775407019,0.4372181,0.49304312,0.5503554,0.52169925
2010-11-26 01:00:00,0.2809999999999999,0.2896666666666666,1.5287385005217577,0.30903366,0.45682445,0.4459831,0.4514038
2010-11-26 02:00:00,0.2734333333333333,0.2663666666666666,0.9885992357935971,0.3606018,0.49958733,0.4089995,0.45429343
2010-11-26 03:00:00,0.2983666666666666,0.3357333333333333,0.6680118879488923,0.3693149,0.4957785,0.32878858,0.41228354
2010-11-26 04:00:00,0.3140333333333333,0.3770666666666666,0.6476432558857594,0.33886278,0.46435377,0.2896319,0.37699282
2010-11-26 05:00:00,0.2825666666666667,0.8805333333333334,0.6424729820966821,0.40698513,0.49176258,0.41931057,0.45553657
2010-11-26 06:00:00,1.0087666666666668,0.9632,0.63710095807833,0.9684967,0.94811743,0.92402303,0.9360702
2010-11-26 07:00:00,2.8839333333333332,2.627133333333333,0.6506164115006273,2.3723013,2.143595,1.8008835,1.9722393
2010-11-26 08:00:00,1.9993,1.6294,0.7892692895494989,2.3322117,1.6808034,1.98422,1.8325117
2010-11-26 09:00:00,1.8499666666666668,1.2577,1.0326402164685407,1.4764899,1.607139,1.74774,1.6774395
2010-11-26 10:00:00,1.352766666666667,0.6454666666666667,1.955548881285588,1.5103208,1.5946274,1.678227,1.6364272
2010-11-26 11:00:00,1.3389,1.028066666666667,2.215924460053483,1.2722155,1.5888613,1.6890887,1.638975
2010-11-26 12:00:00,1.4902000000000002,0.4997333333333333,2.0668916530362633,1.1655802,1.4801897,1.6351846,1.5576872
2010-11-26 13:00:00,1.612933333333333,0.3562333333333333,1.671790718174715,1.4053924,1.5099645,1.4906335,1.500299
2010-11-26 14:00:00,1.4077666666666668,0.3006666666666666,1.616325737924512,1.5665128,1.4421813,1.3428862,1.3925338
2010-11-26 15:00:00,0.8764333333333333,0.333,1.5739853261218641,1.3184131,1.4493375,1.2832588,1.3662982
2010-11-26 16:00:00,1.0679333333333332,0.5418000000000001,1.4706140268817047,0.75384825,1.3957196,1.3063774,1.3510485
2010-11-26 17:00:00,1.7259,1.4801,1.4068401205822054,1.4465008,1.2289901,1.5448469,1.3869185
2010-11-26 18:00:00,1.5734666666666668,2.2116,1.4568981192805566,1.7127545,1.6961691,1.9855845,1.8408768
2010-11-26 19:00:00,1.659333333333333,2.3304666666666667,1.4179233537015503,2.067594,2.0740757,2.307569,2.1908224
2010-11-26 20:00:00,1.1637,1.6478333333333337,1.732301112062924,2.0850923,2.2096324,2.0584176,2.134025
2010-11-26 21:00:00,0.9346666666666668,1.342933333333333,2.0594566410328725,1.592931,2.1134377,1.5163436,1.8148906
